YEAR,IMAGE_NAME,SOURCE_IMAGE,IMAGE_PATH,LABEL_PATH,EMPTY,MILCO,NOMBO,TOTAL_OBJECTS
2010,2010_0001_2010.jpg,/Users/captmj/Downloads/New_Dataset/2010/0001_2010.jpg,/Users/captmj/Downloads/New_Dataset/milco_dataset/images/2010/2010_0001_2010.jpg,/Users/captmj/Downloads/New_Dataset/milco_dataset/labels/2010/2010_0001_2010.txt,1,0,0,0
2010,2010_0002_2010.jpg,/Users/captmj/Downloads/New_Dataset/2010/0002_2010.jpg,/Users/captmj/Downloads/New_Dataset/milco_dataset/images/2010/2010_0002_2010.jpg,/Users/captmj/Downloads/New_Dataset/milco_dataset/labels/2010/2010_0002_2010.txt,1,0,0,0
2010,2010_0003_2010.jpg,/Users/captmj/Downloads/New_Dataset/2010/0003_2010.jpg,/Users/captmj/Downloads/New_Dataset/milco_dataset/images/2010/2010_0003_2010.jpg,/Users/captmj/Downloads/New_Dataset/milco_dataset/labels/2010/2010_0003_2010.txt,1,0,0,0
2010,2010_0004_2010.jpg,/Users/captmj/Downloads/New_Dataset/2010/0004_2010.jpg,/Users/captmj/Downloads/New_Dataset/milco_dataset/images/2010/2010_0004_2010.jpg,/Users/captmj/Downloads/New_Dataset/milco_dataset/labels/2010/2010_0004_2010.txt,1,0,0,0
2010,2010_0005_2010.jpg,/Users/captmj/Downloads/New_Dataset/2010/0005_2010.jpg,/Users/captmj/Downloads/New_Dataset/milco_dataset/images/2010/2010_0005_2010.jpg,/Users/captmj/Downloads/New_Dataset/milco_dataset/labels/2010/2010_0005_2010.txt,1,0,0,0
2010,2010_0006_2010.jpg,/Users/captmj/Downloads/New_Dataset/2010/0006_2010.jpg,/Users/captmj/Downloads/New_Dataset/milco_dataset/images/2010/2010_0006_2010.jpg,/Users/captmj/Downloads/New_Dataset/milco_dataset/labels/2010/2010_0006_2010.txt,1,0,0,0
2010,2010_0007_2010.jpg,/Users/captmj/Downloads/New_Dataset/2010/0007_2010.jpg,/Users/captmj/Downloads/New_Dataset/milco_dataset/images/2010/2010_0007_2010.jpg,/Users/captmj/Downloads/New_Dataset/milco_dataset/labels/2010/2010_0007_2010.txt,1,0,0,0
2010,2010_0008_2010.jpg,/Users/captmj/Downloads/New_Dataset/2010/0008_2010.jpg,/Users/captmj/Downloads/New_Dataset/milco_dataset/images/2010/2010_0008_2010.jpg,/Users/captmj/Downloads/New_Dataset/milco_dataset/labels/2010/2010_0008_2010.txt,1,0,0,0
2010,2010_0009_2010.jpg,/Users/captmj/Downloads/New_Dataset/2010/0009_2010.jpg,/Users/captmj/Downloads/New_Dataset/milco_dataset/images/2010/2010_0009_2010.jpg,/Users/captmj/Downloads/New_Dataset/milco_dataset/labels/2010/2010_0009_2010.txt,1,0,0,0
2010,2010_0010_2010.jpg,/Users/captmj/Downloads/New_Dataset/2010/0010_2010.jpg,/Users/captmj/Downloads/New_Dataset/milco_dataset/images/2010/2010_0010_2010.jpg,/Users/captmj/Downloads/New_Dataset/milco_dataset/labels/2010/2010_0010_2010.txt,1,0,0,0
2010,2010_0011_2010.jpg,/Users/captmj/Downloads/New_Dataset/2010/0011_2010.jpg,/Users/captmj/Downloads/New_Dataset/milco_dataset/images/2010/2010_0011_2010.jpg,/Users/captmj/Downloads/New_Dataset/milco_dataset/labels/2010/2010_0011_2010.txt,1,0,0,0
2010,2010_0012_2010.jpg,/Users/captmj/Downloads/New_Dataset/2010/0012_2010.jpg,/Users/captmj/Downloads/New_Dataset/milco_dataset/images/2010/2010_0012_2010.jpg,/Users/captmj/Downloads/New_Dataset/milco_dataset/labels/2010/2010_0012_2010.txt,1,0,0,0
2010,2010_0013_2010.jpg,/Users/captmj/Downloads/New_Dataset/2010/0013_2010.jpg,/Users/captmj/Downloads/New_Dataset/milco_dataset/images/2010/2010_0013_2010.jpg,/Users/captmj/Downloads/New_Dataset/milco_dataset/labels/2010/2010_0013_2010.txt,1,0,0,0
2010,2010_0014_2010.jpg,/Users/captmj/Downloads/New_Dataset/2010/0014_2010.jpg,/Users/captmj/Downloads/New_Dataset/milco_dataset/images/2010/2010_0014_2010.jpg,/Users/captmj/Downloads/New_Dataset/milco_dataset/labels/2010/2010_0014_2010.txt,1,0,0,0
2010,2010_0015_2010.jpg,/Users/captmj/Downloads/New_Dataset/2010/0015_2010.jpg,/Users/captmj/Downloads/New_Dataset/milco_dataset/images/2010/2010_0015_2010.jpg,/Users/captmj/Downloads/New_Dataset/milco_dataset/labels/2010/2010_0015_2010.txt,1,0,0,0
2010,2010_0016_2010.jpg,/Users/captmj/Downloads/New_Dataset/2010/0016_2010.jpg,/Users/captmj/Downloads/New_Dataset/milco_dataset/images/2010/2010_0016_2010.jpg,/Users/captmj/Downloads/New_Dataset/milco_dataset/labels/2010/2010_0016_2010.txt,1,0,0,0
2010,2010_0017_2010.jpg,/Users/captmj/Downloads/New_Dataset/2010/0017_2010.jpg,/Users/captmj/Downloads/New_Dataset/milco_dataset/images/2010/2010_0017_2010.jpg,/Users/captmj/Downloads/New_Dataset/milco_dataset/labels/2010/2010_0017_2010.txt,1,0,0,0
2010,2010_0018_2010.jpg,/Users/captmj/Downloads/New_Dataset/2010/0018_2010.jpg,/Users/captmj/Downloads/New_Dataset/milco_dataset/images/2010/2010_0018_2010.jpg,/Users/captmj/Downloads/New_Dataset/milco_dataset/labels/2010/2010_0018_2010.txt,1,0,0,0
2010,2010_0019_2010.jpg,/Users/captmj/Downloads/New_Dataset/2010/0019_2010.jpg,/Users/captmj/Downloads/New_Dataset/milco_dataset/images/2010/2010_0019_2010.jpg,/Users/captmj/Downloads/New_Dataset/milco_dataset/labels/2010/2010_0019_2010.txt,1,0,0,0
2010,2010_0020_2010.jpg,/Users/captmj/Downloads/New_Dataset/2010/0020_2010.jpg,/Users/captmj/Downloads/New_Dataset/milco_dataset/images/2010/2010_0020_2010.jpg,/Users/captmj/Downloads/New_Dataset/milco_dataset/labels/2010/2010_0020_2010.txt,1,0,0,0
2010,2010_0021_2010.jpg,/Users/captmj/Downloads/New_Dataset/2010/0021_2010.jpg,/Users/captmj/Downloads/New_Dataset/milco_dataset/images/2010/2010_0021_2010.jpg,/Users/captmj/Downloads/New_Dataset/milco_dataset/labels/2010/2010_0021_2010.txt,1,0,0,0
2010,2010_0022_2010.jpg,/Users/captmj/Downloads/New_Dataset/2010/0022_2010.jpg,/Users/captmj/Downloads/New_Dataset/milco_dataset/images/2010/2010_0022_2010.jpg,/Users/captmj/Downloads/New_Dataset/milco_dataset/labels/2010/2010_0022_2010.txt,1,0,0,0
2010,2010_0023_2010.jpg,/Users/captmj/Downloads/New_Dataset/2010/0023_2010.jpg,/Users/captmj/Downloads/New_Dataset/milco_dataset/images/2010/2010_0023_2010.jpg,/Users/captmj/Downloads/New_Dataset/milco_dataset/labels/2010/2010_0023_2010.txt,1,0,0,0
2010,2010_0024_2010.jpg,/Users/captmj/Downloads/New_Dataset/2010/0024_2010.jpg,/Users/captmj/Downloads/New_Dataset/milco_dataset/images/2010/2010_0024_2010.jpg,/Users/captmj/Downloads/New_Dataset/milco_dataset/labels/2010/2010_0024_2010.txt,1,0,0,0
2010,2010_0025_2010.jpg,/Users/captmj/Downloads/New_Dataset/2010/0025_2010.jpg,/Users/captmj/Downloads/New_Dataset/milco_dataset/images/2010/2010_0025_2010.jpg,/Users/captmj/Downloads/New_Dataset/milco_dataset/labels/2010/2010_0025_2010.txt,1,0,0,0
2010,2010_0026_2010.jpg,/Users/captmj/Downloads/New_Dataset/2010/0026_2010.jpg,/Users/captmj/Downloads/New_Dataset/milco_dataset/images/2010/2010_0026_2010.jpg,/Users/captmj/Downloads/New_Dataset/milco_dataset/labels/2010/2010_0026_2010.txt,1,0,0,0
2010,2010_0027_2010.jpg,/Users/captmj/Downloads/New_Dataset/2010/0027_2010.jpg,/Users/captmj/Downloads/New_Dataset/milco_dataset/images/2010/2010_0027_2010.jpg,/Users/captmj/Downloads/New_Dataset/milco_dataset/labels/2010/2010_0027_2010.txt,1,0,0,0
2010,2010_0028_2010.jpg,/Users/captmj/Downloads/New_Dataset/2010/0028_2010.jpg,/Users/captmj/Downloads/New_Dataset/milco_dataset/images/2010/2010_0028_2010.jpg,/Users/captmj/Downloads/New_Dataset/milco_dataset/labels/2010/2010_0028_2010.txt,1,0,0,0
2010,2010_0029_2010.jpg,/Users/captmj/Downloads/New_Dataset/2010/0029_2010.jpg,/Users/captmj/Downloads/New_Dataset/milco_dataset/images/2010/2010_0029_2010.jpg,/Users/captmj/Downloads/New_Dataset/milco_dataset/labels/2010/2010_0029_2010.txt,1,0,0,0
2010,2010_0030_2010.jpg,/Users/captmj/Downloads/New_Dataset/2010/0030_2010.jpg,/Users/captmj/Downloads/New_Dataset/milco_dataset/images/2010/2010_0030_2010.jpg,/Users/captmj/Downloads/New_Dataset/milco_dataset/labels/2010/2010_0030_2010.txt,1,0,0,0
2010,2010_0031_2010.jpg,/Users/captmj/Downloads/New_Dataset/2010/0031_2010.jpg,/Users/captmj/Downloads/New_Dataset/milco_dataset/images/2010/2010_0031_2010.jpg,/Users/captmj/Downloads/New_Dataset/milco_dataset/labels/2010/2010_0031_2010.txt,1,0,0,0
2010,2010_0032_2010.jpg,/Users/captmj/Downloads/New_Dataset/2010/0032_2010.jpg,/Users/captmj/Downloads/New_Dataset/milco_dataset/images/2010/2010_0032_2010.jpg,/Users/captmj/Downloads/New_Dataset/milco_dataset/labels/2010/2010_0032_2010.txt,1,0,0,0
2010,2010_0033_2010.jpg,/Users/captmj/Downloads/New_Dataset/2010/0033_2010.jpg,/Users/captmj/Downloads/New_Dataset/milco_dataset/images/2010/2010_0033_2010.jpg,/Users/captmj/Downloads/New_Dataset/milco_dataset/labels/2010/2010_0033_2010.txt,1,0,0,0
2010,2010_0034_2010.jpg,/Users/captmj/Downloads/New_Dataset/2010/0034_2010.jpg,/Users/captmj/Downloads/New_Dataset/milco_dataset/images/2010/2010_0034_2010.jpg,/Users/captmj/Downloads/New_Dataset/milco_dataset/labels/2010/2010_0034_2010.txt,1,0,0,0
2010,2010_0035_2010.jpg,/Users/captmj/Downloads/New_Dataset/2010/0035_2010.jpg,/Users/captmj/Downloads/New_Dataset/milco_dataset/images/2010/2010_0035_2010.jpg,/Users/captmj/Downloads/New_Dataset/milco_dataset/labels/2010/2010_0035_2010.txt,1,0,0,0
2010,2010_0036_2010.jpg,/Users/captmj/Downloads/New_Dataset/2010/0036_2010.jpg,/Users/captmj/Downloads/New_Dataset/milco_dataset/images/2010/2010_0036_2010.jpg,/Users/captmj/Downloads/New_Dataset/milco_dataset/labels/2010/2010_0036_2010.txt,1,0,0,0
2010,2010_0037_2010.jpg,/Users/captmj/Downloads/New_Dataset/2010/0037_2010.jpg,/Users/captmj/Downloads/New_Dataset/milco_dataset/images/2010/2010_0037_2010.jpg,/Users/captmj/Downloads/New_Dataset/milco_dataset/labels/2010/2010_0037_2010.txt,1,0,0,0
2010,2010_0038_2010.jpg,/Users/captmj/Downloads/New_Dataset/2010/0038_2010.jpg,/Users/captmj/Downloads/New_Dataset/milco_dataset/images/2010/2010_0038_2010.jpg,/Users/captmj/Downloads/New_Dataset/milco_dataset/labels/2010/2010_0038_2010.txt,1,0,0,0
2010,2010_0039_2010.jpg,/Users/captmj/Downloads/New_Dataset/2010/0039_2010.jpg,/Users/captmj/Downloads/New_Dataset/milco_dataset/images/2010/2010_0039_2010.jpg,/Users/captmj/Downloads/New_Dataset/milco_dataset/labels/2010/2010_0039_2010.txt,1,0,0,0
2010,2010_0040_2010.jpg,/Users/captmj/Downloads/New_Dataset/2010/0040_2010.jpg,/Users/captmj/Downloads/New_Dataset/milco_dataset/images/2010/2010_0040_2010.jpg,/Users/captmj/Downloads/New_Dataset/milco_dataset/labels/2010/2010_0040_2010.txt,1,0,0,0
2010,2010_0041_2010.jpg,/Users/captmj/Downloads/New_Dataset/2010/0041_2010.jpg,/Users/captmj/Downloads/New_Dataset/milco_dataset/images/2010/2010_0041_2010.jpg,/Users/captmj/Downloads/New_Dataset/milco_dataset/labels/2010/2010_0041_2010.txt,1,0,0,0
2010,2010_0042_2010.jpg,/Users/captmj/Downloads/New_Dataset/2010/0042_2010.jpg,/Users/captmj/Downloads/New_Dataset/milco_dataset/images/2010/2010_0042_2010.jpg,/Users/captmj/Downloads/New_Dataset/milco_dataset/labels/2010/2010_0042_2010.txt,1,0,0,0
2010,2010_0043_2010.jpg,/Users/captmj/Downloads/New_Dataset/2010/0043_2010.jpg,/Users/captmj/Downloads/New_Dataset/milco_dataset/images/2010/2010_0043_2010.jpg,/Users/captmj/Downloads/New_Dataset/milco_dataset/labels/2010/2010_0043_2010.txt,1,0,0,0
2010,2010_0044_2010.jpg,/Users/captmj/Downloads/New_Dataset/2010/0044_2010.jpg,/Users/captmj/Downloads/New_Dataset/milco_dataset/images/2010/2010_0044_2010.jpg,/Users/captmj/Downloads/New_Dataset/milco_dataset/labels/2010/2010_0044_2010.txt,1,0,0,0
2010,2010_0045_2010.jpg,/Users/captmj/Downloads/New_Dataset/2010/0045_2010.jpg,/Users/captmj/Downloads/New_Dataset/milco_dataset/images/2010/2010_0045_2010.jpg,/Users/captmj/Downloads/New_Dataset/milco_dataset/labels/2010/2010_0045_2010.txt,1,0,0,0
2010,2010_0046_2010.jpg,/Users/captmj/Downloads/New_Dataset/2010/0046_2010.jpg,/Users/captmj/Downloads/New_Dataset/milco_dataset/images/2010/2010_0046_2010.jpg,/Users/captmj/Downloads/New_Dataset/milco_dataset/labels/2010/2010_0046_2010.txt,1,0,0,0
2010,2010_0047_2010.jpg,/Users/captmj/Downloads/New_Dataset/2010/0047_2010.jpg,/Users/captmj/Downloads/New_Dataset/milco_dataset/images/2010/2010_0047_2010.jpg,/Users/captmj/Downloads/New_Dataset/milco_dataset/labels/2010/2010_0047_2010.txt,1,0,0,0
2010,2010_0048_2010.jpg,/Users/captmj/Downloads/New_Dataset/2010/0048_2010.jpg,/Users/captmj/Downloads/New_Dataset/milco_dataset/images/2010/2010_0048_2010.jpg,/Users/captmj/Downloads/New_Dataset/milco_dataset/labels/2010/2010_0048_2010.txt,1,0,0,0
2010,2010_0049_2010.jpg,/Users/captmj/Downloads/New_Dataset/2010/0049_2010.jpg,/Users/captmj/Downloads/New_Dataset/milco_dataset/images/2010/2010_0049_2010.jpg,/Users/captmj/Downloads/New_Dataset/milco_dataset/labels/2010/2010_0049_2010.txt,1,0,0,0
2010,2010_0050_2010.jpg,/Users/captmj/Downloads/New_Dataset/2010/0050_2010.jpg,/Users/captmj/Downloads/New_Dataset/milco_dataset/images/2010/2010_0050_2010.jpg,/Users/captmj/Downloads/New_Dataset/milco_dataset/labels/2010/2010_0050_2010.txt,1,0,0,0
2010,2010_0051_2010.jpg,/Users/captmj/Downloads/New_Dataset/2010/0051_2010.jpg,/Users/captmj/Downloads/New_Dataset/milco_dataset/images/2010/2010_0051_2010.jpg,/Users/captmj/Downloads/New_Dataset/milco_dataset/labels/2010/2010_0051_2010.txt,1,0,0,0
2010,2010_0052_2010.jpg,/Users/captmj/Downloads/New_Dataset/2010/0052_2010.jpg,/Users/captmj/Downloads/New_Dataset/milco_dataset/images/2010/2010_0052_2010.jpg,/Users/captmj/Downloads/New_Dataset/milco_dataset/labels/2010/2010_0052_2010.txt,1,0,0,0
2010,2010_0053_2010.jpg,/Users/captmj/Downloads/New_Dataset/2010/0053_2010.jpg,/Users/captmj/Downloads/New_Dataset/milco_dataset/images/2010/2010_0053_2010.jpg,/Users/captmj/Downloads/New_Dataset/milco_dataset/labels/2010/2010_0053_2010.txt,1,0,0,0
2010,2010_0054_2010.jpg,/Users/captmj/Downloads/New_Dataset/2010/0054_2010.jpg,/Users/captmj/Downloads/New_Dataset/milco_dataset/images/2010/2010_0054_2010.jpg,/Users/captmj/Downloads/New_Dataset/milco_dataset/labels/2010/2010_0054_2010.txt,1,0,0,0
2010,2010_0055_2010.jpg,/Users/captmj/Downloads/New_Dataset/2010/0055_2010.jpg,/Users/captmj/Downloads/New_Dataset/milco_dataset/images/2010/2010_0055_2010.jpg,/Users/captmj/Downloads/New_Dataset/milco_dataset/labels/2010/2010_0055_2010.txt,1,0,0,0
2010,2010_0056_2010.jpg,/Users/captmj/Downloads/New_Dataset/2010/0056_2010.jpg,/Users/captmj/Downloads/New_Dataset/milco_dataset/images/2010/2010_0056_2010.jpg,/Users/captmj/Downloads/New_Dataset/milco_dataset/labels/2010/2010_0056_2010.txt,1,0,0,0
2010,2010_0057_2010.jpg,/Users/captmj/Downloads/New_Dataset/2010/0057_2010.jpg,/Users/captmj/Downloads/New_Dataset/milco_dataset/images/2010/2010_0057_2010.jpg,/Users/captmj/Downloads/New_Dataset/milco_dataset/labels/2010/2010_0057_2010.txt,1,0,0,0
2010,2010_0058_2010.jpg,/Users/captmj/Downloads/New_Dataset/2010/0058_2010.jpg,/Users/captmj/Downloads/New_Dataset/milco_dataset/images/2010/2010_0058_2010.jpg,/Users/captmj/Downloads/New_Dataset/milco_dataset/labels/2010/2010_0058_2010.txt,1,0,0,0
2010,2010_0059_2010.jpg,/Users/captmj/Downloads/New_Dataset/2010/0059_2010.jpg,/Users/captmj/Downloads/New_Dataset/milco_dataset/images/2010/2010_0059_2010.jpg,/Users/captmj/Downloads/New_Dataset/milco_dataset/labels/2010/2010_0059_2010.txt,1,0,0,0
2010,2010_0060_2010.jpg,/Users/captmj/Downloads/New_Dataset/2010/0060_2010.jpg,/Users/captmj/Downloads/New_Dataset/milco_dataset/images/2010/2010_0060_2010.jpg,/Users/captmj/Downloads/New_Dataset/milco_dataset/labels/2010/2010_0060_2010.txt,1,0,0,0
2010,2010_0061_2010.jpg,/Users/captmj/Downloads/New_Dataset/2010/0061_2010.jpg,/Users/captmj/Downloads/New_Dataset/milco_dataset/images/2010/2010_0061_2010.jpg,/Users/captmj/Downloads/New_Dataset/milco_dataset/labels/2010/2010_0061_2010.txt,0,0,1,1
2010,2010_0062_2010.jpg,/Users/captmj/Downloads/New_Dataset/2010/0062_2010.jpg,/Users/captmj/Downloads/New_Dataset/milco_dataset/images/2010/2010_0062_2010.jpg,/Users/captmj/Downloads/New_Dataset/milco_dataset/labels/2010/2010_0062_2010.txt,0,0,1,1
2010,2010_0063_2010.jpg,/Users/captmj/Downloads/New_Dataset/2010/0063_2010.jpg,/Users/captmj/Downloads/New_Dataset/milco_dataset/images/2010/2010_0063_2010.jpg,/Users/captmj/Downloads/New_Dataset/milco_dataset/labels/2010/2010_0063_2010.txt,0,1,0,1
2010,2010_0064_2010.jpg,/Users/captmj/Downloads/New_Dataset/2010/0064_2010.jpg,/Users/captmj/Downloads/New_Dataset/milco_dataset/images/2010/2010_0064_2010.jpg,/Users/captmj/Downloads/New_Dataset/milco_dataset/labels/2010/2010_0064_2010.txt,1,0,0,0
2010,2010_0065_2010.jpg,/Users/captmj/Downloads/New_Dataset/2010/0065_2010.jpg,/Users/captmj/Downloads/New_Dataset/milco_dataset/images/2010/2010_0065_2010.jpg,/Users/captmj/Downloads/New_Dataset/milco_dataset/labels/2010/2010_0065_2010.txt,1,0,0,0
2010,2010_0066_2010.jpg,/Users/captmj/Downloads/New_Dataset/2010/0066_2010.jpg,/Users/captmj/Downloads/New_Dataset/milco_dataset/images/2010/2010_0066_2010.jpg,/Users/captmj/Downloads/New_Dataset/milco_dataset/labels/2010/2010_0066_2010.txt,1,0,0,0
2010,2010_0067_2010.jpg,/Users/captmj/Downloads/New_Dataset/2010/0067_2010.jpg,/Users/captmj/Downloads/New_Dataset/milco_dataset/images/2010/2010_0067_2010.jpg,/Users/captmj/Downloads/New_Dataset/milco_dataset/labels/2010/2010_0067_2010.txt,1,0,0,0
2010,2010_0068_2010.jpg,/Users/captmj/Downloads/New_Dataset/2010/0068_2010.jpg,/Users/captmj/Downloads/New_Dataset/milco_dataset/images/2010/2010_0068_2010.jpg,/Users/captmj/Downloads/New_Dataset/milco_dataset/labels/2010/2010_0068_2010.txt,1,0,0,0
2010,2010_0069_2010.jpg,/Users/captmj/Downloads/New_Dataset/2010/0069_2010.jpg,/Users/captmj/Downloads/New_Dataset/milco_dataset/images/2010/2010_0069_2010.jpg,/Users/captmj/Downloads/New_Dataset/milco_dataset/labels/2010/2010_0069_2010.txt,1,0,0,0
2010,2010_0070_2010.jpg,/Users/captmj/Downloads/New_Dataset/2010/0070_2010.jpg,/Users/captmj/Downloads/New_Dataset/milco_dataset/images/2010/2010_0070_2010.jpg,/Users/captmj/Downloads/New_Dataset/milco_dataset/labels/2010/2010_0070_2010.txt,1,0,0,0
2010,2010_0071_2010.jpg,/Users/captmj/Downloads/New_Dataset/2010/0071_2010.jpg,/Users/captmj/Downloads/New_Dataset/milco_dataset/images/2010/2010_0071_2010.jpg,/Users/captmj/Downloads/New_Dataset/milco_dataset/labels/2010/2010_0071_2010.txt,1,0,0,0
2010,2010_0072_2010.jpg,/Users/captmj/Downloads/New_Dataset/2010/0072_2010.jpg,/Users/captmj/Downloads/New_Dataset/milco_dataset/images/2010/2010_0072_2010.jpg,/Users/captmj/Downloads/New_Dataset/milco_dataset/labels/2010/2010_0072_2010.txt,1,0,0,0
2010,2010_0073_2010.jpg,/Users/captmj/Downloads/New_Dataset/2010/0073_2010.jpg,/Users/captmj/Downloads/New_Dataset/milco_dataset/images/2010/2010_0073_2010.jpg,/Users/captmj/Downloads/New_Dataset/milco_dataset/labels/2010/2010_0073_2010.txt,1,0,0,0
2010,2010_0074_2010.jpg,/Users/captmj/Downloads/New_Dataset/2010/0074_2010.jpg,/Users/captmj/Downloads/New_Dataset/milco_dataset/images/2010/2010_0074_2010.jpg,/Users/captmj/Downloads/New_Dataset/milco_dataset/labels/2010/2010_0074_2010.txt,1,0,0,0
2010,2010_0075_2010.jpg,/Users/captmj/Downloads/New_Dataset/2010/0075_2010.jpg,/Users/captmj/Downloads/New_Dataset/milco_dataset/images/2010/2010_0075_2010.jpg,/Users/captmj/Downloads/New_Dataset/milco_dataset/labels/2010/2010_0075_2010.txt,1,0,0,0
2010,2010_0076_2010.jpg,/Users/captmj/Downloads/New_Dataset/2010/0076_2010.jpg,/Users/captmj/Downloads/New_Dataset/milco_dataset/images/2010/2010_0076_2010.jpg,/Users/captmj/Downloads/New_Dataset/milco_dataset/labels/2010/2010_0076_2010.txt,1,0,0,0
2010,2010_0077_2010.jpg,/Users/captmj/Downloads/New_Dataset/2010/0077_2010.jpg,/Users/captmj/Downloads/New_Dataset/milco_dataset/images/2010/2010_0077_2010.jpg,/Users/captmj/Downloads/New_Dataset/milco_dataset/labels/2010/2010_0077_2010.txt,1,0,0,0
2010,2010_0078_2010.jpg,/Users/captmj/Downloads/New_Dataset/2010/0078_2010.jpg,/Users/captmj/Downloads/New_Dataset/milco_dataset/images/2010/2010_0078_2010.jpg,/Users/captmj/Downloads/New_Dataset/milco_dataset/labels/2010/2010_0078_2010.txt,1,0,0,0
2010,2010_0079_2010.jpg,/Users/captmj/Downloads/New_Dataset/2010/0079_2010.jpg,/Users/captmj/Downloads/New_Dataset/milco_dataset/images/2010/2010_0079_2010.jpg,/Users/captmj/Downloads/New_Dataset/milco_dataset/labels/2010/2010_0079_2010.txt,1,0,0,0
2010,2010_0080_2010.jpg,/Users/captmj/Downloads/New_Dataset/2010/0080_2010.jpg,/Users/captmj/Downloads/New_Dataset/milco_dataset/images/2010/2010_0080_2010.jpg,/Users/captmj/Downloads/New_Dataset/milco_dataset/labels/2010/2010_0080_2010.txt,1,0,0,0
2010,2010_0081_2010.jpg,/Users/captmj/Downloads/New_Dataset/2010/0081_2010.jpg,/Users/captmj/Downloads/New_Dataset/milco_dataset/images/2010/2010_0081_2010.jpg,/Users/captmj/Downloads/New_Dataset/milco_dataset/labels/2010/2010_0081_2010.txt,1,0,0,0
2010,2010_0082_2010.jpg,/Users/captmj/Downloads/New_Dataset/2010/0082_2010.jpg,/Users/captmj/Downloads/New_Dataset/milco_dataset/images/2010/2010_0082_2010.jpg,/Users/captmj/Downloads/New_Dataset/milco_dataset/labels/2010/2010_0082_2010.txt,1,0,0,0
2010,2010_0083_2010.jpg,/Users/captmj/Downloads/New_Dataset/2010/0083_2010.jpg,/Users/captmj/Downloads/New_Dataset/milco_dataset/images/2010/2010_0083_2010.jpg,/Users/captmj/Downloads/New_Dataset/milco_dataset/labels/2010/2010_0083_2010.txt,1,0,0,0
2010,2010_0084_2010.jpg,/Users/captmj/Downloads/New_Dataset/2010/0084_2010.jpg,/Users/captmj/Downloads/New_Dataset/milco_dataset/images/2010/2010_0084_2010.jpg,/Users/captmj/Downloads/New_Dataset/milco_dataset/labels/2010/2010_0084_2010.txt,1,0,0,0
2010,2010_0085_2010.jpg,/Users/captmj/Downloads/New_Dataset/2010/0085_2010.jpg,/Users/captmj/Downloads/New_Dataset/milco_dataset/images/2010/2010_0085_2010.jpg,/Users/captmj/Downloads/New_Dataset/milco_dataset/labels/2010/2010_0085_2010.txt,1,0,0,0
2010,2010_0086_2010.jpg,/Users/captmj/Downloads/New_Dataset/2010/0086_2010.jpg,/Users/captmj/Downloads/New_Dataset/milco_dataset/images/2010/2010_0086_2010.jpg,/Users/captmj/Downloads/New_Dataset/milco_dataset/labels/2010/2010_0086_2010.txt,1,0,0,0
2010,2010_0087_2010.jpg,/Users/captmj/Downloads/New_Dataset/2010/0087_2010.jpg,/Users/captmj/Downloads/New_Dataset/milco_dataset/images/2010/2010_0087_2010.jpg,/Users/captmj/Downloads/New_Dataset/milco_dataset/labels/2010/2010_0087_2010.txt,1,0,0,0
2010,2010_0088_2010.jpg,/Users/captmj/Downloads/New_Dataset/2010/0088_2010.jpg,/Users/captmj/Downloads/New_Dataset/milco_dataset/images/2010/2010_0088_2010.jpg,/Users/captmj/Downloads/New_Dataset/milco_dataset/labels/2010/2010_0088_2010.txt,1,0,0,0
2010,2010_0089_2010.jpg,/Users/captmj/Downloads/New_Dataset/2010/0089_2010.jpg,/Users/captmj/Downloads/New_Dataset/milco_dataset/images/2010/2010_0089_2010.jpg,/Users/captmj/Downloads/New_Dataset/milco_dataset/labels/2010/2010_0089_2010.txt,1,0,0,0
2010,2010_0090_2010.jpg,/Users/captmj/Downloads/New_Dataset/2010/0090_2010.jpg,/Users/captmj/Downloads/New_Dataset/milco_dataset/images/2010/2010_0090_2010.jpg,/Users/captmj/Downloads/New_Dataset/milco_dataset/labels/2010/2010_0090_2010.txt,1,0,0,0
2010,2010_0091_2010.jpg,/Users/captmj/Downloads/New_Dataset/2010/0091_2010.jpg,/Users/captmj/Downloads/New_Dataset/milco_dataset/images/2010/2010_0091_2010.jpg,/Users/captmj/Downloads/New_Dataset/milco_dataset/labels/2010/2010_0091_2010.txt,1,0,0,0
2010,2010_0092_2010.jpg,/Users/captmj/Downloads/New_Dataset/2010/0092_2010.jpg,/Users/captmj/Downloads/New_Dataset/milco_dataset/images/2010/2010_0092_2010.jpg,/Users/captmj/Downloads/New_Dataset/milco_dataset/labels/2010/2010_0092_2010.txt,1,0,0,0
2010,2010_0093_2010.jpg,/Users/captmj/Downloads/New_Dataset/2010/0093_2010.jpg,/Users/captmj/Downloads/New_Dataset/milco_dataset/images/2010/2010_0093_2010.jpg,/Users/captmj/Downloads/New_Dataset/milco_dataset/labels/2010/2010_0093_2010.txt,1,0,0,0
2010,2010_0094_2010.jpg,/Users/captmj/Downloads/New_Dataset/2010/0094_2010.jpg,/Users/captmj/Downloads/New_Dataset/milco_dataset/images/2010/2010_0094_2010.jpg,/Users/captmj/Downloads/New_Dataset/milco_dataset/labels/2010/2010_0094_2010.txt,1,0,0,0
2010,2010_0095_2010.jpg,/Users/captmj/Downloads/New_Dataset/2010/0095_2010.jpg,/Users/captmj/Downloads/New_Dataset/milco_dataset/images/2010/2010_0095_2010.jpg,/Users/captmj/Downloads/New_Dataset/milco_dataset/labels/2010/2010_0095_2010.txt,1,0,0,0
2010,2010_0096_2010.jpg,/Users/captmj/Downloads/New_Dataset/2010/0096_2010.jpg,/Users/captmj/Downloads/New_Dataset/milco_dataset/images/2010/2010_0096_2010.jpg,/Users/captmj/Downloads/New_Dataset/milco_dataset/labels/2010/2010_0096_2010.txt,1,0,0,0
2010,2010_0097_2010.jpg,/Users/captmj/Downloads/New_Dataset/2010/0097_2010.jpg,/Users/captmj/Downloads/New_Dataset/milco_dataset/images/2010/2010_0097_2010.jpg,/Users/captmj/Downloads/New_Dataset/milco_dataset/labels/2010/2010_0097_2010.txt,1,0,0,0
2010,2010_0098_2010.jpg,/Users/captmj/Downloads/New_Dataset/2010/0098_2010.jpg,/Users/captmj/Downloads/New_Dataset/milco_dataset/images/2010/2010_0098_2010.jpg,/Users/captmj/Downloads/New_Dataset/milco_dataset/labels/2010/2010_0098_2010.txt,1,0,0,0
2010,2010_0099_2010.jpg,/Users/captmj/Downloads/New_Dataset/2010/0099_2010.jpg,/Users/captmj/Downloads/New_Dataset/milco_dataset/images/2010/2010_0099_2010.jpg,/Users/captmj/Downloads/New_Dataset/milco_dataset/labels/2010/2010_0099_2010.txt,1,0,0,0
2010,2010_0100_2010.jpg,/Users/captmj/Downloads/New_Dataset/2010/0100_2010.jpg,/Users/captmj/Downloads/New_Dataset/milco_dataset/images/2010/2010_0100_2010.jpg,/Users/captmj/Downloads/New_Dataset/milco_dataset/labels/2010/2010_0100_2010.txt,1,0,0,0
2010,2010_0101_2010.jpg,/Users/captmj/Downloads/New_Dataset/2010/0101_2010.jpg,/Users/captmj/Downloads/New_Dataset/milco_dataset/images/2010/2010_0101_2010.jpg,/Users/captmj/Downloads/New_Dataset/milco_dataset/labels/2010/2010_0101_2010.txt,1,0,0,0
2010,2010_0102_2010.jpg,/Users/captmj/Downloads/New_Dataset/2010/0102_2010.jpg,/Users/captmj/Downloads/New_Dataset/milco_dataset/images/2010/2010_0102_2010.jpg,/Users/captmj/Downloads/New_Dataset/milco_dataset/labels/2010/2010_0102_2010.txt,1,0,0,0
2010,2010_0103_2010.jpg,/Users/captmj/Downloads/New_Dataset/2010/0103_2010.jpg,/Users/captmj/Downloads/New_Dataset/milco_dataset/images/2010/2010_0103_2010.jpg,/Users/captmj/Downloads/New_Dataset/milco_dataset/labels/2010/2010_0103_2010.txt,1,0,0,0
2010,2010_0104_2010.jpg,/Users/captmj/Downloads/New_Dataset/2010/0104_2010.jpg,/Users/captmj/Downloads/New_Dataset/milco_dataset/images/2010/2010_0104_2010.jpg,/Users/captmj/Downloads/New_Dataset/milco_dataset/labels/2010/2010_0104_2010.txt,1,0,0,0
2010,2010_0105_2010.jpg,/Users/captmj/Downloads/New_Dataset/2010/0105_2010.jpg,/Users/captmj/Downloads/New_Dataset/milco_dataset/images/2010/2010_0105_2010.jpg,/Users/captmj/Downloads/New_Dataset/milco_dataset/labels/2010/2010_0105_2010.txt,1,0,0,0
2010,2010_0106_2010.jpg,/Users/captmj/Downloads/New_Dataset/2010/0106_2010.jpg,/Users/captmj/Downloads/New_Dataset/milco_dataset/images/2010/2010_0106_2010.jpg,/Users/captmj/Downloads/New_Dataset/milco_dataset/labels/2010/2010_0106_2010.txt,1,0,0,0
2010,2010_0107_2010.jpg,/Users/captmj/Downloads/New_Dataset/2010/0107_2010.jpg,/Users/captmj/Downloads/New_Dataset/milco_dataset/images/2010/2010_0107_2010.jpg,/Users/captmj/Downloads/New_Dataset/milco_dataset/labels/2010/2010_0107_2010.txt,1,0,0,0
2010,2010_0108_2010.jpg,/Users/captmj/Downloads/New_Dataset/2010/0108_2010.jpg,/Users/captmj/Downloads/New_Dataset/milco_dataset/images/2010/2010_0108_2010.jpg,/Users/captmj/Downloads/New_Dataset/milco_dataset/labels/2010/2010_0108_2010.txt,1,0,0,0
2010,2010_0109_2010.jpg,/Users/captmj/Downloads/New_Dataset/2010/0109_2010.jpg,/Users/captmj/Downloads/New_Dataset/milco_dataset/images/2010/2010_0109_2010.jpg,/Users/captmj/Downloads/New_Dataset/milco_dataset/labels/2010/2010_0109_2010.txt,1,0,0,0
2010,2010_0110_2010.jpg,/Users/captmj/Downloads/New_Dataset/2010/0110_2010.jpg,/Users/captmj/Downloads/New_Dataset/milco_dataset/images/2010/2010_0110_2010.jpg,/Users/captmj/Downloads/New_Dataset/milco_dataset/labels/2010/2010_0110_2010.txt,1,0,0,0
2010,2010_0111_2010.jpg,/Users/captmj/Downloads/New_Dataset/2010/0111_2010.jpg,/Users/captmj/Downloads/New_Dataset/milco_dataset/images/2010/2010_0111_2010.jpg,/Users/captmj/Downloads/New_Dataset/milco_dataset/labels/2010/2010_0111_2010.txt,1,0,0,0
2010,2010_0112_2010.jpg,/Users/captmj/Downloads/New_Dataset/2010/0112_2010.jpg,/Users/captmj/Downloads/New_Dataset/milco_dataset/images/2010/2010_0112_2010.jpg,/Users/captmj/Downloads/New_Dataset/milco_dataset/labels/2010/2010_0112_2010.txt,1,0,0,0
2010,2010_0113_2010.jpg,/Users/captmj/Downloads/New_Dataset/2010/0113_2010.jpg,/Users/captmj/Downloads/New_Dataset/milco_dataset/images/2010/2010_0113_2010.jpg,/Users/captmj/Downloads/New_Dataset/milco_dataset/labels/2010/2010_0113_2010.txt,1,0,0,0
2010,2010_0114_2010.jpg,/Users/captmj/Downloads/New_Dataset/2010/0114_2010.jpg,/Users/captmj/Downloads/New_Dataset/milco_dataset/images/2010/2010_0114_2010.jpg,/Users/captmj/Downloads/New_Dataset/milco_dataset/labels/2010/2010_0114_2010.txt,1,0,0,0
2010,2010_0115_2010.jpg,/Users/captmj/Downloads/New_Dataset/2010/0115_2010.jpg,/Users/captmj/Downloads/New_Dataset/milco_dataset/images/2010/2010_0115_2010.jpg,/Users/captmj/Downloads/New_Dataset/milco_dataset/labels/2010/2010_0115_2010.txt,1,0,0,0
2010,2010_0116_2010.jpg,/Users/captmj/Downloads/New_Dataset/2010/0116_2010.jpg,/Users/captmj/Downloads/New_Dataset/milco_dataset/images/2010/2010_0116_2010.jpg,/Users/captmj/Downloads/New_Dataset/milco_dataset/labels/2010/2010_0116_2010.txt,1,0,0,0
2010,2010_0117_2010.jpg,/Users/captmj/Downloads/New_Dataset/2010/0117_2010.jpg,/Users/captmj/Downloads/New_Dataset/milco_dataset/images/2010/2010_0117_2010.jpg,/Users/captmj/Downloads/New_Dataset/milco_dataset/labels/2010/2010_0117_2010.txt,1,0,0,0
2010,2010_0118_2010.jpg,/Users/captmj/Downloads/New_Dataset/2010/0118_2010.jpg,/Users/captmj/Downloads/New_Dataset/milco_dataset/images/2010/2010_0118_2010.jpg,/Users/captmj/Downloads/New_Dataset/milco_dataset/labels/2010/2010_0118_2010.txt,1,0,0,0
2010,2010_0119_2010.jpg,/Users/captmj/Downloads/New_Dataset/2010/0119_2010.jpg,/Users/captmj/Downloads/New_Dataset/milco_dataset/images/2010/2010_0119_2010.jpg,/Users/captmj/Downloads/New_Dataset/milco_dataset/labels/2010/2010_0119_2010.txt,1,0,0,0
2010,2010_0120_2010.jpg,/Users/captmj/Downloads/New_Dataset/2010/0120_2010.jpg,/Users/captmj/Downloads/New_Dataset/milco_dataset/images/2010/2010_0120_2010.jpg,/Users/captmj/Downloads/New_Dataset/milco_dataset/labels/2010/2010_0120_2010.txt,1,0,0,0
2010,2010_0121_2010.jpg,/Users/captmj/Downloads/New_Dataset/2010/0121_2010.jpg,/Users/captmj/Downloads/New_Dataset/milco_dataset/images/2010/2010_0121_2010.jpg,/Users/captmj/Downloads/New_Dataset/milco_dataset/labels/2010/2010_0121_2010.txt,1,0,0,0
2010,2010_0122_2010.jpg,/Users/captmj/Downloads/New_Dataset/2010/0122_2010.jpg,/Users/captmj/Downloads/New_Dataset/milco_dataset/images/2010/2010_0122_2010.jpg,/Users/captmj/Downloads/New_Dataset/milco_dataset/labels/2010/2010_0122_2010.txt,1,0,0,0
2010,2010_0123_2010.jpg,/Users/captmj/Downloads/New_Dataset/2010/0123_2010.jpg,/Users/captmj/Downloads/New_Dataset/milco_dataset/images/2010/2010_0123_2010.jpg,/Users/captmj/Downloads/New_Dataset/milco_dataset/labels/2010/2010_0123_2010.txt,1,0,0,0
2010,2010_0124_2010.jpg,/Users/captmj/Downloads/New_Dataset/2010/0124_2010.jpg,/Users/captmj/Downloads/New_Dataset/milco_dataset/images/2010/2010_0124_2010.jpg,/Users/captmj/Downloads/New_Dataset/milco_dataset/labels/2010/2010_0124_2010.txt,1,0,0,0
2010,2010_0125_2010.jpg,/Users/captmj/Downloads/New_Dataset/2010/0125_2010.jpg,/Users/captmj/Downloads/New_Dataset/milco_dataset/images/2010/2010_0125_2010.jpg,/Users/captmj/Downloads/New_Dataset/milco_dataset/labels/2010/2010_0125_2010.txt,1,0,0,0
2010,2010_0126_2010.jpg,/Users/captmj/Downloads/New_Dataset/2010/0126_2010.jpg,/Users/captmj/Downloads/New_Dataset/milco_dataset/images/2010/2010_0126_2010.jpg,/Users/captmj/Downloads/New_Dataset/milco_dataset/labels/2010/2010_0126_2010.txt,1,0,0,0
2010,2010_0127_2010.jpg,/Users/captmj/Downloads/New_Dataset/2010/0127_2010.jpg,/Users/captmj/Downloads/New_Dataset/milco_dataset/images/2010/2010_0127_2010.jpg,/Users/captmj/Downloads/New_Dataset/milco_dataset/labels/2010/2010_0127_2010.txt,1,0,0,0
2010,2010_0128_2010.jpg,/Users/captmj/Downloads/New_Dataset/2010/0128_2010.jpg,/Users/captmj/Downloads/New_Dataset/milco_dataset/images/2010/2010_0128_2010.jpg,/Users/captmj/Downloads/New_Dataset/milco_dataset/labels/2010/2010_0128_2010.txt,1,0,0,0
2010,2010_0129_2010.jpg,/Users/captmj/Downloads/New_Dataset/2010/0129_2010.jpg,/Users/captmj/Downloads/New_Dataset/milco_dataset/images/2010/2010_0129_2010.jpg,/Users/captmj/Downloads/New_Dataset/milco_dataset/labels/2010/2010_0129_2010.txt,1,0,0,0
2010,2010_0130_2010.jpg,/Users/captmj/Downloads/New_Dataset/2010/0130_2010.jpg,/Users/captmj/Downloads/New_Dataset/milco_dataset/images/2010/2010_0130_2010.jpg,/Users/captmj/Downloads/New_Dataset/milco_dataset/labels/2010/2010_0130_2010.txt,1,0,0,0
2010,2010_0131_2010.jpg,/Users/captmj/Downloads/New_Dataset/2010/0131_2010.jpg,/Users/captmj/Downloads/New_Dataset/milco_dataset/images/2010/2010_0131_2010.jpg,/Users/captmj/Downloads/New_Dataset/milco_dataset/labels/2010/2010_0131_2010.txt,1,0,0,0
2010,2010_0132_2010.jpg,/Users/captmj/Downloads/New_Dataset/2010/0132_2010.jpg,/Users/captmj/Downloads/New_Dataset/milco_dataset/images/2010/2010_0132_2010.jpg,/Users/captmj/Downloads/New_Dataset/milco_dataset/labels/2010/2010_0132_2010.txt,1,0,0,0
2010,2010_0133_2010.jpg,/Users/captmj/Downloads/New_Dataset/2010/0133_2010.jpg,/Users/captmj/Downloads/New_Dataset/milco_dataset/images/2010/2010_0133_2010.jpg,/Users/captmj/Downloads/New_Dataset/milco_dataset/labels/2010/2010_0133_2010.txt,1,0,0,0
2010,2010_0134_2010.jpg,/Users/captmj/Downloads/New_Dataset/2010/0134_2010.jpg,/Users/captmj/Downloads/New_Dataset/milco_dataset/images/2010/2010_0134_2010.jpg,/Users/captmj/Downloads/New_Dataset/milco_dataset/labels/2010/2010_0134_2010.txt,1,0,0,0
2010,2010_0135_2010.jpg,/Users/captmj/Downloads/New_Dataset/2010/0135_2010.jpg,/Users/captmj/Downloads/New_Dataset/milco_dataset/images/2010/2010_0135_2010.jpg,/Users/captmj/Downloads/New_Dataset/milco_dataset/labels/2010/2010_0135_2010.txt,1,0,0,0
2010,2010_0136_2010.jpg,/Users/captmj/Downloads/New_Dataset/2010/0136_2010.jpg,/Users/captmj/Downloads/New_Dataset/milco_dataset/images/2010/2010_0136_2010.jpg,/Users/captmj/Downloads/New_Dataset/milco_dataset/labels/2010/2010_0136_2010.txt,1,0,0,0
2010,2010_0137_2010.jpg,/Users/captmj/Downloads/New_Dataset/2010/0137_2010.jpg,/Users/captmj/Downloads/New_Dataset/milco_dataset/images/2010/2010_0137_2010.jpg,/Users/captmj/Downloads/New_Dataset/milco_dataset/labels/2010/2010_0137_2010.txt,1,0,0,0
2010,2010_0138_2010.jpg,/Users/captmj/Downloads/New_Dataset/2010/0138_2010.jpg,/Users/captmj/Downloads/New_Dataset/milco_dataset/images/2010/2010_0138_2010.jpg,/Users/captmj/Downloads/New_Dataset/milco_dataset/labels/2010/2010_0138_2010.txt,1,0,0,0
2010,2010_0139_2010.jpg,/Users/captmj/Downloads/New_Dataset/2010/0139_2010.jpg,/Users/captmj/Downloads/New_Dataset/milco_dataset/images/2010/2010_0139_2010.jpg,/Users/captmj/Downloads/New_Dataset/milco_dataset/labels/2010/2010_0139_2010.txt,1,0,0,0
2010,2010_0140_2010.jpg,/Users/captmj/Downloads/New_Dataset/2010/0140_2010.jpg,/Users/captmj/Downloads/New_Dataset/milco_dataset/images/2010/2010_0140_2010.jpg,/Users/captmj/Downloads/New_Dataset/milco_dataset/labels/2010/2010_0140_2010.txt,1,0,0,0
2010,2010_0141_2010.jpg,/Users/captmj/Downloads/New_Dataset/2010/0141_2010.jpg,/Users/captmj/Downloads/New_Dataset/milco_dataset/images/2010/2010_0141_2010.jpg,/Users/captmj/Downloads/New_Dataset/milco_dataset/labels/2010/2010_0141_2010.txt,1,0,0,0
2010,2010_0142_2010.jpg,/Users/captmj/Downloads/New_Dataset/2010/0142_2010.jpg,/Users/captmj/Downloads/New_Dataset/milco_dataset/images/2010/2010_0142_2010.jpg,/Users/captmj/Downloads/New_Dataset/milco_dataset/labels/2010/2010_0142_2010.txt,1,0,0,0
2010,2010_0143_2010.jpg,/Users/captmj/Downloads/New_Dataset/2010/0143_2010.jpg,/Users/captmj/Downloads/New_Dataset/milco_dataset/images/2010/2010_0143_2010.jpg,/Users/captmj/Downloads/New_Dataset/milco_dataset/labels/2010/2010_0143_2010.txt,1,0,0,0
2010,2010_0144_2010.jpg,/Users/captmj/Downloads/New_Dataset/2010/0144_2010.jpg,/Users/captmj/Downloads/New_Dataset/milco_dataset/images/2010/2010_0144_2010.jpg,/Users/captmj/Downloads/New_Dataset/milco_dataset/labels/2010/2010_0144_2010.txt,1,0,0,0
2010,2010_0145_2010.jpg,/Users/captmj/Downloads/New_Dataset/2010/0145_2010.jpg,/Users/captmj/Downloads/New_Dataset/milco_dataset/images/2010/2010_0145_2010.jpg,/Users/captmj/Downloads/New_Dataset/milco_dataset/labels/2010/2010_0145_2010.txt,1,0,0,0
2010,2010_0146_2010.jpg,/Users/captmj/Downloads/New_Dataset/2010/0146_2010.jpg,/Users/captmj/Downloads/New_Dataset/milco_dataset/images/2010/2010_0146_2010.jpg,/Users/captmj/Downloads/New_Dataset/milco_dataset/labels/2010/2010_0146_2010.txt,1,0,0,0
2010,2010_0147_2010.jpg,/Users/captmj/Downloads/New_Dataset/2010/0147_2010.jpg,/Users/captmj/Downloads/New_Dataset/milco_dataset/images/2010/2010_0147_2010.jpg,/Users/captmj/Downloads/New_Dataset/milco_dataset/labels/2010/2010_0147_2010.txt,1,0,0,0
2010,2010_0148_2010.jpg,/Users/captmj/Downloads/New_Dataset/2010/0148_2010.jpg,/Users/captmj/Downloads/New_Dataset/milco_dataset/images/2010/2010_0148_2010.jpg,/Users/captmj/Downloads/New_Dataset/milco_dataset/labels/2010/2010_0148_2010.txt,1,0,0,0
2010,2010_0149_2010.jpg,/Users/captmj/Downloads/New_Dataset/2010/0149_2010.jpg,/Users/captmj/Downloads/New_Dataset/milco_dataset/images/2010/2010_0149_2010.jpg,/Users/captmj/Downloads/New_Dataset/milco_dataset/labels/2010/2010_0149_2010.txt,1,0,0,0
2010,2010_0150_2010.jpg,/Users/captmj/Downloads/New_Dataset/2010/0150_2010.jpg,/Users/captmj/Downloads/New_Dataset/milco_dataset/images/2010/2010_0150_2010.jpg,/Users/captmj/Downloads/New_Dataset/milco_dataset/labels/2010/2010_0150_2010.txt,1,0,0,0
2010,2010_0151_2010.jpg,/Users/captmj/Downloads/New_Dataset/2010/0151_2010.jpg,/Users/captmj/Downloads/New_Dataset/milco_dataset/images/2010/2010_0151_2010.jpg,/Users/captmj/Downloads/New_Dataset/milco_dataset/labels/2010/2010_0151_2010.txt,1,0,0,0
2010,2010_0152_2010.jpg,/Users/captmj/Downloads/New_Dataset/2010/0152_2010.jpg,/Users/captmj/Downloads/New_Dataset/milco_dataset/images/2010/2010_0152_2010.jpg,/Users/captmj/Downloads/New_Dataset/milco_dataset/labels/2010/2010_0152_2010.txt,1,0,0,0
2010,2010_0153_2010.jpg,/Users/captmj/Downloads/New_Dataset/2010/0153_2010.jpg,/Users/captmj/Downloads/New_Dataset/milco_dataset/images/2010/2010_0153_2010.jpg,/Users/captmj/Downloads/New_Dataset/milco_dataset/labels/2010/2010_0153_2010.txt,1,0,0,0
2010,2010_0154_2010.jpg,/Users/captmj/Downloads/New_Dataset/2010/0154_2010.jpg,/Users/captmj/Downloads/New_Dataset/milco_dataset/images/2010/2010_0154_2010.jpg,/Users/captmj/Downloads/New_Dataset/milco_dataset/labels/2010/2010_0154_2010.txt,1,0,0,0
2010,2010_0155_2010.jpg,/Users/captmj/Downloads/New_Dataset/2010/0155_2010.jpg,/Users/captmj/Downloads/New_Dataset/milco_dataset/images/2010/2010_0155_2010.jpg,/Users/captmj/Downloads/New_Dataset/milco_dataset/labels/2010/2010_0155_2010.txt,1,0,0,0
2010,2010_0156_2010.jpg,/Users/captmj/Downloads/New_Dataset/2010/0156_2010.jpg,/Users/captmj/Downloads/New_Dataset/milco_dataset/images/2010/2010_0156_2010.jpg,/Users/captmj/Downloads/New_Dataset/milco_dataset/labels/2010/2010_0156_2010.txt,1,0,0,0
2010,2010_0157_2010.jpg,/Users/captmj/Downloads/New_Dataset/2010/0157_2010.jpg,/Users/captmj/Downloads/New_Dataset/milco_dataset/images/2010/2010_0157_2010.jpg,/Users/captmj/Downloads/New_Dataset/milco_dataset/labels/2010/2010_0157_2010.txt,1,0,0,0
2010,2010_0158_2010.jpg,/Users/captmj/Downloads/New_Dataset/2010/0158_2010.jpg,/Users/captmj/Downloads/New_Dataset/milco_dataset/images/2010/2010_0158_2010.jpg,/Users/captmj/Downloads/New_Dataset/milco_dataset/labels/2010/2010_0158_2010.txt,1,0,0,0
2010,2010_0159_2010.jpg,/Users/captmj/Downloads/New_Dataset/2010/0159_2010.jpg,/Users/captmj/Downloads/New_Dataset/milco_dataset/images/2010/2010_0159_2010.jpg,/Users/captmj/Downloads/New_Dataset/milco_dataset/labels/2010/2010_0159_2010.txt,1,0,0,0
2010,2010_0160_2010.jpg,/Users/captmj/Downloads/New_Dataset/2010/0160_2010.jpg,/Users/captmj/Downloads/New_Dataset/milco_dataset/images/2010/2010_0160_2010.jpg,/Users/captmj/Downloads/New_Dataset/milco_dataset/labels/2010/2010_0160_2010.txt,1,0,0,0
2010,2010_0161_2010.jpg,/Users/captmj/Downloads/New_Dataset/2010/0161_2010.jpg,/Users/captmj/Downloads/New_Dataset/milco_dataset/images/2010/2010_0161_2010.jpg,/Users/captmj/Downloads/New_Dataset/milco_dataset/labels/2010/2010_0161_2010.txt,1,0,0,0
2010,2010_0162_2010.jpg,/Users/captmj/Downloads/New_Dataset/2010/0162_2010.jpg,/Users/captmj/Downloads/New_Dataset/milco_dataset/images/2010/2010_0162_2010.jpg,/Users/captmj/Downloads/New_Dataset/milco_dataset/labels/2010/2010_0162_2010.txt,1,0,0,0
2010,2010_0163_2010.jpg,/Users/captmj/Downloads/New_Dataset/2010/0163_2010.jpg,/Users/captmj/Downloads/New_Dataset/milco_dataset/images/2010/2010_0163_2010.jpg,/Users/captmj/Downloads/New_Dataset/milco_dataset/labels/2010/2010_0163_2010.txt,1,0,0,0
2010,2010_0164_2010.jpg,/Users/captmj/Downloads/New_Dataset/2010/0164_2010.jpg,/Users/captmj/Downloads/New_Dataset/milco_dataset/images/2010/2010_0164_2010.jpg,/Users/captmj/Downloads/New_Dataset/milco_dataset/labels/2010/2010_0164_2010.txt,1,0,0,0
2010,2010_0165_2010.jpg,/Users/captmj/Downloads/New_Dataset/2010/0165_2010.jpg,/Users/captmj/Downloads/New_Dataset/milco_dataset/images/2010/2010_0165_2010.jpg,/Users/captmj/Downloads/New_Dataset/milco_dataset/labels/2010/2010_0165_2010.txt,1,0,0,0
2010,2010_0166_2010.jpg,/Users/captmj/Downloads/New_Dataset/2010/0166_2010.jpg,/Users/captmj/Downloads/New_Dataset/milco_dataset/images/2010/2010_0166_2010.jpg,/Users/captmj/Downloads/New_Dataset/milco_dataset/labels/2010/2010_0166_2010.txt,1,0,0,0
2010,2010_0167_2010.jpg,/Users/captmj/Downloads/New_Dataset/2010/0167_2010.jpg,/Users/captmj/Downloads/New_Dataset/milco_dataset/images/2010/2010_0167_2010.jpg,/Users/captmj/Downloads/New_Dataset/milco_dataset/labels/2010/2010_0167_2010.txt,1,0,0,0
2010,2010_0168_2010.jpg,/Users/captmj/Downloads/New_Dataset/2010/0168_2010.jpg,/Users/captmj/Downloads/New_Dataset/milco_dataset/images/2010/2010_0168_2010.jpg,/Users/captmj/Downloads/New_Dataset/milco_dataset/labels/2010/2010_0168_2010.txt,1,0,0,0
2010,2010_0169_2010.jpg,/Users/captmj/Downloads/New_Dataset/2010/0169_2010.jpg,/Users/captmj/Downloads/New_Dataset/milco_dataset/images/2010/2010_0169_2010.jpg,/Users/captmj/Downloads/New_Dataset/milco_dataset/labels/2010/2010_0169_2010.txt,1,0,0,0
2010,2010_0170_2010.jpg,/Users/captmj/Downloads/New_Dataset/2010/0170_2010.jpg,/Users/captmj/Downloads/New_Dataset/milco_dataset/images/2010/2010_0170_2010.jpg,/Users/captmj/Downloads/New_Dataset/milco_dataset/labels/2010/2010_0170_2010.txt,1,0,0,0
2010,2010_0171_2010.jpg,/Users/captmj/Downloads/New_Dataset/2010/0171_2010.jpg,/Users/captmj/Downloads/New_Dataset/milco_dataset/images/2010/2010_0171_2010.jpg,/Users/captmj/Downloads/New_Dataset/milco_dataset/labels/2010/2010_0171_2010.txt,1,0,0,0
2010,2010_0172_2010.jpg,/Users/captmj/Downloads/New_Dataset/2010/0172_2010.jpg,/Users/captmj/Downloads/New_Dataset/milco_dataset/images/2010/2010_0172_2010.jpg,/Users/captmj/Downloads/New_Dataset/milco_dataset/labels/2010/2010_0172_2010.txt,1,0,0,0
2010,2010_0173_2010.jpg,/Users/captmj/Downloads/New_Dataset/2010/0173_2010.jpg,/Users/captmj/Downloads/New_Dataset/milco_dataset/images/2010/2010_0173_2010.jpg,/Users/captmj/Downloads/New_Dataset/milco_dataset/labels/2010/2010_0173_2010.txt,1,0,0,0
2010,2010_0174_2010.jpg,/Users/captmj/Downloads/New_Dataset/2010/0174_2010.jpg,/Users/captmj/Downloads/New_Dataset/milco_dataset/images/2010/2010_0174_2010.jpg,/Users/captmj/Downloads/New_Dataset/milco_dataset/labels/2010/2010_0174_2010.txt,1,0,0,0
2010,2010_0175_2010.jpg,/Users/captmj/Downloads/New_Dataset/2010/0175_2010.jpg,/Users/captmj/Downloads/New_Dataset/milco_dataset/images/2010/2010_0175_2010.jpg,/Users/captmj/Downloads/New_Dataset/milco_dataset/labels/2010/2010_0175_2010.txt,1,0,0,0
2010,2010_0176_2010.jpg,/Users/captmj/Downloads/New_Dataset/2010/0176_2010.jpg,/Users/captmj/Downloads/New_Dataset/milco_dataset/images/2010/2010_0176_2010.jpg,/Users/captmj/Downloads/New_Dataset/milco_dataset/labels/2010/2010_0176_2010.txt,1,0,0,0
2010,2010_0177_2010.jpg,/Users/captmj/Downloads/New_Dataset/2010/0177_2010.jpg,/Users/captmj/Downloads/New_Dataset/milco_dataset/images/2010/2010_0177_2010.jpg,/Users/captmj/Downloads/New_Dataset/milco_dataset/labels/2010/2010_0177_2010.txt,1,0,0,0
2010,2010_0178_2010.jpg,/Users/captmj/Downloads/New_Dataset/2010/0178_2010.jpg,/Users/captmj/Downloads/New_Dataset/milco_dataset/images/2010/2010_0178_2010.jpg,/Users/captmj/Downloads/New_Dataset/milco_dataset/labels/2010/2010_0178_2010.txt,1,0,0,0
2010,2010_0179_2010.jpg,/Users/captmj/Downloads/New_Dataset/2010/0179_2010.jpg,/Users/captmj/Downloads/New_Dataset/milco_dataset/images/2010/2010_0179_2010.jpg,/Users/captmj/Downloads/New_Dataset/milco_dataset/labels/2010/2010_0179_2010.txt,1,0,0,0
2010,2010_0180_2010.jpg,/Users/captmj/Downloads/New_Dataset/2010/0180_2010.jpg,/Users/captmj/Downloads/New_Dataset/milco_dataset/images/2010/2010_0180_2010.jpg,/Users/captmj/Downloads/New_Dataset/milco_dataset/labels/2010/2010_0180_2010.txt,1,0,0,0
2010,2010_0181_2010.jpg,/Users/captmj/Downloads/New_Dataset/2010/0181_2010.jpg,/Users/captmj/Downloads/New_Dataset/milco_dataset/images/2010/2010_0181_2010.jpg,/Users/captmj/Downloads/New_Dataset/milco_dataset/labels/2010/2010_0181_2010.txt,1,0,0,0
2010,2010_0182_2010.jpg,/Users/captmj/Downloads/New_Dataset/2010/0182_2010.jpg,/Users/captmj/Downloads/New_Dataset/milco_dataset/images/2010/2010_0182_2010.jpg,/Users/captmj/Downloads/New_Dataset/milco_dataset/labels/2010/2010_0182_2010.txt,1,0,0,0
2010,2010_0183_2010.jpg,/Users/captmj/Downloads/New_Dataset/2010/0183_2010.jpg,/Users/captmj/Downloads/New_Dataset/milco_dataset/images/2010/2010_0183_2010.jpg,/Users/captmj/Downloads/New_Dataset/milco_dataset/labels/2010/2010_0183_2010.txt,1,0,0,0
2010,2010_0184_2010.jpg,/Users/captmj/Downloads/New_Dataset/2010/0184_2010.jpg,/Users/captmj/Downloads/New_Dataset/milco_dataset/images/2010/2010_0184_2010.jpg,/Users/captmj/Downloads/New_Dataset/milco_dataset/labels/2010/2010_0184_2010.txt,1,0,0,0
2010,2010_0185_2010.jpg,/Users/captmj/Downloads/New_Dataset/2010/0185_2010.jpg,/Users/captmj/Downloads/New_Dataset/milco_dataset/images/2010/2010_0185_2010.jpg,/Users/captmj/Downloads/New_Dataset/milco_dataset/labels/2010/2010_0185_2010.txt,1,0,0,0
2010,2010_0186_2010.jpg,/Users/captmj/Downloads/New_Dataset/2010/0186_2010.jpg,/Users/captmj/Downloads/New_Dataset/milco_dataset/images/2010/2010_0186_2010.jpg,/Users/captmj/Downloads/New_Dataset/milco_dataset/labels/2010/2010_0186_2010.txt,1,0,0,0
2010,2010_0187_2010.jpg,/Users/captmj/Downloads/New_Dataset/2010/0187_2010.jpg,/Users/captmj/Downloads/New_Dataset/milco_dataset/images/2010/2010_0187_2010.jpg,/Users/captmj/Downloads/New_Dataset/milco_dataset/labels/2010/2010_0187_2010.txt,1,0,0,0
2010,2010_0188_2010.jpg,/Users/captmj/Downloads/New_Dataset/2010/0188_2010.jpg,/Users/captmj/Downloads/New_Dataset/milco_dataset/images/2010/2010_0188_2010.jpg,/Users/captmj/Downloads/New_Dataset/milco_dataset/labels/2010/2010_0188_2010.txt,1,0,0,0
2010,2010_0189_2010.jpg,/Users/captmj/Downloads/New_Dataset/2010/0189_2010.jpg,/Users/captmj/Downloads/New_Dataset/milco_dataset/images/2010/2010_0189_2010.jpg,/Users/captmj/Downloads/New_Dataset/milco_dataset/labels/2010/2010_0189_2010.txt,1,0,0,0
2010,2010_0190_2010.jpg,/Users/captmj/Downloads/New_Dataset/2010/0190_2010.jpg,/Users/captmj/Downloads/New_Dataset/milco_dataset/images/2010/2010_0190_2010.jpg,/Users/captmj/Downloads/New_Dataset/milco_dataset/labels/2010/2010_0190_2010.txt,1,0,0,0
2010,2010_0191_2010.jpg,/Users/captmj/Downloads/New_Dataset/2010/0191_2010.jpg,/Users/captmj/Downloads/New_Dataset/milco_dataset/images/2010/2010_0191_2010.jpg,/Users/captmj/Downloads/New_Dataset/milco_dataset/labels/2010/2010_0191_2010.txt,1,0,0,0
2010,2010_0192_2010.jpg,/Users/captmj/Downloads/New_Dataset/2010/0192_2010.jpg,/Users/captmj/Downloads/New_Dataset/milco_dataset/images/2010/2010_0192_2010.jpg,/Users/captmj/Downloads/New_Dataset/milco_dataset/labels/2010/2010_0192_2010.txt,1,0,0,0
2010,2010_0193_2010.jpg,/Users/captmj/Downloads/New_Dataset/2010/0193_2010.jpg,/Users/captmj/Downloads/New_Dataset/milco_dataset/images/2010/2010_0193_2010.jpg,/Users/captmj/Downloads/New_Dataset/milco_dataset/labels/2010/2010_0193_2010.txt,1,0,0,0
2010,2010_0194_2010.jpg,/Users/captmj/Downloads/New_Dataset/2010/0194_2010.jpg,/Users/captmj/Downloads/New_Dataset/milco_dataset/images/2010/2010_0194_2010.jpg,/Users/captmj/Downloads/New_Dataset/milco_dataset/labels/2010/2010_0194_2010.txt,1,0,0,0
2010,2010_0195_2010.jpg,/Users/captmj/Downloads/New_Dataset/2010/0195_2010.jpg,/Users/captmj/Downloads/New_Dataset/milco_dataset/images/2010/2010_0195_2010.jpg,/Users/captmj/Downloads/New_Dataset/milco_dataset/labels/2010/2010_0195_2010.txt,1,0,0,0
2010,2010_0196_2010.jpg,/Users/captmj/Downloads/New_Dataset/2010/0196_2010.jpg,/Users/captmj/Downloads/New_Dataset/milco_dataset/images/2010/2010_0196_2010.jpg,/Users/captmj/Downloads/New_Dataset/milco_dataset/labels/2010/2010_0196_2010.txt,1,0,0,0
2010,2010_0197_2010.jpg,/Users/captmj/Downloads/New_Dataset/2010/0197_2010.jpg,/Users/captmj/Downloads/New_Dataset/milco_dataset/images/2010/2010_0197_2010.jpg,/Users/captmj/Downloads/New_Dataset/milco_dataset/labels/2010/2010_0197_2010.txt,1,0,0,0
2010,2010_0198_2010.jpg,/Users/captmj/Downloads/New_Dataset/2010/0198_2010.jpg,/Users/captmj/Downloads/New_Dataset/milco_dataset/images/2010/2010_0198_2010.jpg,/Users/captmj/Downloads/New_Dataset/milco_dataset/labels/2010/2010_0198_2010.txt,1,0,0,0
2010,2010_0199_2010.jpg,/Users/captmj/Downloads/New_Dataset/2010/0199_2010.jpg,/Users/captmj/Downloads/New_Dataset/milco_dataset/images/2010/2010_0199_2010.jpg,/Users/captmj/Downloads/New_Dataset/milco_dataset/labels/2010/2010_0199_2010.txt,1,0,0,0
2010,2010_0200_2010.jpg,/Users/captmj/Downloads/New_Dataset/2010/0200_2010.jpg,/Users/captmj/Downloads/New_Dataset/milco_dataset/images/2010/2010_0200_2010.jpg,/Users/captmj/Downloads/New_Dataset/milco_dataset/labels/2010/2010_0200_2010.txt,1,0,0,0
2010,2010_0201_2010.jpg,/Users/captmj/Downloads/New_Dataset/2010/0201_2010.jpg,/Users/captmj/Downloads/New_Dataset/milco_dataset/images/2010/2010_0201_2010.jpg,/Users/captmj/Downloads/New_Dataset/milco_dataset/labels/2010/2010_0201_2010.txt,1,0,0,0
2010,2010_0202_2010.jpg,/Users/captmj/Downloads/New_Dataset/2010/0202_2010.jpg,/Users/captmj/Downloads/New_Dataset/milco_dataset/images/2010/2010_0202_2010.jpg,/Users/captmj/Downloads/New_Dataset/milco_dataset/labels/2010/2010_0202_2010.txt,1,0,0,0
2010,2010_0203_2010.jpg,/Users/captmj/Downloads/New_Dataset/2010/0203_2010.jpg,/Users/captmj/Downloads/New_Dataset/milco_dataset/images/2010/2010_0203_2010.jpg,/Users/captmj/Downloads/New_Dataset/milco_dataset/labels/2010/2010_0203_2010.txt,1,0,0,0
2010,2010_0204_2010.jpg,/Users/captmj/Downloads/New_Dataset/2010/0204_2010.jpg,/Users/captmj/Downloads/New_Dataset/milco_dataset/images/2010/2010_0204_2010.jpg,/Users/captmj/Downloads/New_Dataset/milco_dataset/labels/2010/2010_0204_2010.txt,1,0,0,0
2010,2010_0205_2010.jpg,/Users/captmj/Downloads/New_Dataset/2010/0205_2010.jpg,/Users/captmj/Downloads/New_Dataset/milco_dataset/images/2010/2010_0205_2010.jpg,/Users/captmj/Downloads/New_Dataset/milco_dataset/labels/2010/2010_0205_2010.txt,1,0,0,0
2010,2010_0206_2010.jpg,/Users/captmj/Downloads/New_Dataset/2010/0206_2010.jpg,/Users/captmj/Downloads/New_Dataset/milco_dataset/images/2010/2010_0206_2010.jpg,/Users/captmj/Downloads/New_Dataset/milco_dataset/labels/2010/2010_0206_2010.txt,1,0,0,0
2010,2010_0207_2010.jpg,/Users/captmj/Downloads/New_Dataset/2010/0207_2010.jpg,/Users/captmj/Downloads/New_Dataset/milco_dataset/images/2010/2010_0207_2010.jpg,/Users/captmj/Downloads/New_Dataset/milco_dataset/labels/2010/2010_0207_2010.txt,0,1,0,1
2010,2010_0208_2010.jpg,/Users/captmj/Downloads/New_Dataset/2010/0208_2010.jpg,/Users/captmj/Downloads/New_Dataset/milco_dataset/images/2010/2010_0208_2010.jpg,/Users/captmj/Downloads/New_Dataset/milco_dataset/labels/2010/2010_0208_2010.txt,0,1,0,1
2010,2010_0209_2010.jpg,/Users/captmj/Downloads/New_Dataset/2010/0209_2010.jpg,/Users/captmj/Downloads/New_Dataset/milco_dataset/images/2010/2010_0209_2010.jpg,/Users/captmj/Downloads/New_Dataset/milco_dataset/labels/2010/2010_0209_2010.txt,1,0,0,0
2010,2010_0210_2010.jpg,/Users/captmj/Downloads/New_Dataset/2010/0210_2010.jpg,/Users/captmj/Downloads/New_Dataset/milco_dataset/images/2010/2010_0210_2010.jpg,/Users/captmj/Downloads/New_Dataset/milco_dataset/labels/2010/2010_0210_2010.txt,1,0,0,0
2010,2010_0211_2010.jpg,/Users/captmj/Downloads/New_Dataset/2010/0211_2010.jpg,/Users/captmj/Downloads/New_Dataset/milco_dataset/images/2010/2010_0211_2010.jpg,/Users/captmj/Downloads/New_Dataset/milco_dataset/labels/2010/2010_0211_2010.txt,1,0,0,0
2010,2010_0212_2010.jpg,/Users/captmj/Downloads/New_Dataset/2010/0212_2010.jpg,/Users/captmj/Downloads/New_Dataset/milco_dataset/images/2010/2010_0212_2010.jpg,/Users/captmj/Downloads/New_Dataset/milco_dataset/labels/2010/2010_0212_2010.txt,1,0,0,0
2010,2010_0213_2010.jpg,/Users/captmj/Downloads/New_Dataset/2010/0213_2010.jpg,/Users/captmj/Downloads/New_Dataset/milco_dataset/images/2010/2010_0213_2010.jpg,/Users/captmj/Downloads/New_Dataset/milco_dataset/labels/2010/2010_0213_2010.txt,1,0,0,0
2010,2010_0214_2010.jpg,/Users/captmj/Downloads/New_Dataset/2010/0214_2010.jpg,/Users/captmj/Downloads/New_Dataset/milco_dataset/images/2010/2010_0214_2010.jpg,/Users/captmj/Downloads/New_Dataset/milco_dataset/labels/2010/2010_0214_2010.txt,1,0,0,0
2010,2010_0215_2010.jpg,/Users/captmj/Downloads/New_Dataset/2010/0215_2010.jpg,/Users/captmj/Downloads/New_Dataset/milco_dataset/images/2010/2010_0215_2010.jpg,/Users/captmj/Downloads/New_Dataset/milco_dataset/labels/2010/2010_0215_2010.txt,1,0,0,0
2010,2010_0216_2010.jpg,/Users/captmj/Downloads/New_Dataset/2010/0216_2010.jpg,/Users/captmj/Downloads/New_Dataset/milco_dataset/images/2010/2010_0216_2010.jpg,/Users/captmj/Downloads/New_Dataset/milco_dataset/labels/2010/2010_0216_2010.txt,1,0,0,0
2010,2010_0217_2010.jpg,/Users/captmj/Downloads/New_Dataset/2010/0217_2010.jpg,/Users/captmj/Downloads/New_Dataset/milco_dataset/images/2010/2010_0217_2010.jpg,/Users/captmj/Downloads/New_Dataset/milco_dataset/labels/2010/2010_0217_2010.txt,1,0,0,0
2010,2010_0218_2010.jpg,/Users/captmj/Downloads/New_Dataset/2010/0218_2010.jpg,/Users/captmj/Downloads/New_Dataset/milco_dataset/images/2010/2010_0218_2010.jpg,/Users/captmj/Downloads/New_Dataset/milco_dataset/labels/2010/2010_0218_2010.txt,1,0,0,0
2010,2010_0219_2010.jpg,/Users/captmj/Downloads/New_Dataset/2010/0219_2010.jpg,/Users/captmj/Downloads/New_Dataset/milco_dataset/images/2010/2010_0219_2010.jpg,/Users/captmj/Downloads/New_Dataset/milco_dataset/labels/2010/2010_0219_2010.txt,1,0,0,0
2010,2010_0220_2010.jpg,/Users/captmj/Downloads/New_Dataset/2010/0220_2010.jpg,/Users/captmj/Downloads/New_Dataset/milco_dataset/images/2010/2010_0220_2010.jpg,/Users/captmj/Downloads/New_Dataset/milco_dataset/labels/2010/2010_0220_2010.txt,1,0,0,0
2010,2010_0221_2010.jpg,/Users/captmj/Downloads/New_Dataset/2010/0221_2010.jpg,/Users/captmj/Downloads/New_Dataset/milco_dataset/images/2010/2010_0221_2010.jpg,/Users/captmj/Downloads/New_Dataset/milco_dataset/labels/2010/2010_0221_2010.txt,1,0,0,0
2010,2010_0222_2010.jpg,/Users/captmj/Downloads/New_Dataset/2010/0222_2010.jpg,/Users/captmj/Downloads/New_Dataset/milco_dataset/images/2010/2010_0222_2010.jpg,/Users/captmj/Downloads/New_Dataset/milco_dataset/labels/2010/2010_0222_2010.txt,1,0,0,0
2010,2010_0223_2010.jpg,/Users/captmj/Downloads/New_Dataset/2010/0223_2010.jpg,/Users/captmj/Downloads/New_Dataset/milco_dataset/images/2010/2010_0223_2010.jpg,/Users/captmj/Downloads/New_Dataset/milco_dataset/labels/2010/2010_0223_2010.txt,1,0,0,0
2010,2010_0224_2010.jpg,/Users/captmj/Downloads/New_Dataset/2010/0224_2010.jpg,/Users/captmj/Downloads/New_Dataset/milco_dataset/images/2010/2010_0224_2010.jpg,/Users/captmj/Downloads/New_Dataset/milco_dataset/labels/2010/2010_0224_2010.txt,1,0,0,0
2010,2010_0225_2010.jpg,/Users/captmj/Downloads/New_Dataset/2010/0225_2010.jpg,/Users/captmj/Downloads/New_Dataset/milco_dataset/images/2010/2010_0225_2010.jpg,/Users/captmj/Downloads/New_Dataset/milco_dataset/labels/2010/2010_0225_2010.txt,1,0,0,0
2010,2010_0226_2010.jpg,/Users/captmj/Downloads/New_Dataset/2010/0226_2010.jpg,/Users/captmj/Downloads/New_Dataset/milco_dataset/images/2010/2010_0226_2010.jpg,/Users/captmj/Downloads/New_Dataset/milco_dataset/labels/2010/2010_0226_2010.txt,1,0,0,0
2010,2010_0227_2010.jpg,/Users/captmj/Downloads/New_Dataset/2010/0227_2010.jpg,/Users/captmj/Downloads/New_Dataset/milco_dataset/images/2010/2010_0227_2010.jpg,/Users/captmj/Downloads/New_Dataset/milco_dataset/labels/2010/2010_0227_2010.txt,1,0,0,0
2010,2010_0228_2010.jpg,/Users/captmj/Downloads/New_Dataset/2010/0228_2010.jpg,/Users/captmj/Downloads/New_Dataset/milco_dataset/images/2010/2010_0228_2010.jpg,/Users/captmj/Downloads/New_Dataset/milco_dataset/labels/2010/2010_0228_2010.txt,1,0,0,0
2010,2010_0229_2010.jpg,/Users/captmj/Downloads/New_Dataset/2010/0229_2010.jpg,/Users/captmj/Downloads/New_Dataset/milco_dataset/images/2010/2010_0229_2010.jpg,/Users/captmj/Downloads/New_Dataset/milco_dataset/labels/2010/2010_0229_2010.txt,1,0,0,0
2010,2010_0230_2010.jpg,/Users/captmj/Downloads/New_Dataset/2010/0230_2010.jpg,/Users/captmj/Downloads/New_Dataset/milco_dataset/images/2010/2010_0230_2010.jpg,/Users/captmj/Downloads/New_Dataset/milco_dataset/labels/2010/2010_0230_2010.txt,1,0,0,0
2010,2010_0231_2010.jpg,/Users/captmj/Downloads/New_Dataset/2010/0231_2010.jpg,/Users/captmj/Downloads/New_Dataset/milco_dataset/images/2010/2010_0231_2010.jpg,/Users/captmj/Downloads/New_Dataset/milco_dataset/labels/2010/2010_0231_2010.txt,1,0,0,0
2010,2010_0232_2010.jpg,/Users/captmj/Downloads/New_Dataset/2010/0232_2010.jpg,/Users/captmj/Downloads/New_Dataset/milco_dataset/images/2010/2010_0232_2010.jpg,/Users/captmj/Downloads/New_Dataset/milco_dataset/labels/2010/2010_0232_2010.txt,1,0,0,0
2010,2010_0233_2010.jpg,/Users/captmj/Downloads/New_Dataset/2010/0233_2010.jpg,/Users/captmj/Downloads/New_Dataset/milco_dataset/images/2010/2010_0233_2010.jpg,/Users/captmj/Downloads/New_Dataset/milco_dataset/labels/2010/2010_0233_2010.txt,1,0,0,0
2010,2010_0234_2010.jpg,/Users/captmj/Downloads/New_Dataset/2010/0234_2010.jpg,/Users/captmj/Downloads/New_Dataset/milco_dataset/images/2010/2010_0234_2010.jpg,/Users/captmj/Downloads/New_Dataset/milco_dataset/labels/2010/2010_0234_2010.txt,1,0,0,0
2010,2010_0235_2010.jpg,/Users/captmj/Downloads/New_Dataset/2010/0235_2010.jpg,/Users/captmj/Downloads/New_Dataset/milco_dataset/images/2010/2010_0235_2010.jpg,/Users/captmj/Downloads/New_Dataset/milco_dataset/labels/2010/2010_0235_2010.txt,1,0,0,0
2010,2010_0236_2010.jpg,/Users/captmj/Downloads/New_Dataset/2010/0236_2010.jpg,/Users/captmj/Downloads/New_Dataset/milco_dataset/images/2010/2010_0236_2010.jpg,/Users/captmj/Downloads/New_Dataset/milco_dataset/labels/2010/2010_0236_2010.txt,1,0,0,0
2010,2010_0237_2010.jpg,/Users/captmj/Downloads/New_Dataset/2010/0237_2010.jpg,/Users/captmj/Downloads/New_Dataset/milco_dataset/images/2010/2010_0237_2010.jpg,/Users/captmj/Downloads/New_Dataset/milco_dataset/labels/2010/2010_0237_2010.txt,1,0,0,0
2010,2010_0238_2010.jpg,/Users/captmj/Downloads/New_Dataset/2010/0238_2010.jpg,/Users/captmj/Downloads/New_Dataset/milco_dataset/images/2010/2010_0238_2010.jpg,/Users/captmj/Downloads/New_Dataset/milco_dataset/labels/2010/2010_0238_2010.txt,1,0,0,0
2010,2010_0239_2010.jpg,/Users/captmj/Downloads/New_Dataset/2010/0239_2010.jpg,/Users/captmj/Downloads/New_Dataset/milco_dataset/images/2010/2010_0239_2010.jpg,/Users/captmj/Downloads/New_Dataset/milco_dataset/labels/2010/2010_0239_2010.txt,1,0,0,0
2010,2010_0240_2010.jpg,/Users/captmj/Downloads/New_Dataset/2010/0240_2010.jpg,/Users/captmj/Downloads/New_Dataset/milco_dataset/images/2010/2010_0240_2010.jpg,/Users/captmj/Downloads/New_Dataset/milco_dataset/labels/2010/2010_0240_2010.txt,1,0,0,0
2010,2010_0241_2010.jpg,/Users/captmj/Downloads/New_Dataset/2010/0241_2010.jpg,/Users/captmj/Downloads/New_Dataset/milco_dataset/images/2010/2010_0241_2010.jpg,/Users/captmj/Downloads/New_Dataset/milco_dataset/labels/2010/2010_0241_2010.txt,1,0,0,0
2010,2010_0242_2010.jpg,/Users/captmj/Downloads/New_Dataset/2010/0242_2010.jpg,/Users/captmj/Downloads/New_Dataset/milco_dataset/images/2010/2010_0242_2010.jpg,/Users/captmj/Downloads/New_Dataset/milco_dataset/labels/2010/2010_0242_2010.txt,1,0,0,0
2010,2010_0243_2010.jpg,/Users/captmj/Downloads/New_Dataset/2010/0243_2010.jpg,/Users/captmj/Downloads/New_Dataset/milco_dataset/images/2010/2010_0243_2010.jpg,/Users/captmj/Downloads/New_Dataset/milco_dataset/labels/2010/2010_0243_2010.txt,1,0,0,0
2010,2010_0244_2010.jpg,/Users/captmj/Downloads/New_Dataset/2010/0244_2010.jpg,/Users/captmj/Downloads/New_Dataset/milco_dataset/images/2010/2010_0244_2010.jpg,/Users/captmj/Downloads/New_Dataset/milco_dataset/labels/2010/2010_0244_2010.txt,1,0,0,0
2010,2010_0245_2010.jpg,/Users/captmj/Downloads/New_Dataset/2010/0245_2010.jpg,/Users/captmj/Downloads/New_Dataset/milco_dataset/images/2010/2010_0245_2010.jpg,/Users/captmj/Downloads/New_Dataset/milco_dataset/labels/2010/2010_0245_2010.txt,1,0,0,0
2010,2010_0246_2010.jpg,/Users/captmj/Downloads/New_Dataset/2010/0246_2010.jpg,/Users/captmj/Downloads/New_Dataset/milco_dataset/images/2010/2010_0246_2010.jpg,/Users/captmj/Downloads/New_Dataset/milco_dataset/labels/2010/2010_0246_2010.txt,1,0,0,0
2010,2010_0247_2010.jpg,/Users/captmj/Downloads/New_Dataset/2010/0247_2010.jpg,/Users/captmj/Downloads/New_Dataset/milco_dataset/images/2010/2010_0247_2010.jpg,/Users/captmj/Downloads/New_Dataset/milco_dataset/labels/2010/2010_0247_2010.txt,1,0,0,0
2010,2010_0248_2010.jpg,/Users/captmj/Downloads/New_Dataset/2010/0248_2010.jpg,/Users/captmj/Downloads/New_Dataset/milco_dataset/images/2010/2010_0248_2010.jpg,/Users/captmj/Downloads/New_Dataset/milco_dataset/labels/2010/2010_0248_2010.txt,1,0,0,0
2010,2010_0249_2010.jpg,/Users/captmj/Downloads/New_Dataset/2010/0249_2010.jpg,/Users/captmj/Downloads/New_Dataset/milco_dataset/images/2010/2010_0249_2010.jpg,/Users/captmj/Downloads/New_Dataset/milco_dataset/labels/2010/2010_0249_2010.txt,1,0,0,0
2010,2010_0250_2010.jpg,/Users/captmj/Downloads/New_Dataset/2010/0250_2010.jpg,/Users/captmj/Downloads/New_Dataset/milco_dataset/images/2010/2010_0250_2010.jpg,/Users/captmj/Downloads/New_Dataset/milco_dataset/labels/2010/2010_0250_2010.txt,1,0,0,0
2010,2010_0251_2010.jpg,/Users/captmj/Downloads/New_Dataset/2010/0251_2010.jpg,/Users/captmj/Downloads/New_Dataset/milco_dataset/images/2010/2010_0251_2010.jpg,/Users/captmj/Downloads/New_Dataset/milco_dataset/labels/2010/2010_0251_2010.txt,1,0,0,0
2010,2010_0252_2010.jpg,/Users/captmj/Downloads/New_Dataset/2010/0252_2010.jpg,/Users/captmj/Downloads/New_Dataset/milco_dataset/images/2010/2010_0252_2010.jpg,/Users/captmj/Downloads/New_Dataset/milco_dataset/labels/2010/2010_0252_2010.txt,1,0,0,0
2010,2010_0253_2010.jpg,/Users/captmj/Downloads/New_Dataset/2010/0253_2010.jpg,/Users/captmj/Downloads/New_Dataset/milco_dataset/images/2010/2010_0253_2010.jpg,/Users/captmj/Downloads/New_Dataset/milco_dataset/labels/2010/2010_0253_2010.txt,1,0,0,0
2010,2010_0254_2010.jpg,/Users/captmj/Downloads/New_Dataset/2010/0254_2010.jpg,/Users/captmj/Downloads/New_Dataset/milco_dataset/images/2010/2010_0254_2010.jpg,/Users/captmj/Downloads/New_Dataset/milco_dataset/labels/2010/2010_0254_2010.txt,1,0,0,0
2010,2010_0255_2010.jpg,/Users/captmj/Downloads/New_Dataset/2010/0255_2010.jpg,/Users/captmj/Downloads/New_Dataset/milco_dataset/images/2010/2010_0255_2010.jpg,/Users/captmj/Downloads/New_Dataset/milco_dataset/labels/2010/2010_0255_2010.txt,1,0,0,0
2010,2010_0256_2010.jpg,/Users/captmj/Downloads/New_Dataset/2010/0256_2010.jpg,/Users/captmj/Downloads/New_Dataset/milco_dataset/images/2010/2010_0256_2010.jpg,/Users/captmj/Downloads/New_Dataset/milco_dataset/labels/2010/2010_0256_2010.txt,0,2,0,2
2010,2010_0257_2010.jpg,/Users/captmj/Downloads/New_Dataset/2010/0257_2010.jpg,/Users/captmj/Downloads/New_Dataset/milco_dataset/images/2010/2010_0257_2010.jpg,/Users/captmj/Downloads/New_Dataset/milco_dataset/labels/2010/2010_0257_2010.txt,0,2,0,2
2010,2010_0258_2010.jpg,/Users/captmj/Downloads/New_Dataset/2010/0258_2010.jpg,/Users/captmj/Downloads/New_Dataset/milco_dataset/images/2010/2010_0258_2010.jpg,/Users/captmj/Downloads/New_Dataset/milco_dataset/labels/2010/2010_0258_2010.txt,1,0,0,0
2010,2010_0259_2010.jpg,/Users/captmj/Downloads/New_Dataset/2010/0259_2010.jpg,/Users/captmj/Downloads/New_Dataset/milco_dataset/images/2010/2010_0259_2010.jpg,/Users/captmj/Downloads/New_Dataset/milco_dataset/labels/2010/2010_0259_2010.txt,1,0,0,0
2010,2010_0260_2010.jpg,/Users/captmj/Downloads/New_Dataset/2010/0260_2010.jpg,/Users/captmj/Downloads/New_Dataset/milco_dataset/images/2010/2010_0260_2010.jpg,/Users/captmj/Downloads/New_Dataset/milco_dataset/labels/2010/2010_0260_2010.txt,1,0,0,0
2010,2010_0261_2010.jpg,/Users/captmj/Downloads/New_Dataset/2010/0261_2010.jpg,/Users/captmj/Downloads/New_Dataset/milco_dataset/images/2010/2010_0261_2010.jpg,/Users/captmj/Downloads/New_Dataset/milco_dataset/labels/2010/2010_0261_2010.txt,1,0,0,0
2010,2010_0262_2010.jpg,/Users/captmj/Downloads/New_Dataset/2010/0262_2010.jpg,/Users/captmj/Downloads/New_Dataset/milco_dataset/images/2010/2010_0262_2010.jpg,/Users/captmj/Downloads/New_Dataset/milco_dataset/labels/2010/2010_0262_2010.txt,1,0,0,0
2010,2010_0263_2010.jpg,/Users/captmj/Downloads/New_Dataset/2010/0263_2010.jpg,/Users/captmj/Downloads/New_Dataset/milco_dataset/images/2010/2010_0263_2010.jpg,/Users/captmj/Downloads/New_Dataset/milco_dataset/labels/2010/2010_0263_2010.txt,1,0,0,0
2010,2010_0264_2010.jpg,/Users/captmj/Downloads/New_Dataset/2010/0264_2010.jpg,/Users/captmj/Downloads/New_Dataset/milco_dataset/images/2010/2010_0264_2010.jpg,/Users/captmj/Downloads/New_Dataset/milco_dataset/labels/2010/2010_0264_2010.txt,1,0,0,0
2010,2010_0265_2010.jpg,/Users/captmj/Downloads/New_Dataset/2010/0265_2010.jpg,/Users/captmj/Downloads/New_Dataset/milco_dataset/images/2010/2010_0265_2010.jpg,/Users/captmj/Downloads/New_Dataset/milco_dataset/labels/2010/2010_0265_2010.txt,1,0,0,0
2010,2010_0266_2010.jpg,/Users/captmj/Downloads/New_Dataset/2010/0266_2010.jpg,/Users/captmj/Downloads/New_Dataset/milco_dataset/images/2010/2010_0266_2010.jpg,/Users/captmj/Downloads/New_Dataset/milco_dataset/labels/2010/2010_0266_2010.txt,1,0,0,0
2010,2010_0267_2010.jpg,/Users/captmj/Downloads/New_Dataset/2010/0267_2010.jpg,/Users/captmj/Downloads/New_Dataset/milco_dataset/images/2010/2010_0267_2010.jpg,/Users/captmj/Downloads/New_Dataset/milco_dataset/labels/2010/2010_0267_2010.txt,1,0,0,0
2010,2010_0268_2010.jpg,/Users/captmj/Downloads/New_Dataset/2010/0268_2010.jpg,/Users/captmj/Downloads/New_Dataset/milco_dataset/images/2010/2010_0268_2010.jpg,/Users/captmj/Downloads/New_Dataset/milco_dataset/labels/2010/2010_0268_2010.txt,1,0,0,0
2010,2010_0269_2010.jpg,/Users/captmj/Downloads/New_Dataset/2010/0269_2010.jpg,/Users/captmj/Downloads/New_Dataset/milco_dataset/images/2010/2010_0269_2010.jpg,/Users/captmj/Downloads/New_Dataset/milco_dataset/labels/2010/2010_0269_2010.txt,1,0,0,0
2010,2010_0270_2010.jpg,/Users/captmj/Downloads/New_Dataset/2010/0270_2010.jpg,/Users/captmj/Downloads/New_Dataset/milco_dataset/images/2010/2010_0270_2010.jpg,/Users/captmj/Downloads/New_Dataset/milco_dataset/labels/2010/2010_0270_2010.txt,1,0,0,0
2010,2010_0271_2010.jpg,/Users/captmj/Downloads/New_Dataset/2010/0271_2010.jpg,/Users/captmj/Downloads/New_Dataset/milco_dataset/images/2010/2010_0271_2010.jpg,/Users/captmj/Downloads/New_Dataset/milco_dataset/labels/2010/2010_0271_2010.txt,1,0,0,0
2010,2010_0272_2010.jpg,/Users/captmj/Downloads/New_Dataset/2010/0272_2010.jpg,/Users/captmj/Downloads/New_Dataset/milco_dataset/images/2010/2010_0272_2010.jpg,/Users/captmj/Downloads/New_Dataset/milco_dataset/labels/2010/2010_0272_2010.txt,1,0,0,0
2010,2010_0273_2010.jpg,/Users/captmj/Downloads/New_Dataset/2010/0273_2010.jpg,/Users/captmj/Downloads/New_Dataset/milco_dataset/images/2010/2010_0273_2010.jpg,/Users/captmj/Downloads/New_Dataset/milco_dataset/labels/2010/2010_0273_2010.txt,1,0,0,0
2010,2010_0274_2010.jpg,/Users/captmj/Downloads/New_Dataset/2010/0274_2010.jpg,/Users/captmj/Downloads/New_Dataset/milco_dataset/images/2010/2010_0274_2010.jpg,/Users/captmj/Downloads/New_Dataset/milco_dataset/labels/2010/2010_0274_2010.txt,1,0,0,0
2010,2010_0275_2010.jpg,/Users/captmj/Downloads/New_Dataset/2010/0275_2010.jpg,/Users/captmj/Downloads/New_Dataset/milco_dataset/images/2010/2010_0275_2010.jpg,/Users/captmj/Downloads/New_Dataset/milco_dataset/labels/2010/2010_0275_2010.txt,1,0,0,0
2010,2010_0276_2010.jpg,/Users/captmj/Downloads/New_Dataset/2010/0276_2010.jpg,/Users/captmj/Downloads/New_Dataset/milco_dataset/images/2010/2010_0276_2010.jpg,/Users/captmj/Downloads/New_Dataset/milco_dataset/labels/2010/2010_0276_2010.txt,1,0,0,0
2010,2010_0277_2010.jpg,/Users/captmj/Downloads/New_Dataset/2010/0277_2010.jpg,/Users/captmj/Downloads/New_Dataset/milco_dataset/images/2010/2010_0277_2010.jpg,/Users/captmj/Downloads/New_Dataset/milco_dataset/labels/2010/2010_0277_2010.txt,1,0,0,0
2010,2010_0278_2010.jpg,/Users/captmj/Downloads/New_Dataset/2010/0278_2010.jpg,/Users/captmj/Downloads/New_Dataset/milco_dataset/images/2010/2010_0278_2010.jpg,/Users/captmj/Downloads/New_Dataset/milco_dataset/labels/2010/2010_0278_2010.txt,1,0,0,0
2010,2010_0279_2010.jpg,/Users/captmj/Downloads/New_Dataset/2010/0279_2010.jpg,/Users/captmj/Downloads/New_Dataset/milco_dataset/images/2010/2010_0279_2010.jpg,/Users/captmj/Downloads/New_Dataset/milco_dataset/labels/2010/2010_0279_2010.txt,1,0,0,0
2010,2010_0280_2010.jpg,/Users/captmj/Downloads/New_Dataset/2010/0280_2010.jpg,/Users/captmj/Downloads/New_Dataset/milco_dataset/images/2010/2010_0280_2010.jpg,/Users/captmj/Downloads/New_Dataset/milco_dataset/labels/2010/2010_0280_2010.txt,1,0,0,0
2010,2010_0281_2010.jpg,/Users/captmj/Downloads/New_Dataset/2010/0281_2010.jpg,/Users/captmj/Downloads/New_Dataset/milco_dataset/images/2010/2010_0281_2010.jpg,/Users/captmj/Downloads/New_Dataset/milco_dataset/labels/2010/2010_0281_2010.txt,1,0,0,0
2010,2010_0282_2010.jpg,/Users/captmj/Downloads/New_Dataset/2010/0282_2010.jpg,/Users/captmj/Downloads/New_Dataset/milco_dataset/images/2010/2010_0282_2010.jpg,/Users/captmj/Downloads/New_Dataset/milco_dataset/labels/2010/2010_0282_2010.txt,1,0,0,0
2010,2010_0283_2010.jpg,/Users/captmj/Downloads/New_Dataset/2010/0283_2010.jpg,/Users/captmj/Downloads/New_Dataset/milco_dataset/images/2010/2010_0283_2010.jpg,/Users/captmj/Downloads/New_Dataset/milco_dataset/labels/2010/2010_0283_2010.txt,1,0,0,0
2010,2010_0284_2010.jpg,/Users/captmj/Downloads/New_Dataset/2010/0284_2010.jpg,/Users/captmj/Downloads/New_Dataset/milco_dataset/images/2010/2010_0284_2010.jpg,/Users/captmj/Downloads/New_Dataset/milco_dataset/labels/2010/2010_0284_2010.txt,0,1,0,1
2010,2010_0285_2010.jpg,/Users/captmj/Downloads/New_Dataset/2010/0285_2010.jpg,/Users/captmj/Downloads/New_Dataset/milco_dataset/images/2010/2010_0285_2010.jpg,/Users/captmj/Downloads/New_Dataset/milco_dataset/labels/2010/2010_0285_2010.txt,1,0,0,0
2010,2010_0286_2010.jpg,/Users/captmj/Downloads/New_Dataset/2010/0286_2010.jpg,/Users/captmj/Downloads/New_Dataset/milco_dataset/images/2010/2010_0286_2010.jpg,/Users/captmj/Downloads/New_Dataset/milco_dataset/labels/2010/2010_0286_2010.txt,1,0,0,0
2010,2010_0287_2010.jpg,/Users/captmj/Downloads/New_Dataset/2010/0287_2010.jpg,/Users/captmj/Downloads/New_Dataset/milco_dataset/images/2010/2010_0287_2010.jpg,/Users/captmj/Downloads/New_Dataset/milco_dataset/labels/2010/2010_0287_2010.txt,1,0,0,0
2010,2010_0288_2010.jpg,/Users/captmj/Downloads/New_Dataset/2010/0288_2010.jpg,/Users/captmj/Downloads/New_Dataset/milco_dataset/images/2010/2010_0288_2010.jpg,/Users/captmj/Downloads/New_Dataset/milco_dataset/labels/2010/2010_0288_2010.txt,1,0,0,0
2010,2010_0289_2010.jpg,/Users/captmj/Downloads/New_Dataset/2010/0289_2010.jpg,/Users/captmj/Downloads/New_Dataset/milco_dataset/images/2010/2010_0289_2010.jpg,/Users/captmj/Downloads/New_Dataset/milco_dataset/labels/2010/2010_0289_2010.txt,1,0,0,0
2010,2010_0290_2010.jpg,/Users/captmj/Downloads/New_Dataset/2010/0290_2010.jpg,/Users/captmj/Downloads/New_Dataset/milco_dataset/images/2010/2010_0290_2010.jpg,/Users/captmj/Downloads/New_Dataset/milco_dataset/labels/2010/2010_0290_2010.txt,1,0,0,0
2010,2010_0291_2010.jpg,/Users/captmj/Downloads/New_Dataset/2010/0291_2010.jpg,/Users/captmj/Downloads/New_Dataset/milco_dataset/images/2010/2010_0291_2010.jpg,/Users/captmj/Downloads/New_Dataset/milco_dataset/labels/2010/2010_0291_2010.txt,1,0,0,0
2010,2010_0292_2010.jpg,/Users/captmj/Downloads/New_Dataset/2010/0292_2010.jpg,/Users/captmj/Downloads/New_Dataset/milco_dataset/images/2010/2010_0292_2010.jpg,/Users/captmj/Downloads/New_Dataset/milco_dataset/labels/2010/2010_0292_2010.txt,1,0,0,0
2010,2010_0293_2010.jpg,/Users/captmj/Downloads/New_Dataset/2010/0293_2010.jpg,/Users/captmj/Downloads/New_Dataset/milco_dataset/images/2010/2010_0293_2010.jpg,/Users/captmj/Downloads/New_Dataset/milco_dataset/labels/2010/2010_0293_2010.txt,1,0,0,0
2010,2010_0294_2010.jpg,/Users/captmj/Downloads/New_Dataset/2010/0294_2010.jpg,/Users/captmj/Downloads/New_Dataset/milco_dataset/images/2010/2010_0294_2010.jpg,/Users/captmj/Downloads/New_Dataset/milco_dataset/labels/2010/2010_0294_2010.txt,1,0,0,0
2010,2010_0295_2010.jpg,/Users/captmj/Downloads/New_Dataset/2010/0295_2010.jpg,/Users/captmj/Downloads/New_Dataset/milco_dataset/images/2010/2010_0295_2010.jpg,/Users/captmj/Downloads/New_Dataset/milco_dataset/labels/2010/2010_0295_2010.txt,1,0,0,0
2010,2010_0296_2010.jpg,/Users/captmj/Downloads/New_Dataset/2010/0296_2010.jpg,/Users/captmj/Downloads/New_Dataset/milco_dataset/images/2010/2010_0296_2010.jpg,/Users/captmj/Downloads/New_Dataset/milco_dataset/labels/2010/2010_0296_2010.txt,1,0,0,0
2010,2010_0297_2010.jpg,/Users/captmj/Downloads/New_Dataset/2010/0297_2010.jpg,/Users/captmj/Downloads/New_Dataset/milco_dataset/images/2010/2010_0297_2010.jpg,/Users/captmj/Downloads/New_Dataset/milco_dataset/labels/2010/2010_0297_2010.txt,1,0,0,0
2010,2010_0298_2010.jpg,/Users/captmj/Downloads/New_Dataset/2010/0298_2010.jpg,/Users/captmj/Downloads/New_Dataset/milco_dataset/images/2010/2010_0298_2010.jpg,/Users/captmj/Downloads/New_Dataset/milco_dataset/labels/2010/2010_0298_2010.txt,1,0,0,0
2010,2010_0299_2010.jpg,/Users/captmj/Downloads/New_Dataset/2010/0299_2010.jpg,/Users/captmj/Downloads/New_Dataset/milco_dataset/images/2010/2010_0299_2010.jpg,/Users/captmj/Downloads/New_Dataset/milco_dataset/labels/2010/2010_0299_2010.txt,0,1,0,1
2010,2010_0300_2010.jpg,/Users/captmj/Downloads/New_Dataset/2010/0300_2010.jpg,/Users/captmj/Downloads/New_Dataset/milco_dataset/images/2010/2010_0300_2010.jpg,/Users/captmj/Downloads/New_Dataset/milco_dataset/labels/2010/2010_0300_2010.txt,0,1,0,1
2010,2010_0301_2010.jpg,/Users/captmj/Downloads/New_Dataset/2010/0301_2010.jpg,/Users/captmj/Downloads/New_Dataset/milco_dataset/images/2010/2010_0301_2010.jpg,/Users/captmj/Downloads/New_Dataset/milco_dataset/labels/2010/2010_0301_2010.txt,1,0,0,0
2010,2010_0302_2010.jpg,/Users/captmj/Downloads/New_Dataset/2010/0302_2010.jpg,/Users/captmj/Downloads/New_Dataset/milco_dataset/images/2010/2010_0302_2010.jpg,/Users/captmj/Downloads/New_Dataset/milco_dataset/labels/2010/2010_0302_2010.txt,0,1,0,1
2010,2010_0303_2010.jpg,/Users/captmj/Downloads/New_Dataset/2010/0303_2010.jpg,/Users/captmj/Downloads/New_Dataset/milco_dataset/images/2010/2010_0303_2010.jpg,/Users/captmj/Downloads/New_Dataset/milco_dataset/labels/2010/2010_0303_2010.txt,1,0,0,0
2010,2010_0304_2010.jpg,/Users/captmj/Downloads/New_Dataset/2010/0304_2010.jpg,/Users/captmj/Downloads/New_Dataset/milco_dataset/images/2010/2010_0304_2010.jpg,/Users/captmj/Downloads/New_Dataset/milco_dataset/labels/2010/2010_0304_2010.txt,1,0,0,0
2010,2010_0305_2010.jpg,/Users/captmj/Downloads/New_Dataset/2010/0305_2010.jpg,/Users/captmj/Downloads/New_Dataset/milco_dataset/images/2010/2010_0305_2010.jpg,/Users/captmj/Downloads/New_Dataset/milco_dataset/labels/2010/2010_0305_2010.txt,0,1,0,1
2010,2010_0306_2010.jpg,/Users/captmj/Downloads/New_Dataset/2010/0306_2010.jpg,/Users/captmj/Downloads/New_Dataset/milco_dataset/images/2010/2010_0306_2010.jpg,/Users/captmj/Downloads/New_Dataset/milco_dataset/labels/2010/2010_0306_2010.txt,1,0,0,0
2010,2010_0307_2010.jpg,/Users/captmj/Downloads/New_Dataset/2010/0307_2010.jpg,/Users/captmj/Downloads/New_Dataset/milco_dataset/images/2010/2010_0307_2010.jpg,/Users/captmj/Downloads/New_Dataset/milco_dataset/labels/2010/2010_0307_2010.txt,0,1,0,1
2010,2010_0308_2010.jpg,/Users/captmj/Downloads/New_Dataset/2010/0308_2010.jpg,/Users/captmj/Downloads/New_Dataset/milco_dataset/images/2010/2010_0308_2010.jpg,/Users/captmj/Downloads/New_Dataset/milco_dataset/labels/2010/2010_0308_2010.txt,1,0,0,0
2010,2010_0309_2010.jpg,/Users/captmj/Downloads/New_Dataset/2010/0309_2010.jpg,/Users/captmj/Downloads/New_Dataset/milco_dataset/images/2010/2010_0309_2010.jpg,/Users/captmj/Downloads/New_Dataset/milco_dataset/labels/2010/2010_0309_2010.txt,1,0,0,0
2010,2010_0310_2010.jpg,/Users/captmj/Downloads/New_Dataset/2010/0310_2010.jpg,/Users/captmj/Downloads/New_Dataset/milco_dataset/images/2010/2010_0310_2010.jpg,/Users/captmj/Downloads/New_Dataset/milco_dataset/labels/2010/2010_0310_2010.txt,1,0,0,0
2010,2010_0311_2010.jpg,/Users/captmj/Downloads/New_Dataset/2010/0311_2010.jpg,/Users/captmj/Downloads/New_Dataset/milco_dataset/images/2010/2010_0311_2010.jpg,/Users/captmj/Downloads/New_Dataset/milco_dataset/labels/2010/2010_0311_2010.txt,1,0,0,0
2010,2010_0312_2010.jpg,/Users/captmj/Downloads/New_Dataset/2010/0312_2010.jpg,/Users/captmj/Downloads/New_Dataset/milco_dataset/images/2010/2010_0312_2010.jpg,/Users/captmj/Downloads/New_Dataset/milco_dataset/labels/2010/2010_0312_2010.txt,1,0,0,0
2010,2010_0313_2010.jpg,/Users/captmj/Downloads/New_Dataset/2010/0313_2010.jpg,/Users/captmj/Downloads/New_Dataset/milco_dataset/images/2010/2010_0313_2010.jpg,/Users/captmj/Downloads/New_Dataset/milco_dataset/labels/2010/2010_0313_2010.txt,0,0,1,1
2010,2010_0314_2010.jpg,/Users/captmj/Downloads/New_Dataset/2010/0314_2010.jpg,/Users/captmj/Downloads/New_Dataset/milco_dataset/images/2010/2010_0314_2010.jpg,/Users/captmj/Downloads/New_Dataset/milco_dataset/labels/2010/2010_0314_2010.txt,0,0,1,1
2010,2010_0315_2010.jpg,/Users/captmj/Downloads/New_Dataset/2010/0315_2010.jpg,/Users/captmj/Downloads/New_Dataset/milco_dataset/images/2010/2010_0315_2010.jpg,/Users/captmj/Downloads/New_Dataset/milco_dataset/labels/2010/2010_0315_2010.txt,0,1,1,2
2010,2010_0316_2010.jpg,/Users/captmj/Downloads/New_Dataset/2010/0316_2010.jpg,/Users/captmj/Downloads/New_Dataset/milco_dataset/images/2010/2010_0316_2010.jpg,/Users/captmj/Downloads/New_Dataset/milco_dataset/labels/2010/2010_0316_2010.txt,0,1,1,2
2010,2010_0317_2010.jpg,/Users/captmj/Downloads/New_Dataset/2010/0317_2010.jpg,/Users/captmj/Downloads/New_Dataset/milco_dataset/images/2010/2010_0317_2010.jpg,/Users/captmj/Downloads/New_Dataset/milco_dataset/labels/2010/2010_0317_2010.txt,0,0,1,1
2010,2010_0318_2010.jpg,/Users/captmj/Downloads/New_Dataset/2010/0318_2010.jpg,/Users/captmj/Downloads/New_Dataset/milco_dataset/images/2010/2010_0318_2010.jpg,/Users/captmj/Downloads/New_Dataset/milco_dataset/labels/2010/2010_0318_2010.txt,0,0,1,1
2010,2010_0319_2010.jpg,/Users/captmj/Downloads/New_Dataset/2010/0319_2010.jpg,/Users/captmj/Downloads/New_Dataset/milco_dataset/images/2010/2010_0319_2010.jpg,/Users/captmj/Downloads/New_Dataset/milco_dataset/labels/2010/2010_0319_2010.txt,1,0,0,0
2010,2010_0320_2010.jpg,/Users/captmj/Downloads/New_Dataset/2010/0320_2010.jpg,/Users/captmj/Downloads/New_Dataset/milco_dataset/images/2010/2010_0320_2010.jpg,/Users/captmj/Downloads/New_Dataset/milco_dataset/labels/2010/2010_0320_2010.txt,1,0,0,0
2010,2010_0321_2010.jpg,/Users/captmj/Downloads/New_Dataset/2010/0321_2010.jpg,/Users/captmj/Downloads/New_Dataset/milco_dataset/images/2010/2010_0321_2010.jpg,/Users/captmj/Downloads/New_Dataset/milco_dataset/labels/2010/2010_0321_2010.txt,1,0,0,0
2010,2010_0322_2010.jpg,/Users/captmj/Downloads/New_Dataset/2010/0322_2010.jpg,/Users/captmj/Downloads/New_Dataset/milco_dataset/images/2010/2010_0322_2010.jpg,/Users/captmj/Downloads/New_Dataset/milco_dataset/labels/2010/2010_0322_2010.txt,0,1,0,1
2010,2010_0323_2010.jpg,/Users/captmj/Downloads/New_Dataset/2010/0323_2010.jpg,/Users/captmj/Downloads/New_Dataset/milco_dataset/images/2010/2010_0323_2010.jpg,/Users/captmj/Downloads/New_Dataset/milco_dataset/labels/2010/2010_0323_2010.txt,1,0,0,0
2010,2010_0324_2010.jpg,/Users/captmj/Downloads/New_Dataset/2010/0324_2010.jpg,/Users/captmj/Downloads/New_Dataset/milco_dataset/images/2010/2010_0324_2010.jpg,/Users/captmj/Downloads/New_Dataset/milco_dataset/labels/2010/2010_0324_2010.txt,0,1,1,2
2010,2010_0325_2010.jpg,/Users/captmj/Downloads/New_Dataset/2010/0325_2010.jpg,/Users/captmj/Downloads/New_Dataset/milco_dataset/images/2010/2010_0325_2010.jpg,/Users/captmj/Downloads/New_Dataset/milco_dataset/labels/2010/2010_0325_2010.txt,0,1,1,2
2010,2010_0326_2010.jpg,/Users/captmj/Downloads/New_Dataset/2010/0326_2010.jpg,/Users/captmj/Downloads/New_Dataset/milco_dataset/images/2010/2010_0326_2010.jpg,/Users/captmj/Downloads/New_Dataset/milco_dataset/labels/2010/2010_0326_2010.txt,1,0,0,0
2010,2010_0327_2010.jpg,/Users/captmj/Downloads/New_Dataset/2010/0327_2010.jpg,/Users/captmj/Downloads/New_Dataset/milco_dataset/images/2010/2010_0327_2010.jpg,/Users/captmj/Downloads/New_Dataset/milco_dataset/labels/2010/2010_0327_2010.txt,0,0,1,1
2010,2010_0328_2010.jpg,/Users/captmj/Downloads/New_Dataset/2010/0328_2010.jpg,/Users/captmj/Downloads/New_Dataset/milco_dataset/images/2010/2010_0328_2010.jpg,/Users/captmj/Downloads/New_Dataset/milco_dataset/labels/2010/2010_0328_2010.txt,0,0,1,1
2010,2010_0329_2010.jpg,/Users/captmj/Downloads/New_Dataset/2010/0329_2010.jpg,/Users/captmj/Downloads/New_Dataset/milco_dataset/images/2010/2010_0329_2010.jpg,/Users/captmj/Downloads/New_Dataset/milco_dataset/labels/2010/2010_0329_2010.txt,1,0,0,0
2010,2010_0330_2010.jpg,/Users/captmj/Downloads/New_Dataset/2010/0330_2010.jpg,/Users/captmj/Downloads/New_Dataset/milco_dataset/images/2010/2010_0330_2010.jpg,/Users/captmj/Downloads/New_Dataset/milco_dataset/labels/2010/2010_0330_2010.txt,1,0,0,0
2010,2010_0331_2010.jpg,/Users/captmj/Downloads/New_Dataset/2010/0331_2010.jpg,/Users/captmj/Downloads/New_Dataset/milco_dataset/images/2010/2010_0331_2010.jpg,/Users/captmj/Downloads/New_Dataset/milco_dataset/labels/2010/2010_0331_2010.txt,1,0,0,0
2010,2010_0332_2010.jpg,/Users/captmj/Downloads/New_Dataset/2010/0332_2010.jpg,/Users/captmj/Downloads/New_Dataset/milco_dataset/images/2010/2010_0332_2010.jpg,/Users/captmj/Downloads/New_Dataset/milco_dataset/labels/2010/2010_0332_2010.txt,1,0,0,0
2010,2010_0333_2010.jpg,/Users/captmj/Downloads/New_Dataset/2010/0333_2010.jpg,/Users/captmj/Downloads/New_Dataset/milco_dataset/images/2010/2010_0333_2010.jpg,/Users/captmj/Downloads/New_Dataset/milco_dataset/labels/2010/2010_0333_2010.txt,1,0,0,0
2010,2010_0334_2010.jpg,/Users/captmj/Downloads/New_Dataset/2010/0334_2010.jpg,/Users/captmj/Downloads/New_Dataset/milco_dataset/images/2010/2010_0334_2010.jpg,/Users/captmj/Downloads/New_Dataset/milco_dataset/labels/2010/2010_0334_2010.txt,1,0,0,0
2010,2010_0335_2010.jpg,/Users/captmj/Downloads/New_Dataset/2010/0335_2010.jpg,/Users/captmj/Downloads/New_Dataset/milco_dataset/images/2010/2010_0335_2010.jpg,/Users/captmj/Downloads/New_Dataset/milco_dataset/labels/2010/2010_0335_2010.txt,1,0,0,0
2010,2010_0336_2010.jpg,/Users/captmj/Downloads/New_Dataset/2010/0336_2010.jpg,/Users/captmj/Downloads/New_Dataset/milco_dataset/images/2010/2010_0336_2010.jpg,/Users/captmj/Downloads/New_Dataset/milco_dataset/labels/2010/2010_0336_2010.txt,1,0,0,0
2010,2010_0337_2010.jpg,/Users/captmj/Downloads/New_Dataset/2010/0337_2010.jpg,/Users/captmj/Downloads/New_Dataset/milco_dataset/images/2010/2010_0337_2010.jpg,/Users/captmj/Downloads/New_Dataset/milco_dataset/labels/2010/2010_0337_2010.txt,1,0,0,0
2010,2010_0338_2010.jpg,/Users/captmj/Downloads/New_Dataset/2010/0338_2010.jpg,/Users/captmj/Downloads/New_Dataset/milco_dataset/images/2010/2010_0338_2010.jpg,/Users/captmj/Downloads/New_Dataset/milco_dataset/labels/2010/2010_0338_2010.txt,0,1,0,1
2010,2010_0339_2010.jpg,/Users/captmj/Downloads/New_Dataset/2010/0339_2010.jpg,/Users/captmj/Downloads/New_Dataset/milco_dataset/images/2010/2010_0339_2010.jpg,/Users/captmj/Downloads/New_Dataset/milco_dataset/labels/2010/2010_0339_2010.txt,0,1,0,1
2010,2010_0340_2010.jpg,/Users/captmj/Downloads/New_Dataset/2010/0340_2010.jpg,/Users/captmj/Downloads/New_Dataset/milco_dataset/images/2010/2010_0340_2010.jpg,/Users/captmj/Downloads/New_Dataset/milco_dataset/labels/2010/2010_0340_2010.txt,1,0,0,0
2010,2010_0341_2010.jpg,/Users/captmj/Downloads/New_Dataset/2010/0341_2010.jpg,/Users/captmj/Downloads/New_Dataset/milco_dataset/images/2010/2010_0341_2010.jpg,/Users/captmj/Downloads/New_Dataset/milco_dataset/labels/2010/2010_0341_2010.txt,1,0,0,0
2010,2010_0342_2010.jpg,/Users/captmj/Downloads/New_Dataset/2010/0342_2010.jpg,/Users/captmj/Downloads/New_Dataset/milco_dataset/images/2010/2010_0342_2010.jpg,/Users/captmj/Downloads/New_Dataset/milco_dataset/labels/2010/2010_0342_2010.txt,0,1,0,1
2010,2010_0343_2010.jpg,/Users/captmj/Downloads/New_Dataset/2010/0343_2010.jpg,/Users/captmj/Downloads/New_Dataset/milco_dataset/images/2010/2010_0343_2010.jpg,/Users/captmj/Downloads/New_Dataset/milco_dataset/labels/2010/2010_0343_2010.txt,0,1,0,1
2010,2010_0344_2010.jpg,/Users/captmj/Downloads/New_Dataset/2010/0344_2010.jpg,/Users/captmj/Downloads/New_Dataset/milco_dataset/images/2010/2010_0344_2010.jpg,/Users/captmj/Downloads/New_Dataset/milco_dataset/labels/2010/2010_0344_2010.txt,1,0,0,0
2010,2010_0345_2010.jpg,/Users/captmj/Downloads/New_Dataset/2010/0345_2010.jpg,/Users/captmj/Downloads/New_Dataset/milco_dataset/images/2010/2010_0345_2010.jpg,/Users/captmj/Downloads/New_Dataset/milco_dataset/labels/2010/2010_0345_2010.txt,1,0,0,0
2015,2015_0001_2015.jpg,/Users/captmj/Downloads/New_Dataset/2015/0001_2015.jpg,/Users/captmj/Downloads/New_Dataset/milco_dataset/images/2015/2015_0001_2015.jpg,/Users/captmj/Downloads/New_Dataset/milco_dataset/labels/2015/2015_0001_2015.txt,0,3,3,6
2015,2015_0002_2015.jpg,/Users/captmj/Downloads/New_Dataset/2015/0002_2015.jpg,/Users/captmj/Downloads/New_Dataset/milco_dataset/images/2015/2015_0002_2015.jpg,/Users/captmj/Downloads/New_Dataset/milco_dataset/labels/2015/2015_0002_2015.txt,0,3,2,5
2015,2015_0003_2015.jpg,/Users/captmj/Downloads/New_Dataset/2015/0003_2015.jpg,/Users/captmj/Downloads/New_Dataset/milco_dataset/images/2015/2015_0003_2015.jpg,/Users/captmj/Downloads/New_Dataset/milco_dataset/labels/2015/2015_0003_2015.txt,0,3,2,5
2015,2015_0004_2015.jpg,/Users/captmj/Downloads/New_Dataset/2015/0004_2015.jpg,/Users/captmj/Downloads/New_Dataset/milco_dataset/images/2015/2015_0004_2015.jpg,/Users/captmj/Downloads/New_Dataset/milco_dataset/labels/2015/2015_0004_2015.txt,0,4,1,5
2015,2015_0005_2015.jpg,/Users/captmj/Downloads/New_Dataset/2015/0005_2015.jpg,/Users/captmj/Downloads/New_Dataset/milco_dataset/images/2015/2015_0005_2015.jpg,/Users/captmj/Downloads/New_Dataset/milco_dataset/labels/2015/2015_0005_2015.txt,0,4,1,5
2015,2015_0006_2015.jpg,/Users/captmj/Downloads/New_Dataset/2015/0006_2015.jpg,/Users/captmj/Downloads/New_Dataset/milco_dataset/images/2015/2015_0006_2015.jpg,/Users/captmj/Downloads/New_Dataset/milco_dataset/labels/2015/2015_0006_2015.txt,0,1,2,3
2015,2015_0007_2015.jpg,/Users/captmj/Downloads/New_Dataset/2015/0007_2015.jpg,/Users/captmj/Downloads/New_Dataset/milco_dataset/images/2015/2015_0007_2015.jpg,/Users/captmj/Downloads/New_Dataset/milco_dataset/labels/2015/2015_0007_2015.txt,0,7,0,7
2015,2015_0008_2015.jpg,/Users/captmj/Downloads/New_Dataset/2015/0008_2015.jpg,/Users/captmj/Downloads/New_Dataset/milco_dataset/images/2015/2015_0008_2015.jpg,/Users/captmj/Downloads/New_Dataset/milco_dataset/labels/2015/2015_0008_2015.txt,0,7,0,7
2015,2015_0009_2015.jpg,/Users/captmj/Downloads/New_Dataset/2015/0009_2015.jpg,/Users/captmj/Downloads/New_Dataset/milco_dataset/images/2015/2015_0009_2015.jpg,/Users/captmj/Downloads/New_Dataset/milco_dataset/labels/2015/2015_0009_2015.txt,0,3,3,6
2015,2015_0010_2015.jpg,/Users/captmj/Downloads/New_Dataset/2015/0010_2015.jpg,/Users/captmj/Downloads/New_Dataset/milco_dataset/images/2015/2015_0010_2015.jpg,/Users/captmj/Downloads/New_Dataset/milco_dataset/labels/2015/2015_0010_2015.txt,0,3,3,6
2015,2015_0011_2015.jpg,/Users/captmj/Downloads/New_Dataset/2015/0011_2015.jpg,/Users/captmj/Downloads/New_Dataset/milco_dataset/images/2015/2015_0011_2015.jpg,/Users/captmj/Downloads/New_Dataset/milco_dataset/labels/2015/2015_0011_2015.txt,0,2,0,2
2015,2015_0012_2015.jpg,/Users/captmj/Downloads/New_Dataset/2015/0012_2015.jpg,/Users/captmj/Downloads/New_Dataset/milco_dataset/images/2015/2015_0012_2015.jpg,/Users/captmj/Downloads/New_Dataset/milco_dataset/labels/2015/2015_0012_2015.txt,0,2,0,2
2015,2015_0013_2015.jpg,/Users/captmj/Downloads/New_Dataset/2015/0013_2015.jpg,/Users/captmj/Downloads/New_Dataset/milco_dataset/images/2015/2015_0013_2015.jpg,/Users/captmj/Downloads/New_Dataset/milco_dataset/labels/2015/2015_0013_2015.txt,0,1,4,5
2015,2015_0014_2015.jpg,/Users/captmj/Downloads/New_Dataset/2015/0014_2015.jpg,/Users/captmj/Downloads/New_Dataset/milco_dataset/images/2015/2015_0014_2015.jpg,/Users/captmj/Downloads/New_Dataset/milco_dataset/labels/2015/2015_0014_2015.txt,0,1,4,5
2015,2015_0015_2015.jpg,/Users/captmj/Downloads/New_Dataset/2015/0015_2015.jpg,/Users/captmj/Downloads/New_Dataset/milco_dataset/images/2015/2015_0015_2015.jpg,/Users/captmj/Downloads/New_Dataset/milco_dataset/labels/2015/2015_0015_2015.txt,0,2,1,3
2015,2015_0016_2015.jpg,/Users/captmj/Downloads/New_Dataset/2015/0016_2015.jpg,/Users/captmj/Downloads/New_Dataset/milco_dataset/images/2015/2015_0016_2015.jpg,/Users/captmj/Downloads/New_Dataset/milco_dataset/labels/2015/2015_0016_2015.txt,0,2,1,3
2015,2015_0017_2015.jpg,/Users/captmj/Downloads/New_Dataset/2015/0017_2015.jpg,/Users/captmj/Downloads/New_Dataset/milco_dataset/images/2015/2015_0017_2015.jpg,/Users/captmj/Downloads/New_Dataset/milco_dataset/labels/2015/2015_0017_2015.txt,0,1,2,3
2015,2015_0018_2015.jpg,/Users/captmj/Downloads/New_Dataset/2015/0018_2015.jpg,/Users/captmj/Downloads/New_Dataset/milco_dataset/images/2015/2015_0018_2015.jpg,/Users/captmj/Downloads/New_Dataset/milco_dataset/labels/2015/2015_0018_2015.txt,0,1,2,3
2015,2015_0019_2015.jpg,/Users/captmj/Downloads/New_Dataset/2015/0019_2015.jpg,/Users/captmj/Downloads/New_Dataset/milco_dataset/images/2015/2015_0019_2015.jpg,/Users/captmj/Downloads/New_Dataset/milco_dataset/labels/2015/2015_0019_2015.txt,0,1,1,2
2015,2015_0020_2015.jpg,/Users/captmj/Downloads/New_Dataset/2015/0020_2015.jpg,/Users/captmj/Downloads/New_Dataset/milco_dataset/images/2015/2015_0020_2015.jpg,/Users/captmj/Downloads/New_Dataset/milco_dataset/labels/2015/2015_0020_2015.txt,0,1,1,2
2015,2015_0021_2015.jpg,/Users/captmj/Downloads/New_Dataset/2015/0021_2015.jpg,/Users/captmj/Downloads/New_Dataset/milco_dataset/images/2015/2015_0021_2015.jpg,/Users/captmj/Downloads/New_Dataset/milco_dataset/labels/2015/2015_0021_2015.txt,0,4,0,4
2015,2015_0022_2015.jpg,/Users/captmj/Downloads/New_Dataset/2015/0022_2015.jpg,/Users/captmj/Downloads/New_Dataset/milco_dataset/images/2015/2015_0022_2015.jpg,/Users/captmj/Downloads/New_Dataset/milco_dataset/labels/2015/2015_0022_2015.txt,0,2,0,2
2015,2015_0023_2015.jpg,/Users/captmj/Downloads/New_Dataset/2015/0023_2015.jpg,/Users/captmj/Downloads/New_Dataset/milco_dataset/images/2015/2015_0023_2015.jpg,/Users/captmj/Downloads/New_Dataset/milco_dataset/labels/2015/2015_0023_2015.txt,0,1,0,1
2015,2015_0024_2015.jpg,/Users/captmj/Downloads/New_Dataset/2015/0024_2015.jpg,/Users/captmj/Downloads/New_Dataset/milco_dataset/images/2015/2015_0024_2015.jpg,/Users/captmj/Downloads/New_Dataset/milco_dataset/labels/2015/2015_0024_2015.txt,0,1,0,1
2015,2015_0025_2015.jpg,/Users/captmj/Downloads/New_Dataset/2015/0025_2015.jpg,/Users/captmj/Downloads/New_Dataset/milco_dataset/images/2015/2015_0025_2015.jpg,/Users/captmj/Downloads/New_Dataset/milco_dataset/labels/2015/2015_0025_2015.txt,0,1,2,3
2015,2015_0026_2015.jpg,/Users/captmj/Downloads/New_Dataset/2015/0026_2015.jpg,/Users/captmj/Downloads/New_Dataset/milco_dataset/images/2015/2015_0026_2015.jpg,/Users/captmj/Downloads/New_Dataset/milco_dataset/labels/2015/2015_0026_2015.txt,0,1,2,3
2015,2015_0027_2015.jpg,/Users/captmj/Downloads/New_Dataset/2015/0027_2015.jpg,/Users/captmj/Downloads/New_Dataset/milco_dataset/images/2015/2015_0027_2015.jpg,/Users/captmj/Downloads/New_Dataset/milco_dataset/labels/2015/2015_0027_2015.txt,0,1,2,3
2015,2015_0028_2015.jpg,/Users/captmj/Downloads/New_Dataset/2015/0028_2015.jpg,/Users/captmj/Downloads/New_Dataset/milco_dataset/images/2015/2015_0028_2015.jpg,/Users/captmj/Downloads/New_Dataset/milco_dataset/labels/2015/2015_0028_2015.txt,0,1,2,3
2015,2015_0029_2015.jpg,/Users/captmj/Downloads/New_Dataset/2015/0029_2015.jpg,/Users/captmj/Downloads/New_Dataset/milco_dataset/images/2015/2015_0029_2015.jpg,/Users/captmj/Downloads/New_Dataset/milco_dataset/labels/2015/2015_0029_2015.txt,0,3,0,3
2015,2015_0030_2015.jpg,/Users/captmj/Downloads/New_Dataset/2015/0030_2015.jpg,/Users/captmj/Downloads/New_Dataset/milco_dataset/images/2015/2015_0030_2015.jpg,/Users/captmj/Downloads/New_Dataset/milco_dataset/labels/2015/2015_0030_2015.txt,0,3,0,3
2015,2015_0031_2015.jpg,/Users/captmj/Downloads/New_Dataset/2015/0031_2015.jpg,/Users/captmj/Downloads/New_Dataset/milco_dataset/images/2015/2015_0031_2015.jpg,/Users/captmj/Downloads/New_Dataset/milco_dataset/labels/2015/2015_0031_2015.txt,0,1,0,1
2015,2015_0032_2015.jpg,/Users/captmj/Downloads/New_Dataset/2015/0032_2015.jpg,/Users/captmj/Downloads/New_Dataset/milco_dataset/images/2015/2015_0032_2015.jpg,/Users/captmj/Downloads/New_Dataset/milco_dataset/labels/2015/2015_0032_2015.txt,0,2,1,3
2015,2015_0033_2015.jpg,/Users/captmj/Downloads/New_Dataset/2015/0033_2015.jpg,/Users/captmj/Downloads/New_Dataset/milco_dataset/images/2015/2015_0033_2015.jpg,/Users/captmj/Downloads/New_Dataset/milco_dataset/labels/2015/2015_0033_2015.txt,0,2,1,3
2015,2015_0034_2015.jpg,/Users/captmj/Downloads/New_Dataset/2015/0034_2015.jpg,/Users/captmj/Downloads/New_Dataset/milco_dataset/images/2015/2015_0034_2015.jpg,/Users/captmj/Downloads/New_Dataset/milco_dataset/labels/2015/2015_0034_2015.txt,0,2,0,2
2015,2015_0035_2015.jpg,/Users/captmj/Downloads/New_Dataset/2015/0035_2015.jpg,/Users/captmj/Downloads/New_Dataset/milco_dataset/images/2015/2015_0035_2015.jpg,/Users/captmj/Downloads/New_Dataset/milco_dataset/labels/2015/2015_0035_2015.txt,0,2,0,2
2015,2015_0036_2015.jpg,/Users/captmj/Downloads/New_Dataset/2015/0036_2015.jpg,/Users/captmj/Downloads/New_Dataset/milco_dataset/images/2015/2015_0036_2015.jpg,/Users/captmj/Downloads/New_Dataset/milco_dataset/labels/2015/2015_0036_2015.txt,0,1,0,1
2015,2015_0037_2015.jpg,/Users/captmj/Downloads/New_Dataset/2015/0037_2015.jpg,/Users/captmj/Downloads/New_Dataset/milco_dataset/images/2015/2015_0037_2015.jpg,/Users/captmj/Downloads/New_Dataset/milco_dataset/labels/2015/2015_0037_2015.txt,0,1,0,1
2015,2015_0038_2015.jpg,/Users/captmj/Downloads/New_Dataset/2015/0038_2015.jpg,/Users/captmj/Downloads/New_Dataset/milco_dataset/images/2015/2015_0038_2015.jpg,/Users/captmj/Downloads/New_Dataset/milco_dataset/labels/2015/2015_0038_2015.txt,0,4,1,5
2015,2015_0039_2015.jpg,/Users/captmj/Downloads/New_Dataset/2015/0039_2015.jpg,/Users/captmj/Downloads/New_Dataset/milco_dataset/images/2015/2015_0039_2015.jpg,/Users/captmj/Downloads/New_Dataset/milco_dataset/labels/2015/2015_0039_2015.txt,0,4,1,5
2015,2015_0040_2015.jpg,/Users/captmj/Downloads/New_Dataset/2015/0040_2015.jpg,/Users/captmj/Downloads/New_Dataset/milco_dataset/images/2015/2015_0040_2015.jpg,/Users/captmj/Downloads/New_Dataset/milco_dataset/labels/2015/2015_0040_2015.txt,0,4,1,5
2015,2015_0041_2015.jpg,/Users/captmj/Downloads/New_Dataset/2015/0041_2015.jpg,/Users/captmj/Downloads/New_Dataset/milco_dataset/images/2015/2015_0041_2015.jpg,/Users/captmj/Downloads/New_Dataset/milco_dataset/labels/2015/2015_0041_2015.txt,0,1,0,1
2015,2015_0042_2015.jpg,/Users/captmj/Downloads/New_Dataset/2015/0042_2015.jpg,/Users/captmj/Downloads/New_Dataset/milco_dataset/images/2015/2015_0042_2015.jpg,/Users/captmj/Downloads/New_Dataset/milco_dataset/labels/2015/2015_0042_2015.txt,0,1,0,1
2015,2015_0043_2015.jpg,/Users/captmj/Downloads/New_Dataset/2015/0043_2015.jpg,/Users/captmj/Downloads/New_Dataset/milco_dataset/images/2015/2015_0043_2015.jpg,/Users/captmj/Downloads/New_Dataset/milco_dataset/labels/2015/2015_0043_2015.txt,0,2,0,2
2015,2015_0044_2015.jpg,/Users/captmj/Downloads/New_Dataset/2015/0044_2015.jpg,/Users/captmj/Downloads/New_Dataset/milco_dataset/images/2015/2015_0044_2015.jpg,/Users/captmj/Downloads/New_Dataset/milco_dataset/labels/2015/2015_0044_2015.txt,0,2,0,2
2015,2015_0045_2015.jpg,/Users/captmj/Downloads/New_Dataset/2015/0045_2015.jpg,/Users/captmj/Downloads/New_Dataset/milco_dataset/images/2015/2015_0045_2015.jpg,/Users/captmj/Downloads/New_Dataset/milco_dataset/labels/2015/2015_0045_2015.txt,0,1,0,1
2015,2015_0046_2015.jpg,/Users/captmj/Downloads/New_Dataset/2015/0046_2015.jpg,/Users/captmj/Downloads/New_Dataset/milco_dataset/images/2015/2015_0046_2015.jpg,/Users/captmj/Downloads/New_Dataset/milco_dataset/labels/2015/2015_0046_2015.txt,0,1,0,1
2015,2015_0047_2015.jpg,/Users/captmj/Downloads/New_Dataset/2015/0047_2015.jpg,/Users/captmj/Downloads/New_Dataset/milco_dataset/images/2015/2015_0047_2015.jpg,/Users/captmj/Downloads/New_Dataset/milco_dataset/labels/2015/2015_0047_2015.txt,0,1,0,1
2015,2015_0048_2015.jpg,/Users/captmj/Downloads/New_Dataset/2015/0048_2015.jpg,/Users/captmj/Downloads/New_Dataset/milco_dataset/images/2015/2015_0048_2015.jpg,/Users/captmj/Downloads/New_Dataset/milco_dataset/labels/2015/2015_0048_2015.txt,0,2,5,7
2015,2015_0049_2015.jpg,/Users/captmj/Downloads/New_Dataset/2015/0049_2015.jpg,/Users/captmj/Downloads/New_Dataset/milco_dataset/images/2015/2015_0049_2015.jpg,/Users/captmj/Downloads/New_Dataset/milco_dataset/labels/2015/2015_0049_2015.txt,0,2,5,7
2015,2015_0050_2015.jpg,/Users/captmj/Downloads/New_Dataset/2015/0050_2015.jpg,/Users/captmj/Downloads/New_Dataset/milco_dataset/images/2015/2015_0050_2015.jpg,/Users/captmj/Downloads/New_Dataset/milco_dataset/labels/2015/2015_0050_2015.txt,0,4,3,7
2015,2015_0051_2015.jpg,/Users/captmj/Downloads/New_Dataset/2015/0051_2015.jpg,/Users/captmj/Downloads/New_Dataset/milco_dataset/images/2015/2015_0051_2015.jpg,/Users/captmj/Downloads/New_Dataset/milco_dataset/labels/2015/2015_0051_2015.txt,0,6,2,8
2015,2015_0052_2015.jpg,/Users/captmj/Downloads/New_Dataset/2015/0052_2015.jpg,/Users/captmj/Downloads/New_Dataset/milco_dataset/images/2015/2015_0052_2015.jpg,/Users/captmj/Downloads/New_Dataset/milco_dataset/labels/2015/2015_0052_2015.txt,0,1,0,1
2015,2015_0053_2015.jpg,/Users/captmj/Downloads/New_Dataset/2015/0053_2015.jpg,/Users/captmj/Downloads/New_Dataset/milco_dataset/images/2015/2015_0053_2015.jpg,/Users/captmj/Downloads/New_Dataset/milco_dataset/labels/2015/2015_0053_2015.txt,0,2,0,2
2015,2015_0054_2015.jpg,/Users/captmj/Downloads/New_Dataset/2015/0054_2015.jpg,/Users/captmj/Downloads/New_Dataset/milco_dataset/images/2015/2015_0054_2015.jpg,/Users/captmj/Downloads/New_Dataset/milco_dataset/labels/2015/2015_0054_2015.txt,0,0,1,1
2015,2015_0055_2015.jpg,/Users/captmj/Downloads/New_Dataset/2015/0055_2015.jpg,/Users/captmj/Downloads/New_Dataset/milco_dataset/images/2015/2015_0055_2015.jpg,/Users/captmj/Downloads/New_Dataset/milco_dataset/labels/2015/2015_0055_2015.txt,0,5,8,13
2015,2015_0056_2015.jpg,/Users/captmj/Downloads/New_Dataset/2015/0056_2015.jpg,/Users/captmj/Downloads/New_Dataset/milco_dataset/images/2015/2015_0056_2015.jpg,/Users/captmj/Downloads/New_Dataset/milco_dataset/labels/2015/2015_0056_2015.txt,0,3,6,9
2015,2015_0057_2015.jpg,/Users/captmj/Downloads/New_Dataset/2015/0057_2015.jpg,/Users/captmj/Downloads/New_Dataset/milco_dataset/images/2015/2015_0057_2015.jpg,/Users/captmj/Downloads/New_Dataset/milco_dataset/labels/2015/2015_0057_2015.txt,0,3,6,9
2015,2015_0058_2015.jpg,/Users/captmj/Downloads/New_Dataset/2015/0058_2015.jpg,/Users/captmj/Downloads/New_Dataset/milco_dataset/images/2015/2015_0058_2015.jpg,/Users/captmj/Downloads/New_Dataset/milco_dataset/labels/2015/2015_0058_2015.txt,0,5,3,8
2015,2015_0059_2015.jpg,/Users/captmj/Downloads/New_Dataset/2015/0059_2015.jpg,/Users/captmj/Downloads/New_Dataset/milco_dataset/images/2015/2015_0059_2015.jpg,/Users/captmj/Downloads/New_Dataset/milco_dataset/labels/2015/2015_0059_2015.txt,0,5,3,8
2015,2015_0060_2015.jpg,/Users/captmj/Downloads/New_Dataset/2015/0060_2015.jpg,/Users/captmj/Downloads/New_Dataset/milco_dataset/images/2015/2015_0060_2015.jpg,/Users/captmj/Downloads/New_Dataset/milco_dataset/labels/2015/2015_0060_2015.txt,0,1,6,7
2015,2015_0061_2015.jpg,/Users/captmj/Downloads/New_Dataset/2015/0061_2015.jpg,/Users/captmj/Downloads/New_Dataset/milco_dataset/images/2015/2015_0061_2015.jpg,/Users/captmj/Downloads/New_Dataset/milco_dataset/labels/2015/2015_0061_2015.txt,0,1,6,7
2015,2015_0062_2015.jpg,/Users/captmj/Downloads/New_Dataset/2015/0062_2015.jpg,/Users/captmj/Downloads/New_Dataset/milco_dataset/images/2015/2015_0062_2015.jpg,/Users/captmj/Downloads/New_Dataset/milco_dataset/labels/2015/2015_0062_2015.txt,0,3,3,6
2015,2015_0063_2015.jpg,/Users/captmj/Downloads/New_Dataset/2015/0063_2015.jpg,/Users/captmj/Downloads/New_Dataset/milco_dataset/images/2015/2015_0063_2015.jpg,/Users/captmj/Downloads/New_Dataset/milco_dataset/labels/2015/2015_0063_2015.txt,0,3,3,6
2015,2015_0064_2015.jpg,/Users/captmj/Downloads/New_Dataset/2015/0064_2015.jpg,/Users/captmj/Downloads/New_Dataset/milco_dataset/images/2015/2015_0064_2015.jpg,/Users/captmj/Downloads/New_Dataset/milco_dataset/labels/2015/2015_0064_2015.txt,0,1,4,5
2015,2015_0065_2015.jpg,/Users/captmj/Downloads/New_Dataset/2015/0065_2015.jpg,/Users/captmj/Downloads/New_Dataset/milco_dataset/images/2015/2015_0065_2015.jpg,/Users/captmj/Downloads/New_Dataset/milco_dataset/labels/2015/2015_0065_2015.txt,0,1,4,5
2015,2015_0066_2015.jpg,/Users/captmj/Downloads/New_Dataset/2015/0066_2015.jpg,/Users/captmj/Downloads/New_Dataset/milco_dataset/images/2015/2015_0066_2015.jpg,/Users/captmj/Downloads/New_Dataset/milco_dataset/labels/2015/2015_0066_2015.txt,0,1,5,6
2015,2015_0067_2015.jpg,/Users/captmj/Downloads/New_Dataset/2015/0067_2015.jpg,/Users/captmj/Downloads/New_Dataset/milco_dataset/images/2015/2015_0067_2015.jpg,/Users/captmj/Downloads/New_Dataset/milco_dataset/labels/2015/2015_0067_2015.txt,0,2,1,3
2015,2015_0068_2015.jpg,/Users/captmj/Downloads/New_Dataset/2015/0068_2015.jpg,/Users/captmj/Downloads/New_Dataset/milco_dataset/images/2015/2015_0068_2015.jpg,/Users/captmj/Downloads/New_Dataset/milco_dataset/labels/2015/2015_0068_2015.txt,0,0,3,3
2015,2015_0069_2015.jpg,/Users/captmj/Downloads/New_Dataset/2015/0069_2015.jpg,/Users/captmj/Downloads/New_Dataset/milco_dataset/images/2015/2015_0069_2015.jpg,/Users/captmj/Downloads/New_Dataset/milco_dataset/labels/2015/2015_0069_2015.txt,0,0,3,3
2015,2015_0070_2015.jpg,/Users/captmj/Downloads/New_Dataset/2015/0070_2015.jpg,/Users/captmj/Downloads/New_Dataset/milco_dataset/images/2015/2015_0070_2015.jpg,/Users/captmj/Downloads/New_Dataset/milco_dataset/labels/2015/2015_0070_2015.txt,0,2,1,3
2015,2015_0071_2015.jpg,/Users/captmj/Downloads/New_Dataset/2015/0071_2015.jpg,/Users/captmj/Downloads/New_Dataset/milco_dataset/images/2015/2015_0071_2015.jpg,/Users/captmj/Downloads/New_Dataset/milco_dataset/labels/2015/2015_0071_2015.txt,0,2,1,3
2015,2015_0072_2015.jpg,/Users/captmj/Downloads/New_Dataset/2015/0072_2015.jpg,/Users/captmj/Downloads/New_Dataset/milco_dataset/images/2015/2015_0072_2015.jpg,/Users/captmj/Downloads/New_Dataset/milco_dataset/labels/2015/2015_0072_2015.txt,0,0,4,4
2015,2015_0073_2015.jpg,/Users/captmj/Downloads/New_Dataset/2015/0073_2015.jpg,/Users/captmj/Downloads/New_Dataset/milco_dataset/images/2015/2015_0073_2015.jpg,/Users/captmj/Downloads/New_Dataset/milco_dataset/labels/2015/2015_0073_2015.txt,0,0,4,4
2015,2015_0074_2015.jpg,/Users/captmj/Downloads/New_Dataset/2015/0074_2015.jpg,/Users/captmj/Downloads/New_Dataset/milco_dataset/images/2015/2015_0074_2015.jpg,/Users/captmj/Downloads/New_Dataset/milco_dataset/labels/2015/2015_0074_2015.txt,0,2,2,4
2015,2015_0075_2015.jpg,/Users/captmj/Downloads/New_Dataset/2015/0075_2015.jpg,/Users/captmj/Downloads/New_Dataset/milco_dataset/images/2015/2015_0075_2015.jpg,/Users/captmj/Downloads/New_Dataset/milco_dataset/labels/2015/2015_0075_2015.txt,0,2,2,4
2015,2015_0076_2015.jpg,/Users/captmj/Downloads/New_Dataset/2015/0076_2015.jpg,/Users/captmj/Downloads/New_Dataset/milco_dataset/images/2015/2015_0076_2015.jpg,/Users/captmj/Downloads/New_Dataset/milco_dataset/labels/2015/2015_0076_2015.txt,0,3,2,5
2015,2015_0077_2015.jpg,/Users/captmj/Downloads/New_Dataset/2015/0077_2015.jpg,/Users/captmj/Downloads/New_Dataset/milco_dataset/images/2015/2015_0077_2015.jpg,/Users/captmj/Downloads/New_Dataset/milco_dataset/labels/2015/2015_0077_2015.txt,0,3,2,5
2015,2015_0078_2015.jpg,/Users/captmj/Downloads/New_Dataset/2015/0078_2015.jpg,/Users/captmj/Downloads/New_Dataset/milco_dataset/images/2015/2015_0078_2015.jpg,/Users/captmj/Downloads/New_Dataset/milco_dataset/labels/2015/2015_0078_2015.txt,0,4,0,4
2015,2015_0079_2015.jpg,/Users/captmj/Downloads/New_Dataset/2015/0079_2015.jpg,/Users/captmj/Downloads/New_Dataset/milco_dataset/images/2015/2015_0079_2015.jpg,/Users/captmj/Downloads/New_Dataset/milco_dataset/labels/2015/2015_0079_2015.txt,0,4,0,4
2015,2015_0080_2015.jpg,/Users/captmj/Downloads/New_Dataset/2015/0080_2015.jpg,/Users/captmj/Downloads/New_Dataset/milco_dataset/images/2015/2015_0080_2015.jpg,/Users/captmj/Downloads/New_Dataset/milco_dataset/labels/2015/2015_0080_2015.txt,0,2,0,2
2015,2015_0081_2015.jpg,/Users/captmj/Downloads/New_Dataset/2015/0081_2015.jpg,/Users/captmj/Downloads/New_Dataset/milco_dataset/images/2015/2015_0081_2015.jpg,/Users/captmj/Downloads/New_Dataset/milco_dataset/labels/2015/2015_0081_2015.txt,0,2,0,2
2015,2015_0082_2015.jpg,/Users/captmj/Downloads/New_Dataset/2015/0082_2015.jpg,/Users/captmj/Downloads/New_Dataset/milco_dataset/images/2015/2015_0082_2015.jpg,/Users/captmj/Downloads/New_Dataset/milco_dataset/labels/2015/2015_0082_2015.txt,0,3,0,3
2015,2015_0083_2015.jpg,/Users/captmj/Downloads/New_Dataset/2015/0083_2015.jpg,/Users/captmj/Downloads/New_Dataset/milco_dataset/images/2015/2015_0083_2015.jpg,/Users/captmj/Downloads/New_Dataset/milco_dataset/labels/2015/2015_0083_2015.txt,0,3,0,3
2015,2015_0084_2015.jpg,/Users/captmj/Downloads/New_Dataset/2015/0084_2015.jpg,/Users/captmj/Downloads/New_Dataset/milco_dataset/images/2015/2015_0084_2015.jpg,/Users/captmj/Downloads/New_Dataset/milco_dataset/labels/2015/2015_0084_2015.txt,0,2,0,2
2015,2015_0085_2015.jpg,/Users/captmj/Downloads/New_Dataset/2015/0085_2015.jpg,/Users/captmj/Downloads/New_Dataset/milco_dataset/images/2015/2015_0085_2015.jpg,/Users/captmj/Downloads/New_Dataset/milco_dataset/labels/2015/2015_0085_2015.txt,0,2,0,2
2015,2015_0086_2015.jpg,/Users/captmj/Downloads/New_Dataset/2015/0086_2015.jpg,/Users/captmj/Downloads/New_Dataset/milco_dataset/images/2015/2015_0086_2015.jpg,/Users/captmj/Downloads/New_Dataset/milco_dataset/labels/2015/2015_0086_2015.txt,0,3,0,3
2015,2015_0087_2015.jpg,/Users/captmj/Downloads/New_Dataset/2015/0087_2015.jpg,/Users/captmj/Downloads/New_Dataset/milco_dataset/images/2015/2015_0087_2015.jpg,/Users/captmj/Downloads/New_Dataset/milco_dataset/labels/2015/2015_0087_2015.txt,0,3,0,3
2015,2015_0088_2015.jpg,/Users/captmj/Downloads/New_Dataset/2015/0088_2015.jpg,/Users/captmj/Downloads/New_Dataset/milco_dataset/images/2015/2015_0088_2015.jpg,/Users/captmj/Downloads/New_Dataset/milco_dataset/labels/2015/2015_0088_2015.txt,0,2,1,3
2015,2015_0089_2015.jpg,/Users/captmj/Downloads/New_Dataset/2015/0089_2015.jpg,/Users/captmj/Downloads/New_Dataset/milco_dataset/images/2015/2015_0089_2015.jpg,/Users/captmj/Downloads/New_Dataset/milco_dataset/labels/2015/2015_0089_2015.txt,0,2,1,3
2015,2015_0090_2015.jpg,/Users/captmj/Downloads/New_Dataset/2015/0090_2015.jpg,/Users/captmj/Downloads/New_Dataset/milco_dataset/images/2015/2015_0090_2015.jpg,/Users/captmj/Downloads/New_Dataset/milco_dataset/labels/2015/2015_0090_2015.txt,0,2,5,7
2015,2015_0091_2015.jpg,/Users/captmj/Downloads/New_Dataset/2015/0091_2015.jpg,/Users/captmj/Downloads/New_Dataset/milco_dataset/images/2015/2015_0091_2015.jpg,/Users/captmj/Downloads/New_Dataset/milco_dataset/labels/2015/2015_0091_2015.txt,0,2,1,3
2015,2015_0092_2015.jpg,/Users/captmj/Downloads/New_Dataset/2015/0092_2015.jpg,/Users/captmj/Downloads/New_Dataset/milco_dataset/images/2015/2015_0092_2015.jpg,/Users/captmj/Downloads/New_Dataset/milco_dataset/labels/2015/2015_0092_2015.txt,0,1,0,1
2015,2015_0093_2015.jpg,/Users/captmj/Downloads/New_Dataset/2015/0093_2015.jpg,/Users/captmj/Downloads/New_Dataset/milco_dataset/images/2015/2015_0093_2015.jpg,/Users/captmj/Downloads/New_Dataset/milco_dataset/labels/2015/2015_0093_2015.txt,0,1,0,1
2015,2015_0094_2015.jpg,/Users/captmj/Downloads/New_Dataset/2015/0094_2015.jpg,/Users/captmj/Downloads/New_Dataset/milco_dataset/images/2015/2015_0094_2015.jpg,/Users/captmj/Downloads/New_Dataset/milco_dataset/labels/2015/2015_0094_2015.txt,0,1,0,1
2015,2015_0095_2015.jpg,/Users/captmj/Downloads/New_Dataset/2015/0095_2015.jpg,/Users/captmj/Downloads/New_Dataset/milco_dataset/images/2015/2015_0095_2015.jpg,/Users/captmj/Downloads/New_Dataset/milco_dataset/labels/2015/2015_0095_2015.txt,0,1,0,1
2015,2015_0096_2015.jpg,/Users/captmj/Downloads/New_Dataset/2015/0096_2015.jpg,/Users/captmj/Downloads/New_Dataset/milco_dataset/images/2015/2015_0096_2015.jpg,/Users/captmj/Downloads/New_Dataset/milco_dataset/labels/2015/2015_0096_2015.txt,0,1,0,1
2015,2015_0097_2015.jpg,/Users/captmj/Downloads/New_Dataset/2015/0097_2015.jpg,/Users/captmj/Downloads/New_Dataset/milco_dataset/images/2015/2015_0097_2015.jpg,/Users/captmj/Downloads/New_Dataset/milco_dataset/labels/2015/2015_0097_2015.txt,0,1,0,1
2015,2015_0098_2015.jpg,/Users/captmj/Downloads/New_Dataset/2015/0098_2015.jpg,/Users/captmj/Downloads/New_Dataset/milco_dataset/images/2015/2015_0098_2015.jpg,/Users/captmj/Downloads/New_Dataset/milco_dataset/labels/2015/2015_0098_2015.txt,0,1,0,1
2015,2015_0099_2015.jpg,/Users/captmj/Downloads/New_Dataset/2015/0099_2015.jpg,/Users/captmj/Downloads/New_Dataset/milco_dataset/images/2015/2015_0099_2015.jpg,/Users/captmj/Downloads/New_Dataset/milco_dataset/labels/2015/2015_0099_2015.txt,0,1,0,1
2015,2015_0100_2015.jpg,/Users/captmj/Downloads/New_Dataset/2015/0100_2015.jpg,/Users/captmj/Downloads/New_Dataset/milco_dataset/images/2015/2015_0100_2015.jpg,/Users/captmj/Downloads/New_Dataset/milco_dataset/labels/2015/2015_0100_2015.txt,0,0,1,1
2015,2015_0101_2015.jpg,/Users/captmj/Downloads/New_Dataset/2015/0101_2015.jpg,/Users/captmj/Downloads/New_Dataset/milco_dataset/images/2015/2015_0101_2015.jpg,/Users/captmj/Downloads/New_Dataset/milco_dataset/labels/2015/2015_0101_2015.txt,0,0,1,1
2015,2015_0102_2015.jpg,/Users/captmj/Downloads/New_Dataset/2015/0102_2015.jpg,/Users/captmj/Downloads/New_Dataset/milco_dataset/images/2015/2015_0102_2015.jpg,/Users/captmj/Downloads/New_Dataset/milco_dataset/labels/2015/2015_0102_2015.txt,0,1,0,1
2015,2015_0103_2015.jpg,/Users/captmj/Downloads/New_Dataset/2015/0103_2015.jpg,/Users/captmj/Downloads/New_Dataset/milco_dataset/images/2015/2015_0103_2015.jpg,/Users/captmj/Downloads/New_Dataset/milco_dataset/labels/2015/2015_0103_2015.txt,0,1,0,1
2015,2015_0104_2015.jpg,/Users/captmj/Downloads/New_Dataset/2015/0104_2015.jpg,/Users/captmj/Downloads/New_Dataset/milco_dataset/images/2015/2015_0104_2015.jpg,/Users/captmj/Downloads/New_Dataset/milco_dataset/labels/2015/2015_0104_2015.txt,0,2,1,3
2015,2015_0105_2015.jpg,/Users/captmj/Downloads/New_Dataset/2015/0105_2015.jpg,/Users/captmj/Downloads/New_Dataset/milco_dataset/images/2015/2015_0105_2015.jpg,/Users/captmj/Downloads/New_Dataset/milco_dataset/labels/2015/2015_0105_2015.txt,0,2,1,3
2015,2015_0106_2015.jpg,/Users/captmj/Downloads/New_Dataset/2015/0106_2015.jpg,/Users/captmj/Downloads/New_Dataset/milco_dataset/images/2015/2015_0106_2015.jpg,/Users/captmj/Downloads/New_Dataset/milco_dataset/labels/2015/2015_0106_2015.txt,0,2,1,3
2015,2015_0107_2015.jpg,/Users/captmj/Downloads/New_Dataset/2015/0107_2015.jpg,/Users/captmj/Downloads/New_Dataset/milco_dataset/images/2015/2015_0107_2015.jpg,/Users/captmj/Downloads/New_Dataset/milco_dataset/labels/2015/2015_0107_2015.txt,0,2,1,3
2015,2015_0108_2015.jpg,/Users/captmj/Downloads/New_Dataset/2015/0108_2015.jpg,/Users/captmj/Downloads/New_Dataset/milco_dataset/images/2015/2015_0108_2015.jpg,/Users/captmj/Downloads/New_Dataset/milco_dataset/labels/2015/2015_0108_2015.txt,1,0,0,0
2015,2015_0109_2015.jpg,/Users/captmj/Downloads/New_Dataset/2015/0109_2015.jpg,/Users/captmj/Downloads/New_Dataset/milco_dataset/images/2015/2015_0109_2015.jpg,/Users/captmj/Downloads/New_Dataset/milco_dataset/labels/2015/2015_0109_2015.txt,1,0,0,0
2015,2015_0110_2015.jpg,/Users/captmj/Downloads/New_Dataset/2015/0110_2015.jpg,/Users/captmj/Downloads/New_Dataset/milco_dataset/images/2015/2015_0110_2015.jpg,/Users/captmj/Downloads/New_Dataset/milco_dataset/labels/2015/2015_0110_2015.txt,0,3,3,6
2015,2015_0111_2015.jpg,/Users/captmj/Downloads/New_Dataset/2015/0111_2015.jpg,/Users/captmj/Downloads/New_Dataset/milco_dataset/images/2015/2015_0111_2015.jpg,/Users/captmj/Downloads/New_Dataset/milco_dataset/labels/2015/2015_0111_2015.txt,0,3,3,6
2015,2015_0112_2015.jpg,/Users/captmj/Downloads/New_Dataset/2015/0112_2015.jpg,/Users/captmj/Downloads/New_Dataset/milco_dataset/images/2015/2015_0112_2015.jpg,/Users/captmj/Downloads/New_Dataset/milco_dataset/labels/2015/2015_0112_2015.txt,0,4,0,4
2015,2015_0113_2015.jpg,/Users/captmj/Downloads/New_Dataset/2015/0113_2015.jpg,/Users/captmj/Downloads/New_Dataset/milco_dataset/images/2015/2015_0113_2015.jpg,/Users/captmj/Downloads/New_Dataset/milco_dataset/labels/2015/2015_0113_2015.txt,0,3,5,8
2015,2015_0114_2015.jpg,/Users/captmj/Downloads/New_Dataset/2015/0114_2015.jpg,/Users/captmj/Downloads/New_Dataset/milco_dataset/images/2015/2015_0114_2015.jpg,/Users/captmj/Downloads/New_Dataset/milco_dataset/labels/2015/2015_0114_2015.txt,0,1,1,2
2015,2015_0115_2015.jpg,/Users/captmj/Downloads/New_Dataset/2015/0115_2015.jpg,/Users/captmj/Downloads/New_Dataset/milco_dataset/images/2015/2015_0115_2015.jpg,/Users/captmj/Downloads/New_Dataset/milco_dataset/labels/2015/2015_0115_2015.txt,0,1,1,2
2015,2015_0116_2015.jpg,/Users/captmj/Downloads/New_Dataset/2015/0116_2015.jpg,/Users/captmj/Downloads/New_Dataset/milco_dataset/images/2015/2015_0116_2015.jpg,/Users/captmj/Downloads/New_Dataset/milco_dataset/labels/2015/2015_0116_2015.txt,0,1,0,1
2015,2015_0117_2015.jpg,/Users/captmj/Downloads/New_Dataset/2015/0117_2015.jpg,/Users/captmj/Downloads/New_Dataset/milco_dataset/images/2015/2015_0117_2015.jpg,/Users/captmj/Downloads/New_Dataset/milco_dataset/labels/2015/2015_0117_2015.txt,0,1,0,1
2015,2015_0118_2015.jpg,/Users/captmj/Downloads/New_Dataset/2015/0118_2015.jpg,/Users/captmj/Downloads/New_Dataset/milco_dataset/images/2015/2015_0118_2015.jpg,/Users/captmj/Downloads/New_Dataset/milco_dataset/labels/2015/2015_0118_2015.txt,0,2,0,2
2015,2015_0119_2015.jpg,/Users/captmj/Downloads/New_Dataset/2015/0119_2015.jpg,/Users/captmj/Downloads/New_Dataset/milco_dataset/images/2015/2015_0119_2015.jpg,/Users/captmj/Downloads/New_Dataset/milco_dataset/labels/2015/2015_0119_2015.txt,0,1,0,1
2015,2015_0120_2015.jpg,/Users/captmj/Downloads/New_Dataset/2015/0120_2015.jpg,/Users/captmj/Downloads/New_Dataset/milco_dataset/images/2015/2015_0120_2015.jpg,/Users/captmj/Downloads/New_Dataset/milco_dataset/labels/2015/2015_0120_2015.txt,0,1,0,1
2017,2017_0001_2017.jpg,/Users/captmj/Downloads/New_Dataset/2017/0001_2017.jpg,/Users/captmj/Downloads/New_Dataset/milco_dataset/images/2017/2017_0001_2017.jpg,/Users/captmj/Downloads/New_Dataset/milco_dataset/labels/2017/2017_0001_2017.txt,0,1,0,1
2017,2017_0002_2017.jpg,/Users/captmj/Downloads/New_Dataset/2017/0002_2017.jpg,/Users/captmj/Downloads/New_Dataset/milco_dataset/images/2017/2017_0002_2017.jpg,/Users/captmj/Downloads/New_Dataset/milco_dataset/labels/2017/2017_0002_2017.txt,0,2,0,2
2017,2017_0003_2017.jpg,/Users/captmj/Downloads/New_Dataset/2017/0003_2017.jpg,/Users/captmj/Downloads/New_Dataset/milco_dataset/images/2017/2017_0003_2017.jpg,/Users/captmj/Downloads/New_Dataset/milco_dataset/labels/2017/2017_0003_2017.txt,0,2,0,2
2017,2017_0004_2017.jpg,/Users/captmj/Downloads/New_Dataset/2017/0004_2017.jpg,/Users/captmj/Downloads/New_Dataset/milco_dataset/images/2017/2017_0004_2017.jpg,/Users/captmj/Downloads/New_Dataset/milco_dataset/labels/2017/2017_0004_2017.txt,0,1,0,1
2017,2017_0005_2017.jpg,/Users/captmj/Downloads/New_Dataset/2017/0005_2017.jpg,/Users/captmj/Downloads/New_Dataset/milco_dataset/images/2017/2017_0005_2017.jpg,/Users/captmj/Downloads/New_Dataset/milco_dataset/labels/2017/2017_0005_2017.txt,0,1,0,1
2017,2017_0006_2017.jpg,/Users/captmj/Downloads/New_Dataset/2017/0006_2017.jpg,/Users/captmj/Downloads/New_Dataset/milco_dataset/images/2017/2017_0006_2017.jpg,/Users/captmj/Downloads/New_Dataset/milco_dataset/labels/2017/2017_0006_2017.txt,0,1,0,1
2017,2017_0007_2017.jpg,/Users/captmj/Downloads/New_Dataset/2017/0007_2017.jpg,/Users/captmj/Downloads/New_Dataset/milco_dataset/images/2017/2017_0007_2017.jpg,/Users/captmj/Downloads/New_Dataset/milco_dataset/labels/2017/2017_0007_2017.txt,0,1,0,1
2017,2017_0008_2017.jpg,/Users/captmj/Downloads/New_Dataset/2017/0008_2017.jpg,/Users/captmj/Downloads/New_Dataset/milco_dataset/images/2017/2017_0008_2017.jpg,/Users/captmj/Downloads/New_Dataset/milco_dataset/labels/2017/2017_0008_2017.txt,0,1,0,1
2017,2017_0009_2017.jpg,/Users/captmj/Downloads/New_Dataset/2017/0009_2017.jpg,/Users/captmj/Downloads/New_Dataset/milco_dataset/images/2017/2017_0009_2017.jpg,/Users/captmj/Downloads/New_Dataset/milco_dataset/labels/2017/2017_0009_2017.txt,0,3,0,3
2017,2017_0010_2017.jpg,/Users/captmj/Downloads/New_Dataset/2017/0010_2017.jpg,/Users/captmj/Downloads/New_Dataset/milco_dataset/images/2017/2017_0010_2017.jpg,/Users/captmj/Downloads/New_Dataset/milco_dataset/labels/2017/2017_0010_2017.txt,0,3,0,3
2017,2017_0011_2017.jpg,/Users/captmj/Downloads/New_Dataset/2017/0011_2017.jpg,/Users/captmj/Downloads/New_Dataset/milco_dataset/images/2017/2017_0011_2017.jpg,/Users/captmj/Downloads/New_Dataset/milco_dataset/labels/2017/2017_0011_2017.txt,1,0,0,0
2017,2017_0012_2017.jpg,/Users/captmj/Downloads/New_Dataset/2017/0012_2017.jpg,/Users/captmj/Downloads/New_Dataset/milco_dataset/images/2017/2017_0012_2017.jpg,/Users/captmj/Downloads/New_Dataset/milco_dataset/labels/2017/2017_0012_2017.txt,1,0,0,0
2017,2017_0013_2017.jpg,/Users/captmj/Downloads/New_Dataset/2017/0013_2017.jpg,/Users/captmj/Downloads/New_Dataset/milco_dataset/images/2017/2017_0013_2017.jpg,/Users/captmj/Downloads/New_Dataset/milco_dataset/labels/2017/2017_0013_2017.txt,0,2,0,2
2017,2017_0014_2017.jpg,/Users/captmj/Downloads/New_Dataset/2017/0014_2017.jpg,/Users/captmj/Downloads/New_Dataset/milco_dataset/images/2017/2017_0014_2017.jpg,/Users/captmj/Downloads/New_Dataset/milco_dataset/labels/2017/2017_0014_2017.txt,0,2,0,2
2017,2017_0015_2017.jpg,/Users/captmj/Downloads/New_Dataset/2017/0015_2017.jpg,/Users/captmj/Downloads/New_Dataset/milco_dataset/images/2017/2017_0015_2017.jpg,/Users/captmj/Downloads/New_Dataset/milco_dataset/labels/2017/2017_0015_2017.txt,1,0,0,0
2017,2017_0016_2017.jpg,/Users/captmj/Downloads/New_Dataset/2017/0016_2017.jpg,/Users/captmj/Downloads/New_Dataset/milco_dataset/images/2017/2017_0016_2017.jpg,/Users/captmj/Downloads/New_Dataset/milco_dataset/labels/2017/2017_0016_2017.txt,1,0,0,0
2017,2017_0017_2017.jpg,/Users/captmj/Downloads/New_Dataset/2017/0017_2017.jpg,/Users/captmj/Downloads/New_Dataset/milco_dataset/images/2017/2017_0017_2017.jpg,/Users/captmj/Downloads/New_Dataset/milco_dataset/labels/2017/2017_0017_2017.txt,1,0,0,0
2017,2017_0018_2017.jpg,/Users/captmj/Downloads/New_Dataset/2017/0018_2017.jpg,/Users/captmj/Downloads/New_Dataset/milco_dataset/images/2017/2017_0018_2017.jpg,/Users/captmj/Downloads/New_Dataset/milco_dataset/labels/2017/2017_0018_2017.txt,1,0,0,0
2017,2017_0019_2017.jpg,/Users/captmj/Downloads/New_Dataset/2017/0019_2017.jpg,/Users/captmj/Downloads/New_Dataset/milco_dataset/images/2017/2017_0019_2017.jpg,/Users/captmj/Downloads/New_Dataset/milco_dataset/labels/2017/2017_0019_2017.txt,1,0,0,0
2017,2017_0020_2017.jpg,/Users/captmj/Downloads/New_Dataset/2017/0020_2017.jpg,/Users/captmj/Downloads/New_Dataset/milco_dataset/images/2017/2017_0020_2017.jpg,/Users/captmj/Downloads/New_Dataset/milco_dataset/labels/2017/2017_0020_2017.txt,1,0,0,0
2017,2017_0021_2017.jpg,/Users/captmj/Downloads/New_Dataset/2017/0021_2017.jpg,/Users/captmj/Downloads/New_Dataset/milco_dataset/images/2017/2017_0021_2017.jpg,/Users/captmj/Downloads/New_Dataset/milco_dataset/labels/2017/2017_0021_2017.txt,1,0,0,0
2017,2017_0022_2017.jpg,/Users/captmj/Downloads/New_Dataset/2017/0022_2017.jpg,/Users/captmj/Downloads/New_Dataset/milco_dataset/images/2017/2017_0022_2017.jpg,/Users/captmj/Downloads/New_Dataset/milco_dataset/labels/2017/2017_0022_2017.txt,1,0,0,0
2017,2017_0023_2017.jpg,/Users/captmj/Downloads/New_Dataset/2017/0023_2017.jpg,/Users/captmj/Downloads/New_Dataset/milco_dataset/images/2017/2017_0023_2017.jpg,/Users/captmj/Downloads/New_Dataset/milco_dataset/labels/2017/2017_0023_2017.txt,1,0,0,0
2017,2017_0024_2017.jpg,/Users/captmj/Downloads/New_Dataset/2017/0024_2017.jpg,/Users/captmj/Downloads/New_Dataset/milco_dataset/images/2017/2017_0024_2017.jpg,/Users/captmj/Downloads/New_Dataset/milco_dataset/labels/2017/2017_0024_2017.txt,1,0,0,0
2017,2017_0025_2017.jpg,/Users/captmj/Downloads/New_Dataset/2017/0025_2017.jpg,/Users/captmj/Downloads/New_Dataset/milco_dataset/images/2017/2017_0025_2017.jpg,/Users/captmj/Downloads/New_Dataset/milco_dataset/labels/2017/2017_0025_2017.txt,1,0,0,0
2017,2017_0026_2017.jpg,/Users/captmj/Downloads/New_Dataset/2017/0026_2017.jpg,/Users/captmj/Downloads/New_Dataset/milco_dataset/images/2017/2017_0026_2017.jpg,/Users/captmj/Downloads/New_Dataset/milco_dataset/labels/2017/2017_0026_2017.txt,1,0,0,0
2017,2017_0027_2017.jpg,/Users/captmj/Downloads/New_Dataset/2017/0027_2017.jpg,/Users/captmj/Downloads/New_Dataset/milco_dataset/images/2017/2017_0027_2017.jpg,/Users/captmj/Downloads/New_Dataset/milco_dataset/labels/2017/2017_0027_2017.txt,1,0,0,0
2017,2017_0028_2017.jpg,/Users/captmj/Downloads/New_Dataset/2017/0028_2017.jpg,/Users/captmj/Downloads/New_Dataset/milco_dataset/images/2017/2017_0028_2017.jpg,/Users/captmj/Downloads/New_Dataset/milco_dataset/labels/2017/2017_0028_2017.txt,1,0,0,0
2017,2017_0029_2017.jpg,/Users/captmj/Downloads/New_Dataset/2017/0029_2017.jpg,/Users/captmj/Downloads/New_Dataset/milco_dataset/images/2017/2017_0029_2017.jpg,/Users/captmj/Downloads/New_Dataset/milco_dataset/labels/2017/2017_0029_2017.txt,1,0,0,0
2017,2017_0030_2017.jpg,/Users/captmj/Downloads/New_Dataset/2017/0030_2017.jpg,/Users/captmj/Downloads/New_Dataset/milco_dataset/images/2017/2017_0030_2017.jpg,/Users/captmj/Downloads/New_Dataset/milco_dataset/labels/2017/2017_0030_2017.txt,1,0,0,0
2017,2017_0031_2017.jpg,/Users/captmj/Downloads/New_Dataset/2017/0031_2017.jpg,/Users/captmj/Downloads/New_Dataset/milco_dataset/images/2017/2017_0031_2017.jpg,/Users/captmj/Downloads/New_Dataset/milco_dataset/labels/2017/2017_0031_2017.txt,1,0,0,0
2017,2017_0032_2017.jpg,/Users/captmj/Downloads/New_Dataset/2017/0032_2017.jpg,/Users/captmj/Downloads/New_Dataset/milco_dataset/images/2017/2017_0032_2017.jpg,/Users/captmj/Downloads/New_Dataset/milco_dataset/labels/2017/2017_0032_2017.txt,1,0,0,0
2017,2017_0033_2017.jpg,/Users/captmj/Downloads/New_Dataset/2017/0033_2017.jpg,/Users/captmj/Downloads/New_Dataset/milco_dataset/images/2017/2017_0033_2017.jpg,/Users/captmj/Downloads/New_Dataset/milco_dataset/labels/2017/2017_0033_2017.txt,1,0,0,0
2017,2017_0034_2017.jpg,/Users/captmj/Downloads/New_Dataset/2017/0034_2017.jpg,/Users/captmj/Downloads/New_Dataset/milco_dataset/images/2017/2017_0034_2017.jpg,/Users/captmj/Downloads/New_Dataset/milco_dataset/labels/2017/2017_0034_2017.txt,1,0,0,0
2017,2017_0035_2017.jpg,/Users/captmj/Downloads/New_Dataset/2017/0035_2017.jpg,/Users/captmj/Downloads/New_Dataset/milco_dataset/images/2017/2017_0035_2017.jpg,/Users/captmj/Downloads/New_Dataset/milco_dataset/labels/2017/2017_0035_2017.txt,1,0,0,0
2017,2017_0036_2017.jpg,/Users/captmj/Downloads/New_Dataset/2017/0036_2017.jpg,/Users/captmj/Downloads/New_Dataset/milco_dataset/images/2017/2017_0036_2017.jpg,/Users/captmj/Downloads/New_Dataset/milco_dataset/labels/2017/2017_0036_2017.txt,1,0,0,0
2017,2017_0037_2017.jpg,/Users/captmj/Downloads/New_Dataset/2017/0037_2017.jpg,/Users/captmj/Downloads/New_Dataset/milco_dataset/images/2017/2017_0037_2017.jpg,/Users/captmj/Downloads/New_Dataset/milco_dataset/labels/2017/2017_0037_2017.txt,1,0,0,0
2017,2017_0038_2017.jpg,/Users/captmj/Downloads/New_Dataset/2017/0038_2017.jpg,/Users/captmj/Downloads/New_Dataset/milco_dataset/images/2017/2017_0038_2017.jpg,/Users/captmj/Downloads/New_Dataset/milco_dataset/labels/2017/2017_0038_2017.txt,0,2,0,2
2017,2017_0039_2017.jpg,/Users/captmj/Downloads/New_Dataset/2017/0039_2017.jpg,/Users/captmj/Downloads/New_Dataset/milco_dataset/images/2017/2017_0039_2017.jpg,/Users/captmj/Downloads/New_Dataset/milco_dataset/labels/2017/2017_0039_2017.txt,0,2,0,2
2017,2017_0040_2017.jpg,/Users/captmj/Downloads/New_Dataset/2017/0040_2017.jpg,/Users/captmj/Downloads/New_Dataset/milco_dataset/images/2017/2017_0040_2017.jpg,/Users/captmj/Downloads/New_Dataset/milco_dataset/labels/2017/2017_0040_2017.txt,0,2,0,2
2017,2017_0041_2017.jpg,/Users/captmj/Downloads/New_Dataset/2017/0041_2017.jpg,/Users/captmj/Downloads/New_Dataset/milco_dataset/images/2017/2017_0041_2017.jpg,/Users/captmj/Downloads/New_Dataset/milco_dataset/labels/2017/2017_0041_2017.txt,0,1,0,1
2017,2017_0042_2017.jpg,/Users/captmj/Downloads/New_Dataset/2017/0042_2017.jpg,/Users/captmj/Downloads/New_Dataset/milco_dataset/images/2017/2017_0042_2017.jpg,/Users/captmj/Downloads/New_Dataset/milco_dataset/labels/2017/2017_0042_2017.txt,0,1,0,1
2017,2017_0043_2017.jpg,/Users/captmj/Downloads/New_Dataset/2017/0043_2017.jpg,/Users/captmj/Downloads/New_Dataset/milco_dataset/images/2017/2017_0043_2017.jpg,/Users/captmj/Downloads/New_Dataset/milco_dataset/labels/2017/2017_0043_2017.txt,1,0,0,0
2017,2017_0044_2017.jpg,/Users/captmj/Downloads/New_Dataset/2017/0044_2017.jpg,/Users/captmj/Downloads/New_Dataset/milco_dataset/images/2017/2017_0044_2017.jpg,/Users/captmj/Downloads/New_Dataset/milco_dataset/labels/2017/2017_0044_2017.txt,1,0,0,0
2017,2017_0045_2017.jpg,/Users/captmj/Downloads/New_Dataset/2017/0045_2017.jpg,/Users/captmj/Downloads/New_Dataset/milco_dataset/images/2017/2017_0045_2017.jpg,/Users/captmj/Downloads/New_Dataset/milco_dataset/labels/2017/2017_0045_2017.txt,1,0,0,0
2017,2017_0046_2017.jpg,/Users/captmj/Downloads/New_Dataset/2017/0046_2017.jpg,/Users/captmj/Downloads/New_Dataset/milco_dataset/images/2017/2017_0046_2017.jpg,/Users/captmj/Downloads/New_Dataset/milco_dataset/labels/2017/2017_0046_2017.txt,1,0,0,0
2017,2017_0047_2017.jpg,/Users/captmj/Downloads/New_Dataset/2017/0047_2017.jpg,/Users/captmj/Downloads/New_Dataset/milco_dataset/images/2017/2017_0047_2017.jpg,/Users/captmj/Downloads/New_Dataset/milco_dataset/labels/2017/2017_0047_2017.txt,1,0,0,0
2017,2017_0048_2017.jpg,/Users/captmj/Downloads/New_Dataset/2017/0048_2017.jpg,/Users/captmj/Downloads/New_Dataset/milco_dataset/images/2017/2017_0048_2017.jpg,/Users/captmj/Downloads/New_Dataset/milco_dataset/labels/2017/2017_0048_2017.txt,1,0,0,0
2017,2017_0049_2017.jpg,/Users/captmj/Downloads/New_Dataset/2017/0049_2017.jpg,/Users/captmj/Downloads/New_Dataset/milco_dataset/images/2017/2017_0049_2017.jpg,/Users/captmj/Downloads/New_Dataset/milco_dataset/labels/2017/2017_0049_2017.txt,1,0,0,0
2017,2017_0050_2017.jpg,/Users/captmj/Downloads/New_Dataset/2017/0050_2017.jpg,/Users/captmj/Downloads/New_Dataset/milco_dataset/images/2017/2017_0050_2017.jpg,/Users/captmj/Downloads/New_Dataset/milco_dataset/labels/2017/2017_0050_2017.txt,1,0,0,0
2017,2017_0051_2017.jpg,/Users/captmj/Downloads/New_Dataset/2017/0051_2017.jpg,/Users/captmj/Downloads/New_Dataset/milco_dataset/images/2017/2017_0051_2017.jpg,/Users/captmj/Downloads/New_Dataset/milco_dataset/labels/2017/2017_0051_2017.txt,1,0,0,0
2017,2017_0052_2017.jpg,/Users/captmj/Downloads/New_Dataset/2017/0052_2017.jpg,/Users/captmj/Downloads/New_Dataset/milco_dataset/images/2017/2017_0052_2017.jpg,/Users/captmj/Downloads/New_Dataset/milco_dataset/labels/2017/2017_0052_2017.txt,1,0,0,0
2017,2017_0053_2017.jpg,/Users/captmj/Downloads/New_Dataset/2017/0053_2017.jpg,/Users/captmj/Downloads/New_Dataset/milco_dataset/images/2017/2017_0053_2017.jpg,/Users/captmj/Downloads/New_Dataset/milco_dataset/labels/2017/2017_0053_2017.txt,1,0,0,0
2017,2017_0054_2017.jpg,/Users/captmj/Downloads/New_Dataset/2017/0054_2017.jpg,/Users/captmj/Downloads/New_Dataset/milco_dataset/images/2017/2017_0054_2017.jpg,/Users/captmj/Downloads/New_Dataset/milco_dataset/labels/2017/2017_0054_2017.txt,1,0,0,0
2017,2017_0055_2017.jpg,/Users/captmj/Downloads/New_Dataset/2017/0055_2017.jpg,/Users/captmj/Downloads/New_Dataset/milco_dataset/images/2017/2017_0055_2017.jpg,/Users/captmj/Downloads/New_Dataset/milco_dataset/labels/2017/2017_0055_2017.txt,1,0,0,0
2017,2017_0056_2017.jpg,/Users/captmj/Downloads/New_Dataset/2017/0056_2017.jpg,/Users/captmj/Downloads/New_Dataset/milco_dataset/images/2017/2017_0056_2017.jpg,/Users/captmj/Downloads/New_Dataset/milco_dataset/labels/2017/2017_0056_2017.txt,1,0,0,0
2017,2017_0057_2017.jpg,/Users/captmj/Downloads/New_Dataset/2017/0057_2017.jpg,/Users/captmj/Downloads/New_Dataset/milco_dataset/images/2017/2017_0057_2017.jpg,/Users/captmj/Downloads/New_Dataset/milco_dataset/labels/2017/2017_0057_2017.txt,1,0,0,0
2017,2017_0058_2017.jpg,/Users/captmj/Downloads/New_Dataset/2017/0058_2017.jpg,/Users/captmj/Downloads/New_Dataset/milco_dataset/images/2017/2017_0058_2017.jpg,/Users/captmj/Downloads/New_Dataset/milco_dataset/labels/2017/2017_0058_2017.txt,1,0,0,0
2017,2017_0059_2017.jpg,/Users/captmj/Downloads/New_Dataset/2017/0059_2017.jpg,/Users/captmj/Downloads/New_Dataset/milco_dataset/images/2017/2017_0059_2017.jpg,/Users/captmj/Downloads/New_Dataset/milco_dataset/labels/2017/2017_0059_2017.txt,1,0,0,0
2017,2017_0060_2017.jpg,/Users/captmj/Downloads/New_Dataset/2017/0060_2017.jpg,/Users/captmj/Downloads/New_Dataset/milco_dataset/images/2017/2017_0060_2017.jpg,/Users/captmj/Downloads/New_Dataset/milco_dataset/labels/2017/2017_0060_2017.txt,1,0,0,0
2017,2017_0061_2017.jpg,/Users/captmj/Downloads/New_Dataset/2017/0061_2017.jpg,/Users/captmj/Downloads/New_Dataset/milco_dataset/images/2017/2017_0061_2017.jpg,/Users/captmj/Downloads/New_Dataset/milco_dataset/labels/2017/2017_0061_2017.txt,1,0,0,0
2017,2017_0062_2017.jpg,/Users/captmj/Downloads/New_Dataset/2017/0062_2017.jpg,/Users/captmj/Downloads/New_Dataset/milco_dataset/images/2017/2017_0062_2017.jpg,/Users/captmj/Downloads/New_Dataset/milco_dataset/labels/2017/2017_0062_2017.txt,1,0,0,0
2017,2017_0063_2017.jpg,/Users/captmj/Downloads/New_Dataset/2017/0063_2017.jpg,/Users/captmj/Downloads/New_Dataset/milco_dataset/images/2017/2017_0063_2017.jpg,/Users/captmj/Downloads/New_Dataset/milco_dataset/labels/2017/2017_0063_2017.txt,1,0,0,0
2017,2017_0064_2017.jpg,/Users/captmj/Downloads/New_Dataset/2017/0064_2017.jpg,/Users/captmj/Downloads/New_Dataset/milco_dataset/images/2017/2017_0064_2017.jpg,/Users/captmj/Downloads/New_Dataset/milco_dataset/labels/2017/2017_0064_2017.txt,1,0,0,0
2017,2017_0065_2017.jpg,/Users/captmj/Downloads/New_Dataset/2017/0065_2017.jpg,/Users/captmj/Downloads/New_Dataset/milco_dataset/images/2017/2017_0065_2017.jpg,/Users/captmj/Downloads/New_Dataset/milco_dataset/labels/2017/2017_0065_2017.txt,1,0,0,0
2017,2017_0066_2017.jpg,/Users/captmj/Downloads/New_Dataset/2017/0066_2017.jpg,/Users/captmj/Downloads/New_Dataset/milco_dataset/images/2017/2017_0066_2017.jpg,/Users/captmj/Downloads/New_Dataset/milco_dataset/labels/2017/2017_0066_2017.txt,0,0,1,1
2017,2017_0067_2017.jpg,/Users/captmj/Downloads/New_Dataset/2017/0067_2017.jpg,/Users/captmj/Downloads/New_Dataset/milco_dataset/images/2017/2017_0067_2017.jpg,/Users/captmj/Downloads/New_Dataset/milco_dataset/labels/2017/2017_0067_2017.txt,0,0,1,1
2017,2017_0068_2017.jpg,/Users/captmj/Downloads/New_Dataset/2017/0068_2017.jpg,/Users/captmj/Downloads/New_Dataset/milco_dataset/images/2017/2017_0068_2017.jpg,/Users/captmj/Downloads/New_Dataset/milco_dataset/labels/2017/2017_0068_2017.txt,1,0,0,0
2017,2017_0069_2017.jpg,/Users/captmj/Downloads/New_Dataset/2017/0069_2017.jpg,/Users/captmj/Downloads/New_Dataset/milco_dataset/images/2017/2017_0069_2017.jpg,/Users/captmj/Downloads/New_Dataset/milco_dataset/labels/2017/2017_0069_2017.txt,1,0,0,0
2017,2017_0070_2017.jpg,/Users/captmj/Downloads/New_Dataset/2017/0070_2017.jpg,/Users/captmj/Downloads/New_Dataset/milco_dataset/images/2017/2017_0070_2017.jpg,/Users/captmj/Downloads/New_Dataset/milco_dataset/labels/2017/2017_0070_2017.txt,1,0,0,0
2017,2017_0071_2017.jpg,/Users/captmj/Downloads/New_Dataset/2017/0071_2017.jpg,/Users/captmj/Downloads/New_Dataset/milco_dataset/images/2017/2017_0071_2017.jpg,/Users/captmj/Downloads/New_Dataset/milco_dataset/labels/2017/2017_0071_2017.txt,1,0,0,0
2017,2017_0072_2017.jpg,/Users/captmj/Downloads/New_Dataset/2017/0072_2017.jpg,/Users/captmj/Downloads/New_Dataset/milco_dataset/images/2017/2017_0072_2017.jpg,/Users/captmj/Downloads/New_Dataset/milco_dataset/labels/2017/2017_0072_2017.txt,1,0,0,0
2017,2017_0073_2017.jpg,/Users/captmj/Downloads/New_Dataset/2017/0073_2017.jpg,/Users/captmj/Downloads/New_Dataset/milco_dataset/images/2017/2017_0073_2017.jpg,/Users/captmj/Downloads/New_Dataset/milco_dataset/labels/2017/2017_0073_2017.txt,1,0,0,0
2017,2017_0074_2017.jpg,/Users/captmj/Downloads/New_Dataset/2017/0074_2017.jpg,/Users/captmj/Downloads/New_Dataset/milco_dataset/images/2017/2017_0074_2017.jpg,/Users/captmj/Downloads/New_Dataset/milco_dataset/labels/2017/2017_0074_2017.txt,1,0,0,0
2017,2017_0075_2017.jpg,/Users/captmj/Downloads/New_Dataset/2017/0075_2017.jpg,/Users/captmj/Downloads/New_Dataset/milco_dataset/images/2017/2017_0075_2017.jpg,/Users/captmj/Downloads/New_Dataset/milco_dataset/labels/2017/2017_0075_2017.txt,1,0,0,0
2017,2017_0076_2017.jpg,/Users/captmj/Downloads/New_Dataset/2017/0076_2017.jpg,/Users/captmj/Downloads/New_Dataset/milco_dataset/images/2017/2017_0076_2017.jpg,/Users/captmj/Downloads/New_Dataset/milco_dataset/labels/2017/2017_0076_2017.txt,1,0,0,0
2017,2017_0077_2017.jpg,/Users/captmj/Downloads/New_Dataset/2017/0077_2017.jpg,/Users/captmj/Downloads/New_Dataset/milco_dataset/images/2017/2017_0077_2017.jpg,/Users/captmj/Downloads/New_Dataset/milco_dataset/labels/2017/2017_0077_2017.txt,1,0,0,0
2017,2017_0078_2017.jpg,/Users/captmj/Downloads/New_Dataset/2017/0078_2017.jpg,/Users/captmj/Downloads/New_Dataset/milco_dataset/images/2017/2017_0078_2017.jpg,/Users/captmj/Downloads/New_Dataset/milco_dataset/labels/2017/2017_0078_2017.txt,1,0,0,0
2017,2017_0079_2017.jpg,/Users/captmj/Downloads/New_Dataset/2017/0079_2017.jpg,/Users/captmj/Downloads/New_Dataset/milco_dataset/images/2017/2017_0079_2017.jpg,/Users/captmj/Downloads/New_Dataset/milco_dataset/labels/2017/2017_0079_2017.txt,1,0,0,0
2017,2017_0080_2017.jpg,/Users/captmj/Downloads/New_Dataset/2017/0080_2017.jpg,/Users/captmj/Downloads/New_Dataset/milco_dataset/images/2017/2017_0080_2017.jpg,/Users/captmj/Downloads/New_Dataset/milco_dataset/labels/2017/2017_0080_2017.txt,1,0,0,0
2017,2017_0081_2017.jpg,/Users/captmj/Downloads/New_Dataset/2017/0081_2017.jpg,/Users/captmj/Downloads/New_Dataset/milco_dataset/images/2017/2017_0081_2017.jpg,/Users/captmj/Downloads/New_Dataset/milco_dataset/labels/2017/2017_0081_2017.txt,1,0,0,0
2017,2017_0082_2017.jpg,/Users/captmj/Downloads/New_Dataset/2017/0082_2017.jpg,/Users/captmj/Downloads/New_Dataset/milco_dataset/images/2017/2017_0082_2017.jpg,/Users/captmj/Downloads/New_Dataset/milco_dataset/labels/2017/2017_0082_2017.txt,1,0,0,0
2017,2017_0083_2017.jpg,/Users/captmj/Downloads/New_Dataset/2017/0083_2017.jpg,/Users/captmj/Downloads/New_Dataset/milco_dataset/images/2017/2017_0083_2017.jpg,/Users/captmj/Downloads/New_Dataset/milco_dataset/labels/2017/2017_0083_2017.txt,1,0,0,0
2017,2017_0084_2017.jpg,/Users/captmj/Downloads/New_Dataset/2017/0084_2017.jpg,/Users/captmj/Downloads/New_Dataset/milco_dataset/images/2017/2017_0084_2017.jpg,/Users/captmj/Downloads/New_Dataset/milco_dataset/labels/2017/2017_0084_2017.txt,1,0,0,0
2017,2017_0085_2017.jpg,/Users/captmj/Downloads/New_Dataset/2017/0085_2017.jpg,/Users/captmj/Downloads/New_Dataset/milco_dataset/images/2017/2017_0085_2017.jpg,/Users/captmj/Downloads/New_Dataset/milco_dataset/labels/2017/2017_0085_2017.txt,1,0,0,0
2017,2017_0086_2017.jpg,/Users/captmj/Downloads/New_Dataset/2017/0086_2017.jpg,/Users/captmj/Downloads/New_Dataset/milco_dataset/images/2017/2017_0086_2017.jpg,/Users/captmj/Downloads/New_Dataset/milco_dataset/labels/2017/2017_0086_2017.txt,1,0,0,0
2017,2017_0087_2017.jpg,/Users/captmj/Downloads/New_Dataset/2017/0087_2017.jpg,/Users/captmj/Downloads/New_Dataset/milco_dataset/images/2017/2017_0087_2017.jpg,/Users/captmj/Downloads/New_Dataset/milco_dataset/labels/2017/2017_0087_2017.txt,1,0,0,0
2017,2017_0088_2017.jpg,/Users/captmj/Downloads/New_Dataset/2017/0088_2017.jpg,/Users/captmj/Downloads/New_Dataset/milco_dataset/images/2017/2017_0088_2017.jpg,/Users/captmj/Downloads/New_Dataset/milco_dataset/labels/2017/2017_0088_2017.txt,1,0,0,0
2017,2017_0089_2017.jpg,/Users/captmj/Downloads/New_Dataset/2017/0089_2017.jpg,/Users/captmj/Downloads/New_Dataset/milco_dataset/images/2017/2017_0089_2017.jpg,/Users/captmj/Downloads/New_Dataset/milco_dataset/labels/2017/2017_0089_2017.txt,1,0,0,0
2017,2017_0090_2017.jpg,/Users/captmj/Downloads/New_Dataset/2017/0090_2017.jpg,/Users/captmj/Downloads/New_Dataset/milco_dataset/images/2017/2017_0090_2017.jpg,/Users/captmj/Downloads/New_Dataset/milco_dataset/labels/2017/2017_0090_2017.txt,1,0,0,0
2017,2017_0091_2017.jpg,/Users/captmj/Downloads/New_Dataset/2017/0091_2017.jpg,/Users/captmj/Downloads/New_Dataset/milco_dataset/images/2017/2017_0091_2017.jpg,/Users/captmj/Downloads/New_Dataset/milco_dataset/labels/2017/2017_0091_2017.txt,1,0,0,0
2017,2017_0092_2017.jpg,/Users/captmj/Downloads/New_Dataset/2017/0092_2017.jpg,/Users/captmj/Downloads/New_Dataset/milco_dataset/images/2017/2017_0092_2017.jpg,/Users/captmj/Downloads/New_Dataset/milco_dataset/labels/2017/2017_0092_2017.txt,1,0,0,0
2017,2017_0093_2017.jpg,/Users/captmj/Downloads/New_Dataset/2017/0093_2017.jpg,/Users/captmj/Downloads/New_Dataset/milco_dataset/images/2017/2017_0093_2017.jpg,/Users/captmj/Downloads/New_Dataset/milco_dataset/labels/2017/2017_0093_2017.txt,1,0,0,0
2018,2018_0001_2018.jpg,/Users/captmj/Downloads/New_Dataset/2018/0001_2018.jpg,/Users/captmj/Downloads/New_Dataset/milco_dataset/images/2018/2018_0001_2018.jpg,/Users/captmj/Downloads/New_Dataset/milco_dataset/labels/2018/2018_0001_2018.txt,1,0,0,0
2018,2018_0002_2018.jpg,/Users/captmj/Downloads/New_Dataset/2018/0002_2018.jpg,/Users/captmj/Downloads/New_Dataset/milco_dataset/images/2018/2018_0002_2018.jpg,/Users/captmj/Downloads/New_Dataset/milco_dataset/labels/2018/2018_0002_2018.txt,1,0,0,0
2018,2018_0003_2018.jpg,/Users/captmj/Downloads/New_Dataset/2018/0003_2018.jpg,/Users/captmj/Downloads/New_Dataset/milco_dataset/images/2018/2018_0003_2018.jpg,/Users/captmj/Downloads/New_Dataset/milco_dataset/labels/2018/2018_0003_2018.txt,1,0,0,0
2018,2018_0004_2018.jpg,/Users/captmj/Downloads/New_Dataset/2018/0004_2018.jpg,/Users/captmj/Downloads/New_Dataset/milco_dataset/images/2018/2018_0004_2018.jpg,/Users/captmj/Downloads/New_Dataset/milco_dataset/labels/2018/2018_0004_2018.txt,1,0,0,0
2018,2018_0005_2018.jpg,/Users/captmj/Downloads/New_Dataset/2018/0005_2018.jpg,/Users/captmj/Downloads/New_Dataset/milco_dataset/images/2018/2018_0005_2018.jpg,/Users/captmj/Downloads/New_Dataset/milco_dataset/labels/2018/2018_0005_2018.txt,1,0,0,0
2018,2018_0006_2018.jpg,/Users/captmj/Downloads/New_Dataset/2018/0006_2018.jpg,/Users/captmj/Downloads/New_Dataset/milco_dataset/images/2018/2018_0006_2018.jpg,/Users/captmj/Downloads/New_Dataset/milco_dataset/labels/2018/2018_0006_2018.txt,1,0,0,0
2018,2018_0007_2018.jpg,/Users/captmj/Downloads/New_Dataset/2018/0007_2018.jpg,/Users/captmj/Downloads/New_Dataset/milco_dataset/images/2018/2018_0007_2018.jpg,/Users/captmj/Downloads/New_Dataset/milco_dataset/labels/2018/2018_0007_2018.txt,1,0,0,0
2018,2018_0008_2018.jpg,/Users/captmj/Downloads/New_Dataset/2018/0008_2018.jpg,/Users/captmj/Downloads/New_Dataset/milco_dataset/images/2018/2018_0008_2018.jpg,/Users/captmj/Downloads/New_Dataset/milco_dataset/labels/2018/2018_0008_2018.txt,1,0,0,0
2018,2018_0009_2018.jpg,/Users/captmj/Downloads/New_Dataset/2018/0009_2018.jpg,/Users/captmj/Downloads/New_Dataset/milco_dataset/images/2018/2018_0009_2018.jpg,/Users/captmj/Downloads/New_Dataset/milco_dataset/labels/2018/2018_0009_2018.txt,1,0,0,0
2018,2018_0010_2018.jpg,/Users/captmj/Downloads/New_Dataset/2018/0010_2018.jpg,/Users/captmj/Downloads/New_Dataset/milco_dataset/images/2018/2018_0010_2018.jpg,/Users/captmj/Downloads/New_Dataset/milco_dataset/labels/2018/2018_0010_2018.txt,1,0,0,0
2018,2018_0011_2018.jpg,/Users/captmj/Downloads/New_Dataset/2018/0011_2018.jpg,/Users/captmj/Downloads/New_Dataset/milco_dataset/images/2018/2018_0011_2018.jpg,/Users/captmj/Downloads/New_Dataset/milco_dataset/labels/2018/2018_0011_2018.txt,1,0,0,0
2018,2018_0012_2018.jpg,/Users/captmj/Downloads/New_Dataset/2018/0012_2018.jpg,/Users/captmj/Downloads/New_Dataset/milco_dataset/images/2018/2018_0012_2018.jpg,/Users/captmj/Downloads/New_Dataset/milco_dataset/labels/2018/2018_0012_2018.txt,1,0,0,0
2018,2018_0013_2018.jpg,/Users/captmj/Downloads/New_Dataset/2018/0013_2018.jpg,/Users/captmj/Downloads/New_Dataset/milco_dataset/images/2018/2018_0013_2018.jpg,/Users/captmj/Downloads/New_Dataset/milco_dataset/labels/2018/2018_0013_2018.txt,1,0,0,0
2018,2018_0014_2018.jpg,/Users/captmj/Downloads/New_Dataset/2018/0014_2018.jpg,/Users/captmj/Downloads/New_Dataset/milco_dataset/images/2018/2018_0014_2018.jpg,/Users/captmj/Downloads/New_Dataset/milco_dataset/labels/2018/2018_0014_2018.txt,1,0,0,0
2018,2018_0015_2018.jpg,/Users/captmj/Downloads/New_Dataset/2018/0015_2018.jpg,/Users/captmj/Downloads/New_Dataset/milco_dataset/images/2018/2018_0015_2018.jpg,/Users/captmj/Downloads/New_Dataset/milco_dataset/labels/2018/2018_0015_2018.txt,1,0,0,0
2018,2018_0016_2018.jpg,/Users/captmj/Downloads/New_Dataset/2018/0016_2018.jpg,/Users/captmj/Downloads/New_Dataset/milco_dataset/images/2018/2018_0016_2018.jpg,/Users/captmj/Downloads/New_Dataset/milco_dataset/labels/2018/2018_0016_2018.txt,1,0,0,0
2018,2018_0017_2018.jpg,/Users/captmj/Downloads/New_Dataset/2018/0017_2018.jpg,/Users/captmj/Downloads/New_Dataset/milco_dataset/images/2018/2018_0017_2018.jpg,/Users/captmj/Downloads/New_Dataset/milco_dataset/labels/2018/2018_0017_2018.txt,1,0,0,0
2018,2018_0018_2018.jpg,/Users/captmj/Downloads/New_Dataset/2018/0018_2018.jpg,/Users/captmj/Downloads/New_Dataset/milco_dataset/images/2018/2018_0018_2018.jpg,/Users/captmj/Downloads/New_Dataset/milco_dataset/labels/2018/2018_0018_2018.txt,1,0,0,0
2018,2018_0019_2018.jpg,/Users/captmj/Downloads/New_Dataset/2018/0019_2018.jpg,/Users/captmj/Downloads/New_Dataset/milco_dataset/images/2018/2018_0019_2018.jpg,/Users/captmj/Downloads/New_Dataset/milco_dataset/labels/2018/2018_0019_2018.txt,1,0,0,0
2018,2018_0020_2018.jpg,/Users/captmj/Downloads/New_Dataset/2018/0020_2018.jpg,/Users/captmj/Downloads/New_Dataset/milco_dataset/images/2018/2018_0020_2018.jpg,/Users/captmj/Downloads/New_Dataset/milco_dataset/labels/2018/2018_0020_2018.txt,1,0,0,0
2018,2018_0021_2018.jpg,/Users/captmj/Downloads/New_Dataset/2018/0021_2018.jpg,/Users/captmj/Downloads/New_Dataset/milco_dataset/images/2018/2018_0021_2018.jpg,/Users/captmj/Downloads/New_Dataset/milco_dataset/labels/2018/2018_0021_2018.txt,0,1,0,1
2018,2018_0022_2018.jpg,/Users/captmj/Downloads/New_Dataset/2018/0022_2018.jpg,/Users/captmj/Downloads/New_Dataset/milco_dataset/images/2018/2018_0022_2018.jpg,/Users/captmj/Downloads/New_Dataset/milco_dataset/labels/2018/2018_0022_2018.txt,0,1,0,1
2018,2018_0023_2018.jpg,/Users/captmj/Downloads/New_Dataset/2018/0023_2018.jpg,/Users/captmj/Downloads/New_Dataset/milco_dataset/images/2018/2018_0023_2018.jpg,/Users/captmj/Downloads/New_Dataset/milco_dataset/labels/2018/2018_0023_2018.txt,0,1,0,1
2018,2018_0024_2018.jpg,/Users/captmj/Downloads/New_Dataset/2018/0024_2018.jpg,/Users/captmj/Downloads/New_Dataset/milco_dataset/images/2018/2018_0024_2018.jpg,/Users/captmj/Downloads/New_Dataset/milco_dataset/labels/2018/2018_0024_2018.txt,1,0,0,0
2018,2018_0025_2018.jpg,/Users/captmj/Downloads/New_Dataset/2018/0025_2018.jpg,/Users/captmj/Downloads/New_Dataset/milco_dataset/images/2018/2018_0025_2018.jpg,/Users/captmj/Downloads/New_Dataset/milco_dataset/labels/2018/2018_0025_2018.txt,1,0,0,0
2018,2018_0026_2018.jpg,/Users/captmj/Downloads/New_Dataset/2018/0026_2018.jpg,/Users/captmj/Downloads/New_Dataset/milco_dataset/images/2018/2018_0026_2018.jpg,/Users/captmj/Downloads/New_Dataset/milco_dataset/labels/2018/2018_0026_2018.txt,1,0,0,0
2018,2018_0027_2018.jpg,/Users/captmj/Downloads/New_Dataset/2018/0027_2018.jpg,/Users/captmj/Downloads/New_Dataset/milco_dataset/images/2018/2018_0027_2018.jpg,/Users/captmj/Downloads/New_Dataset/milco_dataset/labels/2018/2018_0027_2018.txt,1,0,0,0
2018,2018_0028_2018.jpg,/Users/captmj/Downloads/New_Dataset/2018/0028_2018.jpg,/Users/captmj/Downloads/New_Dataset/milco_dataset/images/2018/2018_0028_2018.jpg,/Users/captmj/Downloads/New_Dataset/milco_dataset/labels/2018/2018_0028_2018.txt,1,0,0,0
2018,2018_0029_2018.jpg,/Users/captmj/Downloads/New_Dataset/2018/0029_2018.jpg,/Users/captmj/Downloads/New_Dataset/milco_dataset/images/2018/2018_0029_2018.jpg,/Users/captmj/Downloads/New_Dataset/milco_dataset/labels/2018/2018_0029_2018.txt,1,0,0,0
2018,2018_0030_2018.jpg,/Users/captmj/Downloads/New_Dataset/2018/0030_2018.jpg,/Users/captmj/Downloads/New_Dataset/milco_dataset/images/2018/2018_0030_2018.jpg,/Users/captmj/Downloads/New_Dataset/milco_dataset/labels/2018/2018_0030_2018.txt,1,0,0,0
2018,2018_0031_2018.jpg,/Users/captmj/Downloads/New_Dataset/2018/0031_2018.jpg,/Users/captmj/Downloads/New_Dataset/milco_dataset/images/2018/2018_0031_2018.jpg,/Users/captmj/Downloads/New_Dataset/milco_dataset/labels/2018/2018_0031_2018.txt,1,0,0,0
2018,2018_0032_2018.jpg,/Users/captmj/Downloads/New_Dataset/2018/0032_2018.jpg,/Users/captmj/Downloads/New_Dataset/milco_dataset/images/2018/2018_0032_2018.jpg,/Users/captmj/Downloads/New_Dataset/milco_dataset/labels/2018/2018_0032_2018.txt,1,0,0,0
2018,2018_0033_2018.jpg,/Users/captmj/Downloads/New_Dataset/2018/0033_2018.jpg,/Users/captmj/Downloads/New_Dataset/milco_dataset/images/2018/2018_0033_2018.jpg,/Users/captmj/Downloads/New_Dataset/milco_dataset/labels/2018/2018_0033_2018.txt,1,0,0,0
2018,2018_0034_2018.jpg,/Users/captmj/Downloads/New_Dataset/2018/0034_2018.jpg,/Users/captmj/Downloads/New_Dataset/milco_dataset/images/2018/2018_0034_2018.jpg,/Users/captmj/Downloads/New_Dataset/milco_dataset/labels/2018/2018_0034_2018.txt,1,0,0,0
2018,2018_0035_2018.jpg,/Users/captmj/Downloads/New_Dataset/2018/0035_2018.jpg,/Users/captmj/Downloads/New_Dataset/milco_dataset/images/2018/2018_0035_2018.jpg,/Users/captmj/Downloads/New_Dataset/milco_dataset/labels/2018/2018_0035_2018.txt,1,0,0,0
2018,2018_0036_2018.jpg,/Users/captmj/Downloads/New_Dataset/2018/0036_2018.jpg,/Users/captmj/Downloads/New_Dataset/milco_dataset/images/2018/2018_0036_2018.jpg,/Users/captmj/Downloads/New_Dataset/milco_dataset/labels/2018/2018_0036_2018.txt,0,1,0,1
2018,2018_0037_2018.jpg,/Users/captmj/Downloads/New_Dataset/2018/0037_2018.jpg,/Users/captmj/Downloads/New_Dataset/milco_dataset/images/2018/2018_0037_2018.jpg,/Users/captmj/Downloads/New_Dataset/milco_dataset/labels/2018/2018_0037_2018.txt,0,1,0,1
2018,2018_0038_2018.jpg,/Users/captmj/Downloads/New_Dataset/2018/0038_2018.jpg,/Users/captmj/Downloads/New_Dataset/milco_dataset/images/2018/2018_0038_2018.jpg,/Users/captmj/Downloads/New_Dataset/milco_dataset/labels/2018/2018_0038_2018.txt,1,0,0,0
2018,2018_0039_2018.jpg,/Users/captmj/Downloads/New_Dataset/2018/0039_2018.jpg,/Users/captmj/Downloads/New_Dataset/milco_dataset/images/2018/2018_0039_2018.jpg,/Users/captmj/Downloads/New_Dataset/milco_dataset/labels/2018/2018_0039_2018.txt,1,0,0,0
2018,2018_0040_2018.jpg,/Users/captmj/Downloads/New_Dataset/2018/0040_2018.jpg,/Users/captmj/Downloads/New_Dataset/milco_dataset/images/2018/2018_0040_2018.jpg,/Users/captmj/Downloads/New_Dataset/milco_dataset/labels/2018/2018_0040_2018.txt,1,0,0,0
2018,2018_0041_2018.jpg,/Users/captmj/Downloads/New_Dataset/2018/0041_2018.jpg,/Users/captmj/Downloads/New_Dataset/milco_dataset/images/2018/2018_0041_2018.jpg,/Users/captmj/Downloads/New_Dataset/milco_dataset/labels/2018/2018_0041_2018.txt,1,0,0,0
2018,2018_0042_2018.jpg,/Users/captmj/Downloads/New_Dataset/2018/0042_2018.jpg,/Users/captmj/Downloads/New_Dataset/milco_dataset/images/2018/2018_0042_2018.jpg,/Users/captmj/Downloads/New_Dataset/milco_dataset/labels/2018/2018_0042_2018.txt,1,0,0,0
2018,2018_0043_2018.jpg,/Users/captmj/Downloads/New_Dataset/2018/0043_2018.jpg,/Users/captmj/Downloads/New_Dataset/milco_dataset/images/2018/2018_0043_2018.jpg,/Users/captmj/Downloads/New_Dataset/milco_dataset/labels/2018/2018_0043_2018.txt,1,0,0,0
2018,2018_0044_2018.jpg,/Users/captmj/Downloads/New_Dataset/2018/0044_2018.jpg,/Users/captmj/Downloads/New_Dataset/milco_dataset/images/2018/2018_0044_2018.jpg,/Users/captmj/Downloads/New_Dataset/milco_dataset/labels/2018/2018_0044_2018.txt,1,0,0,0
2018,2018_0045_2018.jpg,/Users/captmj/Downloads/New_Dataset/2018/0045_2018.jpg,/Users/captmj/Downloads/New_Dataset/milco_dataset/images/2018/2018_0045_2018.jpg,/Users/captmj/Downloads/New_Dataset/milco_dataset/labels/2018/2018_0045_2018.txt,1,0,0,0
2018,2018_0046_2018.jpg,/Users/captmj/Downloads/New_Dataset/2018/0046_2018.jpg,/Users/captmj/Downloads/New_Dataset/milco_dataset/images/2018/2018_0046_2018.jpg,/Users/captmj/Downloads/New_Dataset/milco_dataset/labels/2018/2018_0046_2018.txt,1,0,0,0
2018,2018_0047_2018.jpg,/Users/captmj/Downloads/New_Dataset/2018/0047_2018.jpg,/Users/captmj/Downloads/New_Dataset/milco_dataset/images/2018/2018_0047_2018.jpg,/Users/captmj/Downloads/New_Dataset/milco_dataset/labels/2018/2018_0047_2018.txt,1,0,0,0
2018,2018_0048_2018.jpg,/Users/captmj/Downloads/New_Dataset/2018/0048_2018.jpg,/Users/captmj/Downloads/New_Dataset/milco_dataset/images/2018/2018_0048_2018.jpg,/Users/captmj/Downloads/New_Dataset/milco_dataset/labels/2018/2018_0048_2018.txt,0,0,1,1
2018,2018_0049_2018.jpg,/Users/captmj/Downloads/New_Dataset/2018/0049_2018.jpg,/Users/captmj/Downloads/New_Dataset/milco_dataset/images/2018/2018_0049_2018.jpg,/Users/captmj/Downloads/New_Dataset/milco_dataset/labels/2018/2018_0049_2018.txt,1,0,0,0
2018,2018_0050_2018.jpg,/Users/captmj/Downloads/New_Dataset/2018/0050_2018.jpg,/Users/captmj/Downloads/New_Dataset/milco_dataset/images/2018/2018_0050_2018.jpg,/Users/captmj/Downloads/New_Dataset/milco_dataset/labels/2018/2018_0050_2018.txt,1,0,0,0
2018,2018_0051_2018.jpg,/Users/captmj/Downloads/New_Dataset/2018/0051_2018.jpg,/Users/captmj/Downloads/New_Dataset/milco_dataset/images/2018/2018_0051_2018.jpg,/Users/captmj/Downloads/New_Dataset/milco_dataset/labels/2018/2018_0051_2018.txt,1,0,0,0
2018,2018_0052_2018.jpg,/Users/captmj/Downloads/New_Dataset/2018/0052_2018.jpg,/Users/captmj/Downloads/New_Dataset/milco_dataset/images/2018/2018_0052_2018.jpg,/Users/captmj/Downloads/New_Dataset/milco_dataset/labels/2018/2018_0052_2018.txt,1,0,0,0
2018,2018_0053_2018.jpg,/Users/captmj/Downloads/New_Dataset/2018/0053_2018.jpg,/Users/captmj/Downloads/New_Dataset/milco_dataset/images/2018/2018_0053_2018.jpg,/Users/captmj/Downloads/New_Dataset/milco_dataset/labels/2018/2018_0053_2018.txt,1,0,0,0
2018,2018_0054_2018.jpg,/Users/captmj/Downloads/New_Dataset/2018/0054_2018.jpg,/Users/captmj/Downloads/New_Dataset/milco_dataset/images/2018/2018_0054_2018.jpg,/Users/captmj/Downloads/New_Dataset/milco_dataset/labels/2018/2018_0054_2018.txt,1,0,0,0
2018,2018_0055_2018.jpg,/Users/captmj/Downloads/New_Dataset/2018/0055_2018.jpg,/Users/captmj/Downloads/New_Dataset/milco_dataset/images/2018/2018_0055_2018.jpg,/Users/captmj/Downloads/New_Dataset/milco_dataset/labels/2018/2018_0055_2018.txt,1,0,0,0
2018,2018_0056_2018.jpg,/Users/captmj/Downloads/New_Dataset/2018/0056_2018.jpg,/Users/captmj/Downloads/New_Dataset/milco_dataset/images/2018/2018_0056_2018.jpg,/Users/captmj/Downloads/New_Dataset/milco_dataset/labels/2018/2018_0056_2018.txt,1,0,0,0
2018,2018_0057_2018.jpg,/Users/captmj/Downloads/New_Dataset/2018/0057_2018.jpg,/Users/captmj/Downloads/New_Dataset/milco_dataset/images/2018/2018_0057_2018.jpg,/Users/captmj/Downloads/New_Dataset/milco_dataset/labels/2018/2018_0057_2018.txt,1,0,0,0
2018,2018_0058_2018.jpg,/Users/captmj/Downloads/New_Dataset/2018/0058_2018.jpg,/Users/captmj/Downloads/New_Dataset/milco_dataset/images/2018/2018_0058_2018.jpg,/Users/captmj/Downloads/New_Dataset/milco_dataset/labels/2018/2018_0058_2018.txt,1,0,0,0
2018,2018_0059_2018.jpg,/Users/captmj/Downloads/New_Dataset/2018/0059_2018.jpg,/Users/captmj/Downloads/New_Dataset/milco_dataset/images/2018/2018_0059_2018.jpg,/Users/captmj/Downloads/New_Dataset/milco_dataset/labels/2018/2018_0059_2018.txt,1,0,0,0
2018,2018_0060_2018.jpg,/Users/captmj/Downloads/New_Dataset/2018/0060_2018.jpg,/Users/captmj/Downloads/New_Dataset/milco_dataset/images/2018/2018_0060_2018.jpg,/Users/captmj/Downloads/New_Dataset/milco_dataset/labels/2018/2018_0060_2018.txt,1,0,0,0
2018,2018_0061_2018.jpg,/Users/captmj/Downloads/New_Dataset/2018/0061_2018.jpg,/Users/captmj/Downloads/New_Dataset/milco_dataset/images/2018/2018_0061_2018.jpg,/Users/captmj/Downloads/New_Dataset/milco_dataset/labels/2018/2018_0061_2018.txt,1,0,0,0
2018,2018_0062_2018.jpg,/Users/captmj/Downloads/New_Dataset/2018/0062_2018.jpg,/Users/captmj/Downloads/New_Dataset/milco_dataset/images/2018/2018_0062_2018.jpg,/Users/captmj/Downloads/New_Dataset/milco_dataset/labels/2018/2018_0062_2018.txt,1,0,0,0
2018,2018_0063_2018.jpg,/Users/captmj/Downloads/New_Dataset/2018/0063_2018.jpg,/Users/captmj/Downloads/New_Dataset/milco_dataset/images/2018/2018_0063_2018.jpg,/Users/captmj/Downloads/New_Dataset/milco_dataset/labels/2018/2018_0063_2018.txt,1,0,0,0
2018,2018_0064_2018.jpg,/Users/captmj/Downloads/New_Dataset/2018/0064_2018.jpg,/Users/captmj/Downloads/New_Dataset/milco_dataset/images/2018/2018_0064_2018.jpg,/Users/captmj/Downloads/New_Dataset/milco_dataset/labels/2018/2018_0064_2018.txt,1,0,0,0
2018,2018_0065_2018.jpg,/Users/captmj/Downloads/New_Dataset/2018/0065_2018.jpg,/Users/captmj/Downloads/New_Dataset/milco_dataset/images/2018/2018_0065_2018.jpg,/Users/captmj/Downloads/New_Dataset/milco_dataset/labels/2018/2018_0065_2018.txt,1,0,0,0
2018,2018_0066_2018.jpg,/Users/captmj/Downloads/New_Dataset/2018/0066_2018.jpg,/Users/captmj/Downloads/New_Dataset/milco_dataset/images/2018/2018_0066_2018.jpg,/Users/captmj/Downloads/New_Dataset/milco_dataset/labels/2018/2018_0066_2018.txt,1,0,0,0
2018,2018_0067_2018.jpg,/Users/captmj/Downloads/New_Dataset/2018/0067_2018.jpg,/Users/captmj/Downloads/New_Dataset/milco_dataset/images/2018/2018_0067_2018.jpg,/Users/captmj/Downloads/New_Dataset/milco_dataset/labels/2018/2018_0067_2018.txt,1,0,0,0
2018,2018_0068_2018.jpg,/Users/captmj/Downloads/New_Dataset/2018/0068_2018.jpg,/Users/captmj/Downloads/New_Dataset/milco_dataset/images/2018/2018_0068_2018.jpg,/Users/captmj/Downloads/New_Dataset/milco_dataset/labels/2018/2018_0068_2018.txt,0,0,1,1
2018,2018_0069_2018.jpg,/Users/captmj/Downloads/New_Dataset/2018/0069_2018.jpg,/Users/captmj/Downloads/New_Dataset/milco_dataset/images/2018/2018_0069_2018.jpg,/Users/captmj/Downloads/New_Dataset/milco_dataset/labels/2018/2018_0069_2018.txt,1,0,0,0
2018,2018_0070_2018.jpg,/Users/captmj/Downloads/New_Dataset/2018/0070_2018.jpg,/Users/captmj/Downloads/New_Dataset/milco_dataset/images/2018/2018_0070_2018.jpg,/Users/captmj/Downloads/New_Dataset/milco_dataset/labels/2018/2018_0070_2018.txt,1,0,0,0
2018,2018_0071_2018.jpg,/Users/captmj/Downloads/New_Dataset/2018/0071_2018.jpg,/Users/captmj/Downloads/New_Dataset/milco_dataset/images/2018/2018_0071_2018.jpg,/Users/captmj/Downloads/New_Dataset/milco_dataset/labels/2018/2018_0071_2018.txt,1,0,0,0
2018,2018_0072_2018.jpg,/Users/captmj/Downloads/New_Dataset/2018/0072_2018.jpg,/Users/captmj/Downloads/New_Dataset/milco_dataset/images/2018/2018_0072_2018.jpg,/Users/captmj/Downloads/New_Dataset/milco_dataset/labels/2018/2018_0072_2018.txt,1,0,0,0
2018,2018_0073_2018.jpg,/Users/captmj/Downloads/New_Dataset/2018/0073_2018.jpg,/Users/captmj/Downloads/New_Dataset/milco_dataset/images/2018/2018_0073_2018.jpg,/Users/captmj/Downloads/New_Dataset/milco_dataset/labels/2018/2018_0073_2018.txt,1,0,0,0
2018,2018_0074_2018.jpg,/Users/captmj/Downloads/New_Dataset/2018/0074_2018.jpg,/Users/captmj/Downloads/New_Dataset/milco_dataset/images/2018/2018_0074_2018.jpg,/Users/captmj/Downloads/New_Dataset/milco_dataset/labels/2018/2018_0074_2018.txt,1,0,0,0
2018,2018_0075_2018.jpg,/Users/captmj/Downloads/New_Dataset/2018/0075_2018.jpg,/Users/captmj/Downloads/New_Dataset/milco_dataset/images/2018/2018_0075_2018.jpg,/Users/captmj/Downloads/New_Dataset/milco_dataset/labels/2018/2018_0075_2018.txt,1,0,0,0
2018,2018_0076_2018.jpg,/Users/captmj/Downloads/New_Dataset/2018/0076_2018.jpg,/Users/captmj/Downloads/New_Dataset/milco_dataset/images/2018/2018_0076_2018.jpg,/Users/captmj/Downloads/New_Dataset/milco_dataset/labels/2018/2018_0076_2018.txt,1,0,0,0
2018,2018_0077_2018.jpg,/Users/captmj/Downloads/New_Dataset/2018/0077_2018.jpg,/Users/captmj/Downloads/New_Dataset/milco_dataset/images/2018/2018_0077_2018.jpg,/Users/captmj/Downloads/New_Dataset/milco_dataset/labels/2018/2018_0077_2018.txt,1,0,0,0
2018,2018_0078_2018.jpg,/Users/captmj/Downloads/New_Dataset/2018/0078_2018.jpg,/Users/captmj/Downloads/New_Dataset/milco_dataset/images/2018/2018_0078_2018.jpg,/Users/captmj/Downloads/New_Dataset/milco_dataset/labels/2018/2018_0078_2018.txt,1,0,0,0
2018,2018_0079_2018.jpg,/Users/captmj/Downloads/New_Dataset/2018/0079_2018.jpg,/Users/captmj/Downloads/New_Dataset/milco_dataset/images/2018/2018_0079_2018.jpg,/Users/captmj/Downloads/New_Dataset/milco_dataset/labels/2018/2018_0079_2018.txt,0,1,1,2
2018,2018_0080_2018.jpg,/Users/captmj/Downloads/New_Dataset/2018/0080_2018.jpg,/Users/captmj/Downloads/New_Dataset/milco_dataset/images/2018/2018_0080_2018.jpg,/Users/captmj/Downloads/New_Dataset/milco_dataset/labels/2018/2018_0080_2018.txt,0,1,1,2
2018,2018_0081_2018.jpg,/Users/captmj/Downloads/New_Dataset/2018/0081_2018.jpg,/Users/captmj/Downloads/New_Dataset/milco_dataset/images/2018/2018_0081_2018.jpg,/Users/captmj/Downloads/New_Dataset/milco_dataset/labels/2018/2018_0081_2018.txt,1,0,0,0
2018,2018_0082_2018.jpg,/Users/captmj/Downloads/New_Dataset/2018/0082_2018.jpg,/Users/captmj/Downloads/New_Dataset/milco_dataset/images/2018/2018_0082_2018.jpg,/Users/captmj/Downloads/New_Dataset/milco_dataset/labels/2018/2018_0082_2018.txt,1,0,0,0
2018,2018_0083_2018.jpg,/Users/captmj/Downloads/New_Dataset/2018/0083_2018.jpg,/Users/captmj/Downloads/New_Dataset/milco_dataset/images/2018/2018_0083_2018.jpg,/Users/captmj/Downloads/New_Dataset/milco_dataset/labels/2018/2018_0083_2018.txt,0,0,1,1
2018,2018_0084_2018.jpg,/Users/captmj/Downloads/New_Dataset/2018/0084_2018.jpg,/Users/captmj/Downloads/New_Dataset/milco_dataset/images/2018/2018_0084_2018.jpg,/Users/captmj/Downloads/New_Dataset/milco_dataset/labels/2018/2018_0084_2018.txt,0,0,1,1
2018,2018_0085_2018.jpg,/Users/captmj/Downloads/New_Dataset/2018/0085_2018.jpg,/Users/captmj/Downloads/New_Dataset/milco_dataset/images/2018/2018_0085_2018.jpg,/Users/captmj/Downloads/New_Dataset/milco_dataset/labels/2018/2018_0085_2018.txt,0,0,1,1
2018,2018_0086_2018.jpg,/Users/captmj/Downloads/New_Dataset/2018/0086_2018.jpg,/Users/captmj/Downloads/New_Dataset/milco_dataset/images/2018/2018_0086_2018.jpg,/Users/captmj/Downloads/New_Dataset/milco_dataset/labels/2018/2018_0086_2018.txt,1,0,0,0
2018,2018_0087_2018.jpg,/Users/captmj/Downloads/New_Dataset/2018/0087_2018.jpg,/Users/captmj/Downloads/New_Dataset/milco_dataset/images/2018/2018_0087_2018.jpg,/Users/captmj/Downloads/New_Dataset/milco_dataset/labels/2018/2018_0087_2018.txt,1,0,0,0
2018,2018_0088_2018.jpg,/Users/captmj/Downloads/New_Dataset/2018/0088_2018.jpg,/Users/captmj/Downloads/New_Dataset/milco_dataset/images/2018/2018_0088_2018.jpg,/Users/captmj/Downloads/New_Dataset/milco_dataset/labels/2018/2018_0088_2018.txt,1,0,0,0
2018,2018_0089_2018.jpg,/Users/captmj/Downloads/New_Dataset/2018/0089_2018.jpg,/Users/captmj/Downloads/New_Dataset/milco_dataset/images/2018/2018_0089_2018.jpg,/Users/captmj/Downloads/New_Dataset/milco_dataset/labels/2018/2018_0089_2018.txt,1,0,0,0
2018,2018_0090_2018.jpg,/Users/captmj/Downloads/New_Dataset/2018/0090_2018.jpg,/Users/captmj/Downloads/New_Dataset/milco_dataset/images/2018/2018_0090_2018.jpg,/Users/captmj/Downloads/New_Dataset/milco_dataset/labels/2018/2018_0090_2018.txt,1,0,0,0
2018,2018_0091_2018.jpg,/Users/captmj/Downloads/New_Dataset/2018/0091_2018.jpg,/Users/captmj/Downloads/New_Dataset/milco_dataset/images/2018/2018_0091_2018.jpg,/Users/captmj/Downloads/New_Dataset/milco_dataset/labels/2018/2018_0091_2018.txt,1,0,0,0
2018,2018_0092_2018.jpg,/Users/captmj/Downloads/New_Dataset/2018/0092_2018.jpg,/Users/captmj/Downloads/New_Dataset/milco_dataset/images/2018/2018_0092_2018.jpg,/Users/captmj/Downloads/New_Dataset/milco_dataset/labels/2018/2018_0092_2018.txt,1,0,0,0
2018,2018_0093_2018.jpg,/Users/captmj/Downloads/New_Dataset/2018/0093_2018.jpg,/Users/captmj/Downloads/New_Dataset/milco_dataset/images/2018/2018_0093_2018.jpg,/Users/captmj/Downloads/New_Dataset/milco_dataset/labels/2018/2018_0093_2018.txt,1,0,0,0
2018,2018_0094_2018.jpg,/Users/captmj/Downloads/New_Dataset/2018/0094_2018.jpg,/Users/captmj/Downloads/New_Dataset/milco_dataset/images/2018/2018_0094_2018.jpg,/Users/captmj/Downloads/New_Dataset/milco_dataset/labels/2018/2018_0094_2018.txt,1,0,0,0
2018,2018_0095_2018.jpg,/Users/captmj/Downloads/New_Dataset/2018/0095_2018.jpg,/Users/captmj/Downloads/New_Dataset/milco_dataset/images/2018/2018_0095_2018.jpg,/Users/captmj/Downloads/New_Dataset/milco_dataset/labels/2018/2018_0095_2018.txt,1,0,0,0
2018,2018_0096_2018.jpg,/Users/captmj/Downloads/New_Dataset/2018/0096_2018.jpg,/Users/captmj/Downloads/New_Dataset/milco_dataset/images/2018/2018_0096_2018.jpg,/Users/captmj/Downloads/New_Dataset/milco_dataset/labels/2018/2018_0096_2018.txt,1,0,0,0
2018,2018_0097_2018.jpg,/Users/captmj/Downloads/New_Dataset/2018/0097_2018.jpg,/Users/captmj/Downloads/New_Dataset/milco_dataset/images/2018/2018_0097_2018.jpg,/Users/captmj/Downloads/New_Dataset/milco_dataset/labels/2018/2018_0097_2018.txt,1,0,0,0
2018,2018_0098_2018.jpg,/Users/captmj/Downloads/New_Dataset/2018/0098_2018.jpg,/Users/captmj/Downloads/New_Dataset/milco_dataset/images/2018/2018_0098_2018.jpg,/Users/captmj/Downloads/New_Dataset/milco_dataset/labels/2018/2018_0098_2018.txt,1,0,0,0
2018,2018_0099_2018.jpg,/Users/captmj/Downloads/New_Dataset/2018/0099_2018.jpg,/Users/captmj/Downloads/New_Dataset/milco_dataset/images/2018/2018_0099_2018.jpg,/Users/captmj/Downloads/New_Dataset/milco_dataset/labels/2018/2018_0099_2018.txt,1,0,0,0
2018,2018_0100_2018.jpg,/Users/captmj/Downloads/New_Dataset/2018/0100_2018.jpg,/Users/captmj/Downloads/New_Dataset/milco_dataset/images/2018/2018_0100_2018.jpg,/Users/captmj/Downloads/New_Dataset/milco_dataset/labels/2018/2018_0100_2018.txt,1,0,0,0
2018,2018_0101_2018.jpg,/Users/captmj/Downloads/New_Dataset/2018/0101_2018.jpg,/Users/captmj/Downloads/New_Dataset/milco_dataset/images/2018/2018_0101_2018.jpg,/Users/captmj/Downloads/New_Dataset/milco_dataset/labels/2018/2018_0101_2018.txt,1,0,0,0
2018,2018_0102_2018.jpg,/Users/captmj/Downloads/New_Dataset/2018/0102_2018.jpg,/Users/captmj/Downloads/New_Dataset/milco_dataset/images/2018/2018_0102_2018.jpg,/Users/captmj/Downloads/New_Dataset/milco_dataset/labels/2018/2018_0102_2018.txt,1,0,0,0
2018,2018_0103_2018.jpg,/Users/captmj/Downloads/New_Dataset/2018/0103_2018.jpg,/Users/captmj/Downloads/New_Dataset/milco_dataset/images/2018/2018_0103_2018.jpg,/Users/captmj/Downloads/New_Dataset/milco_dataset/labels/2018/2018_0103_2018.txt,1,0,0,0
2018,2018_0104_2018.jpg,/Users/captmj/Downloads/New_Dataset/2018/0104_2018.jpg,/Users/captmj/Downloads/New_Dataset/milco_dataset/images/2018/2018_0104_2018.jpg,/Users/captmj/Downloads/New_Dataset/milco_dataset/labels/2018/2018_0104_2018.txt,1,0,0,0
2018,2018_0105_2018.jpg,/Users/captmj/Downloads/New_Dataset/2018/0105_2018.jpg,/Users/captmj/Downloads/New_Dataset/milco_dataset/images/2018/2018_0105_2018.jpg,/Users/captmj/Downloads/New_Dataset/milco_dataset/labels/2018/2018_0105_2018.txt,1,0,0,0
2018,2018_0106_2018.jpg,/Users/captmj/Downloads/New_Dataset/2018/0106_2018.jpg,/Users/captmj/Downloads/New_Dataset/milco_dataset/images/2018/2018_0106_2018.jpg,/Users/captmj/Downloads/New_Dataset/milco_dataset/labels/2018/2018_0106_2018.txt,1,0,0,0
2018,2018_0107_2018.jpg,/Users/captmj/Downloads/New_Dataset/2018/0107_2018.jpg,/Users/captmj/Downloads/New_Dataset/milco_dataset/images/2018/2018_0107_2018.jpg,/Users/captmj/Downloads/New_Dataset/milco_dataset/labels/2018/2018_0107_2018.txt,0,1,0,1
2018,2018_0108_2018.jpg,/Users/captmj/Downloads/New_Dataset/2018/0108_2018.jpg,/Users/captmj/Downloads/New_Dataset/milco_dataset/images/2018/2018_0108_2018.jpg,/Users/captmj/Downloads/New_Dataset/milco_dataset/labels/2018/2018_0108_2018.txt,1,0,0,0
2018,2018_0109_2018.jpg,/Users/captmj/Downloads/New_Dataset/2018/0109_2018.jpg,/Users/captmj/Downloads/New_Dataset/milco_dataset/images/2018/2018_0109_2018.jpg,/Users/captmj/Downloads/New_Dataset/milco_dataset/labels/2018/2018_0109_2018.txt,1,0,0,0
2018,2018_0110_2018.jpg,/Users/captmj/Downloads/New_Dataset/2018/0110_2018.jpg,/Users/captmj/Downloads/New_Dataset/milco_dataset/images/2018/2018_0110_2018.jpg,/Users/captmj/Downloads/New_Dataset/milco_dataset/labels/2018/2018_0110_2018.txt,1,0,0,0
2018,2018_0111_2018.jpg,/Users/captmj/Downloads/New_Dataset/2018/0111_2018.jpg,/Users/captmj/Downloads/New_Dataset/milco_dataset/images/2018/2018_0111_2018.jpg,/Users/captmj/Downloads/New_Dataset/milco_dataset/labels/2018/2018_0111_2018.txt,1,0,0,0
2018,2018_0112_2018.jpg,/Users/captmj/Downloads/New_Dataset/2018/0112_2018.jpg,/Users/captmj/Downloads/New_Dataset/milco_dataset/images/2018/2018_0112_2018.jpg,/Users/captmj/Downloads/New_Dataset/milco_dataset/labels/2018/2018_0112_2018.txt,1,0,0,0
2018,2018_0113_2018.jpg,/Users/captmj/Downloads/New_Dataset/2018/0113_2018.jpg,/Users/captmj/Downloads/New_Dataset/milco_dataset/images/2018/2018_0113_2018.jpg,/Users/captmj/Downloads/New_Dataset/milco_dataset/labels/2018/2018_0113_2018.txt,1,0,0,0
2018,2018_0114_2018.jpg,/Users/captmj/Downloads/New_Dataset/2018/0114_2018.jpg,/Users/captmj/Downloads/New_Dataset/milco_dataset/images/2018/2018_0114_2018.jpg,/Users/captmj/Downloads/New_Dataset/milco_dataset/labels/2018/2018_0114_2018.txt,1,0,0,0
2018,2018_0115_2018.jpg,/Users/captmj/Downloads/New_Dataset/2018/0115_2018.jpg,/Users/captmj/Downloads/New_Dataset/milco_dataset/images/2018/2018_0115_2018.jpg,/Users/captmj/Downloads/New_Dataset/milco_dataset/labels/2018/2018_0115_2018.txt,1,0,0,0
2018,2018_0116_2018.jpg,/Users/captmj/Downloads/New_Dataset/2018/0116_2018.jpg,/Users/captmj/Downloads/New_Dataset/milco_dataset/images/2018/2018_0116_2018.jpg,/Users/captmj/Downloads/New_Dataset/milco_dataset/labels/2018/2018_0116_2018.txt,1,0,0,0
2018,2018_0117_2018.jpg,/Users/captmj/Downloads/New_Dataset/2018/0117_2018.jpg,/Users/captmj/Downloads/New_Dataset/milco_dataset/images/2018/2018_0117_2018.jpg,/Users/captmj/Downloads/New_Dataset/milco_dataset/labels/2018/2018_0117_2018.txt,0,0,1,1
2018,2018_0118_2018.jpg,/Users/captmj/Downloads/New_Dataset/2018/0118_2018.jpg,/Users/captmj/Downloads/New_Dataset/milco_dataset/images/2018/2018_0118_2018.jpg,/Users/captmj/Downloads/New_Dataset/milco_dataset/labels/2018/2018_0118_2018.txt,0,0,1,1
2018,2018_0119_2018.jpg,/Users/captmj/Downloads/New_Dataset/2018/0119_2018.jpg,/Users/captmj/Downloads/New_Dataset/milco_dataset/images/2018/2018_0119_2018.jpg,/Users/captmj/Downloads/New_Dataset/milco_dataset/labels/2018/2018_0119_2018.txt,1,0,0,0
2018,2018_0120_2018.jpg,/Users/captmj/Downloads/New_Dataset/2018/0120_2018.jpg,/Users/captmj/Downloads/New_Dataset/milco_dataset/images/2018/2018_0120_2018.jpg,/Users/captmj/Downloads/New_Dataset/milco_dataset/labels/2018/2018_0120_2018.txt,1,0,0,0
2018,2018_0121_2018.jpg,/Users/captmj/Downloads/New_Dataset/2018/0121_2018.jpg,/Users/captmj/Downloads/New_Dataset/milco_dataset/images/2018/2018_0121_2018.jpg,/Users/captmj/Downloads/New_Dataset/milco_dataset/labels/2018/2018_0121_2018.txt,1,0,0,0
2018,2018_0122_2018.jpg,/Users/captmj/Downloads/New_Dataset/2018/0122_2018.jpg,/Users/captmj/Downloads/New_Dataset/milco_dataset/images/2018/2018_0122_2018.jpg,/Users/captmj/Downloads/New_Dataset/milco_dataset/labels/2018/2018_0122_2018.txt,1,0,0,0
2018,2018_0123_2018.jpg,/Users/captmj/Downloads/New_Dataset/2018/0123_2018.jpg,/Users/captmj/Downloads/New_Dataset/milco_dataset/images/2018/2018_0123_2018.jpg,/Users/captmj/Downloads/New_Dataset/milco_dataset/labels/2018/2018_0123_2018.txt,1,0,0,0
2018,2018_0124_2018.jpg,/Users/captmj/Downloads/New_Dataset/2018/0124_2018.jpg,/Users/captmj/Downloads/New_Dataset/milco_dataset/images/2018/2018_0124_2018.jpg,/Users/captmj/Downloads/New_Dataset/milco_dataset/labels/2018/2018_0124_2018.txt,1,0,0,0
2018,2018_0125_2018.jpg,/Users/captmj/Downloads/New_Dataset/2018/0125_2018.jpg,/Users/captmj/Downloads/New_Dataset/milco_dataset/images/2018/2018_0125_2018.jpg,/Users/captmj/Downloads/New_Dataset/milco_dataset/labels/2018/2018_0125_2018.txt,1,0,0,0
2018,2018_0126_2018.jpg,/Users/captmj/Downloads/New_Dataset/2018/0126_2018.jpg,/Users/captmj/Downloads/New_Dataset/milco_dataset/images/2018/2018_0126_2018.jpg,/Users/captmj/Downloads/New_Dataset/milco_dataset/labels/2018/2018_0126_2018.txt,1,0,0,0
2018,2018_0127_2018.jpg,/Users/captmj/Downloads/New_Dataset/2018/0127_2018.jpg,/Users/captmj/Downloads/New_Dataset/milco_dataset/images/2018/2018_0127_2018.jpg,/Users/captmj/Downloads/New_Dataset/milco_dataset/labels/2018/2018_0127_2018.txt,1,0,0,0
2018,2018_0128_2018.jpg,/Users/captmj/Downloads/New_Dataset/2018/0128_2018.jpg,/Users/captmj/Downloads/New_Dataset/milco_dataset/images/2018/2018_0128_2018.jpg,/Users/captmj/Downloads/New_Dataset/milco_dataset/labels/2018/2018_0128_2018.txt,1,0,0,0
2018,2018_0129_2018.jpg,/Users/captmj/Downloads/New_Dataset/2018/0129_2018.jpg,/Users/captmj/Downloads/New_Dataset/milco_dataset/images/2018/2018_0129_2018.jpg,/Users/captmj/Downloads/New_Dataset/milco_dataset/labels/2018/2018_0129_2018.txt,1,0,0,0
2018,2018_0130_2018.jpg,/Users/captmj/Downloads/New_Dataset/2018/0130_2018.jpg,/Users/captmj/Downloads/New_Dataset/milco_dataset/images/2018/2018_0130_2018.jpg,/Users/captmj/Downloads/New_Dataset/milco_dataset/labels/2018/2018_0130_2018.txt,1,0,0,0
2018,2018_0131_2018.jpg,/Users/captmj/Downloads/New_Dataset/2018/0131_2018.jpg,/Users/captmj/Downloads/New_Dataset/milco_dataset/images/2018/2018_0131_2018.jpg,/Users/captmj/Downloads/New_Dataset/milco_dataset/labels/2018/2018_0131_2018.txt,0,1,0,1
2018,2018_0132_2018.jpg,/Users/captmj/Downloads/New_Dataset/2018/0132_2018.jpg,/Users/captmj/Downloads/New_Dataset/milco_dataset/images/2018/2018_0132_2018.jpg,/Users/captmj/Downloads/New_Dataset/milco_dataset/labels/2018/2018_0132_2018.txt,0,1,0,1
2018,2018_0133_2018.jpg,/Users/captmj/Downloads/New_Dataset/2018/0133_2018.jpg,/Users/captmj/Downloads/New_Dataset/milco_dataset/images/2018/2018_0133_2018.jpg,/Users/captmj/Downloads/New_Dataset/milco_dataset/labels/2018/2018_0133_2018.txt,1,0,0,0
2018,2018_0134_2018.jpg,/Users/captmj/Downloads/New_Dataset/2018/0134_2018.jpg,/Users/captmj/Downloads/New_Dataset/milco_dataset/images/2018/2018_0134_2018.jpg,/Users/captmj/Downloads/New_Dataset/milco_dataset/labels/2018/2018_0134_2018.txt,1,0,0,0
2018,2018_0135_2018.jpg,/Users/captmj/Downloads/New_Dataset/2018/0135_2018.jpg,/Users/captmj/Downloads/New_Dataset/milco_dataset/images/2018/2018_0135_2018.jpg,/Users/captmj/Downloads/New_Dataset/milco_dataset/labels/2018/2018_0135_2018.txt,1,0,0,0
2018,2018_0136_2018.jpg,/Users/captmj/Downloads/New_Dataset/2018/0136_2018.jpg,/Users/captmj/Downloads/New_Dataset/milco_dataset/images/2018/2018_0136_2018.jpg,/Users/captmj/Downloads/New_Dataset/milco_dataset/labels/2018/2018_0136_2018.txt,1,0,0,0
2018,2018_0137_2018.jpg,/Users/captmj/Downloads/New_Dataset/2018/0137_2018.jpg,/Users/captmj/Downloads/New_Dataset/milco_dataset/images/2018/2018_0137_2018.jpg,/Users/captmj/Downloads/New_Dataset/milco_dataset/labels/2018/2018_0137_2018.txt,0,1,0,1
2018,2018_0138_2018.jpg,/Users/captmj/Downloads/New_Dataset/2018/0138_2018.jpg,/Users/captmj/Downloads/New_Dataset/milco_dataset/images/2018/2018_0138_2018.jpg,/Users/captmj/Downloads/New_Dataset/milco_dataset/labels/2018/2018_0138_2018.txt,0,1,0,1
2018,2018_0139_2018.jpg,/Users/captmj/Downloads/New_Dataset/2018/0139_2018.jpg,/Users/captmj/Downloads/New_Dataset/milco_dataset/images/2018/2018_0139_2018.jpg,/Users/captmj/Downloads/New_Dataset/milco_dataset/labels/2018/2018_0139_2018.txt,1,0,0,0
2018,2018_0140_2018.jpg,/Users/captmj/Downloads/New_Dataset/2018/0140_2018.jpg,/Users/captmj/Downloads/New_Dataset/milco_dataset/images/2018/2018_0140_2018.jpg,/Users/captmj/Downloads/New_Dataset/milco_dataset/labels/2018/2018_0140_2018.txt,1,0,0,0
2018,2018_0141_2018.jpg,/Users/captmj/Downloads/New_Dataset/2018/0141_2018.jpg,/Users/captmj/Downloads/New_Dataset/milco_dataset/images/2018/2018_0141_2018.jpg,/Users/captmj/Downloads/New_Dataset/milco_dataset/labels/2018/2018_0141_2018.txt,1,0,0,0
2018,2018_0142_2018.jpg,/Users/captmj/Downloads/New_Dataset/2018/0142_2018.jpg,/Users/captmj/Downloads/New_Dataset/milco_dataset/images/2018/2018_0142_2018.jpg,/Users/captmj/Downloads/New_Dataset/milco_dataset/labels/2018/2018_0142_2018.txt,1,0,0,0
2018,2018_0143_2018.jpg,/Users/captmj/Downloads/New_Dataset/2018/0143_2018.jpg,/Users/captmj/Downloads/New_Dataset/milco_dataset/images/2018/2018_0143_2018.jpg,/Users/captmj/Downloads/New_Dataset/milco_dataset/labels/2018/2018_0143_2018.txt,1,0,0,0
2018,2018_0144_2018.jpg,/Users/captmj/Downloads/New_Dataset/2018/0144_2018.jpg,/Users/captmj/Downloads/New_Dataset/milco_dataset/images/2018/2018_0144_2018.jpg,/Users/captmj/Downloads/New_Dataset/milco_dataset/labels/2018/2018_0144_2018.txt,1,0,0,0
2018,2018_0145_2018.jpg,/Users/captmj/Downloads/New_Dataset/2018/0145_2018.jpg,/Users/captmj/Downloads/New_Dataset/milco_dataset/images/2018/2018_0145_2018.jpg,/Users/captmj/Downloads/New_Dataset/milco_dataset/labels/2018/2018_0145_2018.txt,1,0,0,0
2018,2018_0146_2018.jpg,/Users/captmj/Downloads/New_Dataset/2018/0146_2018.jpg,/Users/captmj/Downloads/New_Dataset/milco_dataset/images/2018/2018_0146_2018.jpg,/Users/captmj/Downloads/New_Dataset/milco_dataset/labels/2018/2018_0146_2018.txt,1,0,0,0
2018,2018_0147_2018.jpg,/Users/captmj/Downloads/New_Dataset/2018/0147_2018.jpg,/Users/captmj/Downloads/New_Dataset/milco_dataset/images/2018/2018_0147_2018.jpg,/Users/captmj/Downloads/New_Dataset/milco_dataset/labels/2018/2018_0147_2018.txt,0,1,0,1
2018,2018_0148_2018.jpg,/Users/captmj/Downloads/New_Dataset/2018/0148_2018.jpg,/Users/captmj/Downloads/New_Dataset/milco_dataset/images/2018/2018_0148_2018.jpg,/Users/captmj/Downloads/New_Dataset/milco_dataset/labels/2018/2018_0148_2018.txt,0,1,0,1
2018,2018_0149_2018.jpg,/Users/captmj/Downloads/New_Dataset/2018/0149_2018.jpg,/Users/captmj/Downloads/New_Dataset/milco_dataset/images/2018/2018_0149_2018.jpg,/Users/captmj/Downloads/New_Dataset/milco_dataset/labels/2018/2018_0149_2018.txt,1,0,0,0
2018,2018_0150_2018.jpg,/Users/captmj/Downloads/New_Dataset/2018/0150_2018.jpg,/Users/captmj/Downloads/New_Dataset/milco_dataset/images/2018/2018_0150_2018.jpg,/Users/captmj/Downloads/New_Dataset/milco_dataset/labels/2018/2018_0150_2018.txt,1,0,0,0
2018,2018_0151_2018.jpg,/Users/captmj/Downloads/New_Dataset/2018/0151_2018.jpg,/Users/captmj/Downloads/New_Dataset/milco_dataset/images/2018/2018_0151_2018.jpg,/Users/captmj/Downloads/New_Dataset/milco_dataset/labels/2018/2018_0151_2018.txt,1,0,0,0
2018,2018_0152_2018.jpg,/Users/captmj/Downloads/New_Dataset/2018/0152_2018.jpg,/Users/captmj/Downloads/New_Dataset/milco_dataset/images/2018/2018_0152_2018.jpg,/Users/captmj/Downloads/New_Dataset/milco_dataset/labels/2018/2018_0152_2018.txt,1,0,0,0
2018,2018_0153_2018.jpg,/Users/captmj/Downloads/New_Dataset/2018/0153_2018.jpg,/Users/captmj/Downloads/New_Dataset/milco_dataset/images/2018/2018_0153_2018.jpg,/Users/captmj/Downloads/New_Dataset/milco_dataset/labels/2018/2018_0153_2018.txt,1,0,0,0
2018,2018_0154_2018.jpg,/Users/captmj/Downloads/New_Dataset/2018/0154_2018.jpg,/Users/captmj/Downloads/New_Dataset/milco_dataset/images/2018/2018_0154_2018.jpg,/Users/captmj/Downloads/New_Dataset/milco_dataset/labels/2018/2018_0154_2018.txt,1,0,0,0
2018,2018_0155_2018.jpg,/Users/captmj/Downloads/New_Dataset/2018/0155_2018.jpg,/Users/captmj/Downloads/New_Dataset/milco_dataset/images/2018/2018_0155_2018.jpg,/Users/captmj/Downloads/New_Dataset/milco_dataset/labels/2018/2018_0155_2018.txt,1,0,0,0
2018,2018_0156_2018.jpg,/Users/captmj/Downloads/New_Dataset/2018/0156_2018.jpg,/Users/captmj/Downloads/New_Dataset/milco_dataset/images/2018/2018_0156_2018.jpg,/Users/captmj/Downloads/New_Dataset/milco_dataset/labels/2018/2018_0156_2018.txt,1,0,0,0
2018,2018_0157_2018.jpg,/Users/captmj/Downloads/New_Dataset/2018/0157_2018.jpg,/Users/captmj/Downloads/New_Dataset/milco_dataset/images/2018/2018_0157_2018.jpg,/Users/captmj/Downloads/New_Dataset/milco_dataset/labels/2018/2018_0157_2018.txt,1,0,0,0
2018,2018_0158_2018.jpg,/Users/captmj/Downloads/New_Dataset/2018/0158_2018.jpg,/Users/captmj/Downloads/New_Dataset/milco_dataset/images/2018/2018_0158_2018.jpg,/Users/captmj/Downloads/New_Dataset/milco_dataset/labels/2018/2018_0158_2018.txt,1,0,0,0
2018,2018_0159_2018.jpg,/Users/captmj/Downloads/New_Dataset/2018/0159_2018.jpg,/Users/captmj/Downloads/New_Dataset/milco_dataset/images/2018/2018_0159_2018.jpg,/Users/captmj/Downloads/New_Dataset/milco_dataset/labels/2018/2018_0159_2018.txt,1,0,0,0
2018,2018_0160_2018.jpg,/Users/captmj/Downloads/New_Dataset/2018/0160_2018.jpg,/Users/captmj/Downloads/New_Dataset/milco_dataset/images/2018/2018_0160_2018.jpg,/Users/captmj/Downloads/New_Dataset/milco_dataset/labels/2018/2018_0160_2018.txt,1,0,0,0
2018,2018_0161_2018.jpg,/Users/captmj/Downloads/New_Dataset/2018/0161_2018.jpg,/Users/captmj/Downloads/New_Dataset/milco_dataset/images/2018/2018_0161_2018.jpg,/Users/captmj/Downloads/New_Dataset/milco_dataset/labels/2018/2018_0161_2018.txt,1,0,0,0
2018,2018_0162_2018.jpg,/Users/captmj/Downloads/New_Dataset/2018/0162_2018.jpg,/Users/captmj/Downloads/New_Dataset/milco_dataset/images/2018/2018_0162_2018.jpg,/Users/captmj/Downloads/New_Dataset/milco_dataset/labels/2018/2018_0162_2018.txt,1,0,0,0
2018,2018_0163_2018.jpg,/Users/captmj/Downloads/New_Dataset/2018/0163_2018.jpg,/Users/captmj/Downloads/New_Dataset/milco_dataset/images/2018/2018_0163_2018.jpg,/Users/captmj/Downloads/New_Dataset/milco_dataset/labels/2018/2018_0163_2018.txt,1,0,0,0
2018,2018_0164_2018.jpg,/Users/captmj/Downloads/New_Dataset/2018/0164_2018.jpg,/Users/captmj/Downloads/New_Dataset/milco_dataset/images/2018/2018_0164_2018.jpg,/Users/captmj/Downloads/New_Dataset/milco_dataset/labels/2018/2018_0164_2018.txt,1,0,0,0
2018,2018_0165_2018.jpg,/Users/captmj/Downloads/New_Dataset/2018/0165_2018.jpg,/Users/captmj/Downloads/New_Dataset/milco_dataset/images/2018/2018_0165_2018.jpg,/Users/captmj/Downloads/New_Dataset/milco_dataset/labels/2018/2018_0165_2018.txt,1,0,0,0
2018,2018_0166_2018.jpg,/Users/captmj/Downloads/New_Dataset/2018/0166_2018.jpg,/Users/captmj/Downloads/New_Dataset/milco_dataset/images/2018/2018_0166_2018.jpg,/Users/captmj/Downloads/New_Dataset/milco_dataset/labels/2018/2018_0166_2018.txt,0,1,0,1
2018,2018_0167_2018.jpg,/Users/captmj/Downloads/New_Dataset/2018/0167_2018.jpg,/Users/captmj/Downloads/New_Dataset/milco_dataset/images/2018/2018_0167_2018.jpg,/Users/captmj/Downloads/New_Dataset/milco_dataset/labels/2018/2018_0167_2018.txt,1,0,0,0
2018,2018_0168_2018.jpg,/Users/captmj/Downloads/New_Dataset/2018/0168_2018.jpg,/Users/captmj/Downloads/New_Dataset/milco_dataset/images/2018/2018_0168_2018.jpg,/Users/captmj/Downloads/New_Dataset/milco_dataset/labels/2018/2018_0168_2018.txt,1,0,0,0
2018,2018_0169_2018.jpg,/Users/captmj/Downloads/New_Dataset/2018/0169_2018.jpg,/Users/captmj/Downloads/New_Dataset/milco_dataset/images/2018/2018_0169_2018.jpg,/Users/captmj/Downloads/New_Dataset/milco_dataset/labels/2018/2018_0169_2018.txt,1,0,0,0
2018,2018_0170_2018.jpg,/Users/captmj/Downloads/New_Dataset/2018/0170_2018.jpg,/Users/captmj/Downloads/New_Dataset/milco_dataset/images/2018/2018_0170_2018.jpg,/Users/captmj/Downloads/New_Dataset/milco_dataset/labels/2018/2018_0170_2018.txt,1,0,0,0
2018,2018_0171_2018.jpg,/Users/captmj/Downloads/New_Dataset/2018/0171_2018.jpg,/Users/captmj/Downloads/New_Dataset/milco_dataset/images/2018/2018_0171_2018.jpg,/Users/captmj/Downloads/New_Dataset/milco_dataset/labels/2018/2018_0171_2018.txt,1,0,0,0
2018,2018_0172_2018.jpg,/Users/captmj/Downloads/New_Dataset/2018/0172_2018.jpg,/Users/captmj/Downloads/New_Dataset/milco_dataset/images/2018/2018_0172_2018.jpg,/Users/captmj/Downloads/New_Dataset/milco_dataset/labels/2018/2018_0172_2018.txt,1,0,0,0
2018,2018_0173_2018.jpg,/Users/captmj/Downloads/New_Dataset/2018/0173_2018.jpg,/Users/captmj/Downloads/New_Dataset/milco_dataset/images/2018/2018_0173_2018.jpg,/Users/captmj/Downloads/New_Dataset/milco_dataset/labels/2018/2018_0173_2018.txt,1,0,0,0
2018,2018_0174_2018.jpg,/Users/captmj/Downloads/New_Dataset/2018/0174_2018.jpg,/Users/captmj/Downloads/New_Dataset/milco_dataset/images/2018/2018_0174_2018.jpg,/Users/captmj/Downloads/New_Dataset/milco_dataset/labels/2018/2018_0174_2018.txt,1,0,0,0
2018,2018_0175_2018.jpg,/Users/captmj/Downloads/New_Dataset/2018/0175_2018.jpg,/Users/captmj/Downloads/New_Dataset/milco_dataset/images/2018/2018_0175_2018.jpg,/Users/captmj/Downloads/New_Dataset/milco_dataset/labels/2018/2018_0175_2018.txt,1,0,0,0
2018,2018_0176_2018.jpg,/Users/captmj/Downloads/New_Dataset/2018/0176_2018.jpg,/Users/captmj/Downloads/New_Dataset/milco_dataset/images/2018/2018_0176_2018.jpg,/Users/captmj/Downloads/New_Dataset/milco_dataset/labels/2018/2018_0176_2018.txt,1,0,0,0
2018,2018_0177_2018.jpg,/Users/captmj/Downloads/New_Dataset/2018/0177_2018.jpg,/Users/captmj/Downloads/New_Dataset/milco_dataset/images/2018/2018_0177_2018.jpg,/Users/captmj/Downloads/New_Dataset/milco_dataset/labels/2018/2018_0177_2018.txt,1,0,0,0
2018,2018_0178_2018.jpg,/Users/captmj/Downloads/New_Dataset/2018/0178_2018.jpg,/Users/captmj/Downloads/New_Dataset/milco_dataset/images/2018/2018_0178_2018.jpg,/Users/captmj/Downloads/New_Dataset/milco_dataset/labels/2018/2018_0178_2018.txt,1,0,0,0
2018,2018_0179_2018.jpg,/Users/captmj/Downloads/New_Dataset/2018/0179_2018.jpg,/Users/captmj/Downloads/New_Dataset/milco_dataset/images/2018/2018_0179_2018.jpg,/Users/captmj/Downloads/New_Dataset/milco_dataset/labels/2018/2018_0179_2018.txt,1,0,0,0
2018,2018_0180_2018.jpg,/Users/captmj/Downloads/New_Dataset/2018/0180_2018.jpg,/Users/captmj/Downloads/New_Dataset/milco_dataset/images/2018/2018_0180_2018.jpg,/Users/captmj/Downloads/New_Dataset/milco_dataset/labels/2018/2018_0180_2018.txt,1,0,0,0
2018,2018_0181_2018.jpg,/Users/captmj/Downloads/New_Dataset/2018/0181_2018.jpg,/Users/captmj/Downloads/New_Dataset/milco_dataset/images/2018/2018_0181_2018.jpg,/Users/captmj/Downloads/New_Dataset/milco_dataset/labels/2018/2018_0181_2018.txt,1,0,0,0
2018,2018_0182_2018.jpg,/Users/captmj/Downloads/New_Dataset/2018/0182_2018.jpg,/Users/captmj/Downloads/New_Dataset/milco_dataset/images/2018/2018_0182_2018.jpg,/Users/captmj/Downloads/New_Dataset/milco_dataset/labels/2018/2018_0182_2018.txt,1,0,0,0
2018,2018_0183_2018.jpg,/Users/captmj/Downloads/New_Dataset/2018/0183_2018.jpg,/Users/captmj/Downloads/New_Dataset/milco_dataset/images/2018/2018_0183_2018.jpg,/Users/captmj/Downloads/New_Dataset/milco_dataset/labels/2018/2018_0183_2018.txt,1,0,0,0
2018,2018_0184_2018.jpg,/Users/captmj/Downloads/New_Dataset/2018/0184_2018.jpg,/Users/captmj/Downloads/New_Dataset/milco_dataset/images/2018/2018_0184_2018.jpg,/Users/captmj/Downloads/New_Dataset/milco_dataset/labels/2018/2018_0184_2018.txt,1,0,0,0
2018,2018_0185_2018.jpg,/Users/captmj/Downloads/New_Dataset/2018/0185_2018.jpg,/Users/captmj/Downloads/New_Dataset/milco_dataset/images/2018/2018_0185_2018.jpg,/Users/captmj/Downloads/New_Dataset/milco_dataset/labels/2018/2018_0185_2018.txt,1,0,0,0
2018,2018_0186_2018.jpg,/Users/captmj/Downloads/New_Dataset/2018/0186_2018.jpg,/Users/captmj/Downloads/New_Dataset/milco_dataset/images/2018/2018_0186_2018.jpg,/Users/captmj/Downloads/New_Dataset/milco_dataset/labels/2018/2018_0186_2018.txt,1,0,0,0
2018,2018_0187_2018.jpg,/Users/captmj/Downloads/New_Dataset/2018/0187_2018.jpg,/Users/captmj/Downloads/New_Dataset/milco_dataset/images/2018/2018_0187_2018.jpg,/Users/captmj/Downloads/New_Dataset/milco_dataset/labels/2018/2018_0187_2018.txt,1,0,0,0
2018,2018_0188_2018.jpg,/Users/captmj/Downloads/New_Dataset/2018/0188_2018.jpg,/Users/captmj/Downloads/New_Dataset/milco_dataset/images/2018/2018_0188_2018.jpg,/Users/captmj/Downloads/New_Dataset/milco_dataset/labels/2018/2018_0188_2018.txt,1,0,0,0
2018,2018_0189_2018.jpg,/Users/captmj/Downloads/New_Dataset/2018/0189_2018.jpg,/Users/captmj/Downloads/New_Dataset/milco_dataset/images/2018/2018_0189_2018.jpg,/Users/captmj/Downloads/New_Dataset/milco_dataset/labels/2018/2018_0189_2018.txt,1,0,0,0
2018,2018_0190_2018.jpg,/Users/captmj/Downloads/New_Dataset/2018/0190_2018.jpg,/Users/captmj/Downloads/New_Dataset/milco_dataset/images/2018/2018_0190_2018.jpg,/Users/captmj/Downloads/New_Dataset/milco_dataset/labels/2018/2018_0190_2018.txt,1,0,0,0
2018,2018_0191_2018.jpg,/Users/captmj/Downloads/New_Dataset/2018/0191_2018.jpg,/Users/captmj/Downloads/New_Dataset/milco_dataset/images/2018/2018_0191_2018.jpg,/Users/captmj/Downloads/New_Dataset/milco_dataset/labels/2018/2018_0191_2018.txt,1,0,0,0
2018,2018_0192_2018.jpg,/Users/captmj/Downloads/New_Dataset/2018/0192_2018.jpg,/Users/captmj/Downloads/New_Dataset/milco_dataset/images/2018/2018_0192_2018.jpg,/Users/captmj/Downloads/New_Dataset/milco_dataset/labels/2018/2018_0192_2018.txt,1,0,0,0
2018,2018_0193_2018.jpg,/Users/captmj/Downloads/New_Dataset/2018/0193_2018.jpg,/Users/captmj/Downloads/New_Dataset/milco_dataset/images/2018/2018_0193_2018.jpg,/Users/captmj/Downloads/New_Dataset/milco_dataset/labels/2018/2018_0193_2018.txt,1,0,0,0
2018,2018_0194_2018.jpg,/Users/captmj/Downloads/New_Dataset/2018/0194_2018.jpg,/Users/captmj/Downloads/New_Dataset/milco_dataset/images/2018/2018_0194_2018.jpg,/Users/captmj/Downloads/New_Dataset/milco_dataset/labels/2018/2018_0194_2018.txt,1,0,0,0
2018,2018_0195_2018.jpg,/Users/captmj/Downloads/New_Dataset/2018/0195_2018.jpg,/Users/captmj/Downloads/New_Dataset/milco_dataset/images/2018/2018_0195_2018.jpg,/Users/captmj/Downloads/New_Dataset/milco_dataset/labels/2018/2018_0195_2018.txt,1,0,0,0
2018,2018_0196_2018.jpg,/Users/captmj/Downloads/New_Dataset/2018/0196_2018.jpg,/Users/captmj/Downloads/New_Dataset/milco_dataset/images/2018/2018_0196_2018.jpg,/Users/captmj/Downloads/New_Dataset/milco_dataset/labels/2018/2018_0196_2018.txt,1,0,0,0
2018,2018_0197_2018.jpg,/Users/captmj/Downloads/New_Dataset/2018/0197_2018.jpg,/Users/captmj/Downloads/New_Dataset/milco_dataset/images/2018/2018_0197_2018.jpg,/Users/captmj/Downloads/New_Dataset/milco_dataset/labels/2018/2018_0197_2018.txt,1,0,0,0
2018,2018_0198_2018.jpg,/Users/captmj/Downloads/New_Dataset/2018/0198_2018.jpg,/Users/captmj/Downloads/New_Dataset/milco_dataset/images/2018/2018_0198_2018.jpg,/Users/captmj/Downloads/New_Dataset/milco_dataset/labels/2018/2018_0198_2018.txt,1,0,0,0
2018,2018_0199_2018.jpg,/Users/captmj/Downloads/New_Dataset/2018/0199_2018.jpg,/Users/captmj/Downloads/New_Dataset/milco_dataset/images/2018/2018_0199_2018.jpg,/Users/captmj/Downloads/New_Dataset/milco_dataset/labels/2018/2018_0199_2018.txt,1,0,0,0
2018,2018_0200_2018.jpg,/Users/captmj/Downloads/New_Dataset/2018/0200_2018.jpg,/Users/captmj/Downloads/New_Dataset/milco_dataset/images/2018/2018_0200_2018.jpg,/Users/captmj/Downloads/New_Dataset/milco_dataset/labels/2018/2018_0200_2018.txt,1,0,0,0
2018,2018_0201_2018.jpg,/Users/captmj/Downloads/New_Dataset/2018/0201_2018.jpg,/Users/captmj/Downloads/New_Dataset/milco_dataset/images/2018/2018_0201_2018.jpg,/Users/captmj/Downloads/New_Dataset/milco_dataset/labels/2018/2018_0201_2018.txt,1,0,0,0
2018,2018_0202_2018.jpg,/Users/captmj/Downloads/New_Dataset/2018/0202_2018.jpg,/Users/captmj/Downloads/New_Dataset/milco_dataset/images/2018/2018_0202_2018.jpg,/Users/captmj/Downloads/New_Dataset/milco_dataset/labels/2018/2018_0202_2018.txt,1,0,0,0
2018,2018_0203_2018.jpg,/Users/captmj/Downloads/New_Dataset/2018/0203_2018.jpg,/Users/captmj/Downloads/New_Dataset/milco_dataset/images/2018/2018_0203_2018.jpg,/Users/captmj/Downloads/New_Dataset/milco_dataset/labels/2018/2018_0203_2018.txt,1,0,0,0
2018,2018_0204_2018.jpg,/Users/captmj/Downloads/New_Dataset/2018/0204_2018.jpg,/Users/captmj/Downloads/New_Dataset/milco_dataset/images/2018/2018_0204_2018.jpg,/Users/captmj/Downloads/New_Dataset/milco_dataset/labels/2018/2018_0204_2018.txt,1,0,0,0
2018,2018_0205_2018.jpg,/Users/captmj/Downloads/New_Dataset/2018/0205_2018.jpg,/Users/captmj/Downloads/New_Dataset/milco_dataset/images/2018/2018_0205_2018.jpg,/Users/captmj/Downloads/New_Dataset/milco_dataset/labels/2018/2018_0205_2018.txt,1,0,0,0
2018,2018_0206_2018.jpg,/Users/captmj/Downloads/New_Dataset/2018/0206_2018.jpg,/Users/captmj/Downloads/New_Dataset/milco_dataset/images/2018/2018_0206_2018.jpg,/Users/captmj/Downloads/New_Dataset/milco_dataset/labels/2018/2018_0206_2018.txt,1,0,0,0
2018,2018_0207_2018.jpg,/Users/captmj/Downloads/New_Dataset/2018/0207_2018.jpg,/Users/captmj/Downloads/New_Dataset/milco_dataset/images/2018/2018_0207_2018.jpg,/Users/captmj/Downloads/New_Dataset/milco_dataset/labels/2018/2018_0207_2018.txt,1,0,0,0
2018,2018_0208_2018.jpg,/Users/captmj/Downloads/New_Dataset/2018/0208_2018.jpg,/Users/captmj/Downloads/New_Dataset/milco_dataset/images/2018/2018_0208_2018.jpg,/Users/captmj/Downloads/New_Dataset/milco_dataset/labels/2018/2018_0208_2018.txt,1,0,0,0
2018,2018_0209_2018.jpg,/Users/captmj/Downloads/New_Dataset/2018/0209_2018.jpg,/Users/captmj/Downloads/New_Dataset/milco_dataset/images/2018/2018_0209_2018.jpg,/Users/captmj/Downloads/New_Dataset/milco_dataset/labels/2018/2018_0209_2018.txt,1,0,0,0
2018,2018_0210_2018.jpg,/Users/captmj/Downloads/New_Dataset/2018/0210_2018.jpg,/Users/captmj/Downloads/New_Dataset/milco_dataset/images/2018/2018_0210_2018.jpg,/Users/captmj/Downloads/New_Dataset/milco_dataset/labels/2018/2018_0210_2018.txt,1,0,0,0
2018,2018_0211_2018.jpg,/Users/captmj/Downloads/New_Dataset/2018/0211_2018.jpg,/Users/captmj/Downloads/New_Dataset/milco_dataset/images/2018/2018_0211_2018.jpg,/Users/captmj/Downloads/New_Dataset/milco_dataset/labels/2018/2018_0211_2018.txt,1,0,0,0
2018,2018_0212_2018.jpg,/Users/captmj/Downloads/New_Dataset/2018/0212_2018.jpg,/Users/captmj/Downloads/New_Dataset/milco_dataset/images/2018/2018_0212_2018.jpg,/Users/captmj/Downloads/New_Dataset/milco_dataset/labels/2018/2018_0212_2018.txt,0,1,0,1
2018,2018_0213_2018.jpg,/Users/captmj/Downloads/New_Dataset/2018/0213_2018.jpg,/Users/captmj/Downloads/New_Dataset/milco_dataset/images/2018/2018_0213_2018.jpg,/Users/captmj/Downloads/New_Dataset/milco_dataset/labels/2018/2018_0213_2018.txt,0,1,0,1
2018,2018_0214_2018.jpg,/Users/captmj/Downloads/New_Dataset/2018/0214_2018.jpg,/Users/captmj/Downloads/New_Dataset/milco_dataset/images/2018/2018_0214_2018.jpg,/Users/captmj/Downloads/New_Dataset/milco_dataset/labels/2018/2018_0214_2018.txt,1,0,0,0
2018,2018_0215_2018.jpg,/Users/captmj/Downloads/New_Dataset/2018/0215_2018.jpg,/Users/captmj/Downloads/New_Dataset/milco_dataset/images/2018/2018_0215_2018.jpg,/Users/captmj/Downloads/New_Dataset/milco_dataset/labels/2018/2018_0215_2018.txt,1,0,0,0
2018,2018_0216_2018.jpg,/Users/captmj/Downloads/New_Dataset/2018/0216_2018.jpg,/Users/captmj/Downloads/New_Dataset/milco_dataset/images/2018/2018_0216_2018.jpg,/Users/captmj/Downloads/New_Dataset/milco_dataset/labels/2018/2018_0216_2018.txt,1,0,0,0
2018,2018_0217_2018.jpg,/Users/captmj/Downloads/New_Dataset/2018/0217_2018.jpg,/Users/captmj/Downloads/New_Dataset/milco_dataset/images/2018/2018_0217_2018.jpg,/Users/captmj/Downloads/New_Dataset/milco_dataset/labels/2018/2018_0217_2018.txt,1,0,0,0
2018,2018_0218_2018.jpg,/Users/captmj/Downloads/New_Dataset/2018/0218_2018.jpg,/Users/captmj/Downloads/New_Dataset/milco_dataset/images/2018/2018_0218_2018.jpg,/Users/captmj/Downloads/New_Dataset/milco_dataset/labels/2018/2018_0218_2018.txt,1,0,0,0
2018,2018_0219_2018.jpg,/Users/captmj/Downloads/New_Dataset/2018/0219_2018.jpg,/Users/captmj/Downloads/New_Dataset/milco_dataset/images/2018/2018_0219_2018.jpg,/Users/captmj/Downloads/New_Dataset/milco_dataset/labels/2018/2018_0219_2018.txt,1,0,0,0
2018,2018_0220_2018.jpg,/Users/captmj/Downloads/New_Dataset/2018/0220_2018.jpg,/Users/captmj/Downloads/New_Dataset/milco_dataset/images/2018/2018_0220_2018.jpg,/Users/captmj/Downloads/New_Dataset/milco_dataset/labels/2018/2018_0220_2018.txt,1,0,0,0
2018,2018_0221_2018.jpg,/Users/captmj/Downloads/New_Dataset/2018/0221_2018.jpg,/Users/captmj/Downloads/New_Dataset/milco_dataset/images/2018/2018_0221_2018.jpg,/Users/captmj/Downloads/New_Dataset/milco_dataset/labels/2018/2018_0221_2018.txt,1,0,0,0
2018,2018_0222_2018.jpg,/Users/captmj/Downloads/New_Dataset/2018/0222_2018.jpg,/Users/captmj/Downloads/New_Dataset/milco_dataset/images/2018/2018_0222_2018.jpg,/Users/captmj/Downloads/New_Dataset/milco_dataset/labels/2018/2018_0222_2018.txt,1,0,0,0
2018,2018_0223_2018.jpg,/Users/captmj/Downloads/New_Dataset/2018/0223_2018.jpg,/Users/captmj/Downloads/New_Dataset/milco_dataset/images/2018/2018_0223_2018.jpg,/Users/captmj/Downloads/New_Dataset/milco_dataset/labels/2018/2018_0223_2018.txt,1,0,0,0
2018,2018_0224_2018.jpg,/Users/captmj/Downloads/New_Dataset/2018/0224_2018.jpg,/Users/captmj/Downloads/New_Dataset/milco_dataset/images/2018/2018_0224_2018.jpg,/Users/captmj/Downloads/New_Dataset/milco_dataset/labels/2018/2018_0224_2018.txt,1,0,0,0
2018,2018_0225_2018.jpg,/Users/captmj/Downloads/New_Dataset/2018/0225_2018.jpg,/Users/captmj/Downloads/New_Dataset/milco_dataset/images/2018/2018_0225_2018.jpg,/Users/captmj/Downloads/New_Dataset/milco_dataset/labels/2018/2018_0225_2018.txt,1,0,0,0
2018,2018_0226_2018.jpg,/Users/captmj/Downloads/New_Dataset/2018/0226_2018.jpg,/Users/captmj/Downloads/New_Dataset/milco_dataset/images/2018/2018_0226_2018.jpg,/Users/captmj/Downloads/New_Dataset/milco_dataset/labels/2018/2018_0226_2018.txt,1,0,0,0
2018,2018_0227_2018.jpg,/Users/captmj/Downloads/New_Dataset/2018/0227_2018.jpg,/Users/captmj/Downloads/New_Dataset/milco_dataset/images/2018/2018_0227_2018.jpg,/Users/captmj/Downloads/New_Dataset/milco_dataset/labels/2018/2018_0227_2018.txt,1,0,0,0
2018,2018_0228_2018.jpg,/Users/captmj/Downloads/New_Dataset/2018/0228_2018.jpg,/Users/captmj/Downloads/New_Dataset/milco_dataset/images/2018/2018_0228_2018.jpg,/Users/captmj/Downloads/New_Dataset/milco_dataset/labels/2018/2018_0228_2018.txt,1,0,0,0
2018,2018_0229_2018.jpg,/Users/captmj/Downloads/New_Dataset/2018/0229_2018.jpg,/Users/captmj/Downloads/New_Dataset/milco_dataset/images/2018/2018_0229_2018.jpg,/Users/captmj/Downloads/New_Dataset/milco_dataset/labels/2018/2018_0229_2018.txt,1,0,0,0
2018,2018_0230_2018.jpg,/Users/captmj/Downloads/New_Dataset/2018/0230_2018.jpg,/Users/captmj/Downloads/New_Dataset/milco_dataset/images/2018/2018_0230_2018.jpg,/Users/captmj/Downloads/New_Dataset/milco_dataset/labels/2018/2018_0230_2018.txt,1,0,0,0
2018,2018_0231_2018.jpg,/Users/captmj/Downloads/New_Dataset/2018/0231_2018.jpg,/Users/captmj/Downloads/New_Dataset/milco_dataset/images/2018/2018_0231_2018.jpg,/Users/captmj/Downloads/New_Dataset/milco_dataset/labels/2018/2018_0231_2018.txt,1,0,0,0
2018,2018_0232_2018.jpg,/Users/captmj/Downloads/New_Dataset/2018/0232_2018.jpg,/Users/captmj/Downloads/New_Dataset/milco_dataset/images/2018/2018_0232_2018.jpg,/Users/captmj/Downloads/New_Dataset/milco_dataset/labels/2018/2018_0232_2018.txt,1,0,0,0
2018,2018_0233_2018.jpg,/Users/captmj/Downloads/New_Dataset/2018/0233_2018.jpg,/Users/captmj/Downloads/New_Dataset/milco_dataset/images/2018/2018_0233_2018.jpg,/Users/captmj/Downloads/New_Dataset/milco_dataset/labels/2018/2018_0233_2018.txt,1,0,0,0
2018,2018_0234_2018.jpg,/Users/captmj/Downloads/New_Dataset/2018/0234_2018.jpg,/Users/captmj/Downloads/New_Dataset/milco_dataset/images/2018/2018_0234_2018.jpg,/Users/captmj/Downloads/New_Dataset/milco_dataset/labels/2018/2018_0234_2018.txt,1,0,0,0
2018,2018_0235_2018.jpg,/Users/captmj/Downloads/New_Dataset/2018/0235_2018.jpg,/Users/captmj/Downloads/New_Dataset/milco_dataset/images/2018/2018_0235_2018.jpg,/Users/captmj/Downloads/New_Dataset/milco_dataset/labels/2018/2018_0235_2018.txt,1,0,0,0
2018,2018_0236_2018.jpg,/Users/captmj/Downloads/New_Dataset/2018/0236_2018.jpg,/Users/captmj/Downloads/New_Dataset/milco_dataset/images/2018/2018_0236_2018.jpg,/Users/captmj/Downloads/New_Dataset/milco_dataset/labels/2018/2018_0236_2018.txt,1,0,0,0
2018,2018_0237_2018.jpg,/Users/captmj/Downloads/New_Dataset/2018/0237_2018.jpg,/Users/captmj/Downloads/New_Dataset/milco_dataset/images/2018/2018_0237_2018.jpg,/Users/captmj/Downloads/New_Dataset/milco_dataset/labels/2018/2018_0237_2018.txt,1,0,0,0
2018,2018_0238_2018.jpg,/Users/captmj/Downloads/New_Dataset/2018/0238_2018.jpg,/Users/captmj/Downloads/New_Dataset/milco_dataset/images/2018/2018_0238_2018.jpg,/Users/captmj/Downloads/New_Dataset/milco_dataset/labels/2018/2018_0238_2018.txt,1,0,0,0
2018,2018_0239_2018.jpg,/Users/captmj/Downloads/New_Dataset/2018/0239_2018.jpg,/Users/captmj/Downloads/New_Dataset/milco_dataset/images/2018/2018_0239_2018.jpg,/Users/captmj/Downloads/New_Dataset/milco_dataset/labels/2018/2018_0239_2018.txt,1,0,0,0
2018,2018_0240_2018.jpg,/Users/captmj/Downloads/New_Dataset/2018/0240_2018.jpg,/Users/captmj/Downloads/New_Dataset/milco_dataset/images/2018/2018_0240_2018.jpg,/Users/captmj/Downloads/New_Dataset/milco_dataset/labels/2018/2018_0240_2018.txt,1,0,0,0
2018,2018_0241_2018.jpg,/Users/captmj/Downloads/New_Dataset/2018/0241_2018.jpg,/Users/captmj/Downloads/New_Dataset/milco_dataset/images/2018/2018_0241_2018.jpg,/Users/captmj/Downloads/New_Dataset/milco_dataset/labels/2018/2018_0241_2018.txt,1,0,0,0
2018,2018_0242_2018.jpg,/Users/captmj/Downloads/New_Dataset/2018/0242_2018.jpg,/Users/captmj/Downloads/New_Dataset/milco_dataset/images/2018/2018_0242_2018.jpg,/Users/captmj/Downloads/New_Dataset/milco_dataset/labels/2018/2018_0242_2018.txt,1,0,0,0
2018,2018_0243_2018.jpg,/Users/captmj/Downloads/New_Dataset/2018/0243_2018.jpg,/Users/captmj/Downloads/New_Dataset/milco_dataset/images/2018/2018_0243_2018.jpg,/Users/captmj/Downloads/New_Dataset/milco_dataset/labels/2018/2018_0243_2018.txt,1,0,0,0
2018,2018_0244_2018.jpg,/Users/captmj/Downloads/New_Dataset/2018/0244_2018.jpg,/Users/captmj/Downloads/New_Dataset/milco_dataset/images/2018/2018_0244_2018.jpg,/Users/captmj/Downloads/New_Dataset/milco_dataset/labels/2018/2018_0244_2018.txt,1,0,0,0
2018,2018_0245_2018.jpg,/Users/captmj/Downloads/New_Dataset/2018/0245_2018.jpg,/Users/captmj/Downloads/New_Dataset/milco_dataset/images/2018/2018_0245_2018.jpg,/Users/captmj/Downloads/New_Dataset/milco_dataset/labels/2018/2018_0245_2018.txt,1,0,0,0
2018,2018_0246_2018.jpg,/Users/captmj/Downloads/New_Dataset/2018/0246_2018.jpg,/Users/captmj/Downloads/New_Dataset/milco_dataset/images/2018/2018_0246_2018.jpg,/Users/captmj/Downloads/New_Dataset/milco_dataset/labels/2018/2018_0246_2018.txt,1,0,0,0
2018,2018_0247_2018.jpg,/Users/captmj/Downloads/New_Dataset/2018/0247_2018.jpg,/Users/captmj/Downloads/New_Dataset/milco_dataset/images/2018/2018_0247_2018.jpg,/Users/captmj/Downloads/New_Dataset/milco_dataset/labels/2018/2018_0247_2018.txt,1,0,0,0
2018,2018_0248_2018.jpg,/Users/captmj/Downloads/New_Dataset/2018/0248_2018.jpg,/Users/captmj/Downloads/New_Dataset/milco_dataset/images/2018/2018_0248_2018.jpg,/Users/captmj/Downloads/New_Dataset/milco_dataset/labels/2018/2018_0248_2018.txt,1,0,0,0
2018,2018_0249_2018.jpg,/Users/captmj/Downloads/New_Dataset/2018/0249_2018.jpg,/Users/captmj/Downloads/New_Dataset/milco_dataset/images/2018/2018_0249_2018.jpg,/Users/captmj/Downloads/New_Dataset/milco_dataset/labels/2018/2018_0249_2018.txt,1,0,0,0
2018,2018_0250_2018.jpg,/Users/captmj/Downloads/New_Dataset/2018/0250_2018.jpg,/Users/captmj/Downloads/New_Dataset/milco_dataset/images/2018/2018_0250_2018.jpg,/Users/captmj/Downloads/New_Dataset/milco_dataset/labels/2018/2018_0250_2018.txt,1,0,0,0
2018,2018_0251_2018.jpg,/Users/captmj/Downloads/New_Dataset/2018/0251_2018.jpg,/Users/captmj/Downloads/New_Dataset/milco_dataset/images/2018/2018_0251_2018.jpg,/Users/captmj/Downloads/New_Dataset/milco_dataset/labels/2018/2018_0251_2018.txt,1,0,0,0
2018,2018_0252_2018.jpg,/Users/captmj/Downloads/New_Dataset/2018/0252_2018.jpg,/Users/captmj/Downloads/New_Dataset/milco_dataset/images/2018/2018_0252_2018.jpg,/Users/captmj/Downloads/New_Dataset/milco_dataset/labels/2018/2018_0252_2018.txt,1,0,0,0
2018,2018_0253_2018.jpg,/Users/captmj/Downloads/New_Dataset/2018/0253_2018.jpg,/Users/captmj/Downloads/New_Dataset/milco_dataset/images/2018/2018_0253_2018.jpg,/Users/captmj/Downloads/New_Dataset/milco_dataset/labels/2018/2018_0253_2018.txt,1,0,0,0
2018,2018_0254_2018.jpg,/Users/captmj/Downloads/New_Dataset/2018/0254_2018.jpg,/Users/captmj/Downloads/New_Dataset/milco_dataset/images/2018/2018_0254_2018.jpg,/Users/captmj/Downloads/New_Dataset/milco_dataset/labels/2018/2018_0254_2018.txt,1,0,0,0
2018,2018_0255_2018.jpg,/Users/captmj/Downloads/New_Dataset/2018/0255_2018.jpg,/Users/captmj/Downloads/New_Dataset/milco_dataset/images/2018/2018_0255_2018.jpg,/Users/captmj/Downloads/New_Dataset/milco_dataset/labels/2018/2018_0255_2018.txt,1,0,0,0
2018,2018_0256_2018.jpg,/Users/captmj/Downloads/New_Dataset/2018/0256_2018.jpg,/Users/captmj/Downloads/New_Dataset/milco_dataset/images/2018/2018_0256_2018.jpg,/Users/captmj/Downloads/New_Dataset/milco_dataset/labels/2018/2018_0256_2018.txt,1,0,0,0
2018,2018_0257_2018.jpg,/Users/captmj/Downloads/New_Dataset/2018/0257_2018.jpg,/Users/captmj/Downloads/New_Dataset/milco_dataset/images/2018/2018_0257_2018.jpg,/Users/captmj/Downloads/New_Dataset/milco_dataset/labels/2018/2018_0257_2018.txt,1,0,0,0
2018,2018_0258_2018.jpg,/Users/captmj/Downloads/New_Dataset/2018/0258_2018.jpg,/Users/captmj/Downloads/New_Dataset/milco_dataset/images/2018/2018_0258_2018.jpg,/Users/captmj/Downloads/New_Dataset/milco_dataset/labels/2018/2018_0258_2018.txt,1,0,0,0
2018,2018_0259_2018.jpg,/Users/captmj/Downloads/New_Dataset/2018/0259_2018.jpg,/Users/captmj/Downloads/New_Dataset/milco_dataset/images/2018/2018_0259_2018.jpg,/Users/captmj/Downloads/New_Dataset/milco_dataset/labels/2018/2018_0259_2018.txt,1,0,0,0
2018,2018_0260_2018.jpg,/Users/captmj/Downloads/New_Dataset/2018/0260_2018.jpg,/Users/captmj/Downloads/New_Dataset/milco_dataset/images/2018/2018_0260_2018.jpg,/Users/captmj/Downloads/New_Dataset/milco_dataset/labels/2018/2018_0260_2018.txt,1,0,0,0
2018,2018_0261_2018.jpg,/Users/captmj/Downloads/New_Dataset/2018/0261_2018.jpg,/Users/captmj/Downloads/New_Dataset/milco_dataset/images/2018/2018_0261_2018.jpg,/Users/captmj/Downloads/New_Dataset/milco_dataset/labels/2018/2018_0261_2018.txt,1,0,0,0
2018,2018_0262_2018.jpg,/Users/captmj/Downloads/New_Dataset/2018/0262_2018.jpg,/Users/captmj/Downloads/New_Dataset/milco_dataset/images/2018/2018_0262_2018.jpg,/Users/captmj/Downloads/New_Dataset/milco_dataset/labels/2018/2018_0262_2018.txt,1,0,0,0
2018,2018_0263_2018.jpg,/Users/captmj/Downloads/New_Dataset/2018/0263_2018.jpg,/Users/captmj/Downloads/New_Dataset/milco_dataset/images/2018/2018_0263_2018.jpg,/Users/captmj/Downloads/New_Dataset/milco_dataset/labels/2018/2018_0263_2018.txt,1,0,0,0
2018,2018_0264_2018.jpg,/Users/captmj/Downloads/New_Dataset/2018/0264_2018.jpg,/Users/captmj/Downloads/New_Dataset/milco_dataset/images/2018/2018_0264_2018.jpg,/Users/captmj/Downloads/New_Dataset/milco_dataset/labels/2018/2018_0264_2018.txt,1,0,0,0
2018,2018_0265_2018.jpg,/Users/captmj/Downloads/New_Dataset/2018/0265_2018.jpg,/Users/captmj/Downloads/New_Dataset/milco_dataset/images/2018/2018_0265_2018.jpg,/Users/captmj/Downloads/New_Dataset/milco_dataset/labels/2018/2018_0265_2018.txt,1,0,0,0
2018,2018_0266_2018.jpg,/Users/captmj/Downloads/New_Dataset/2018/0266_2018.jpg,/Users/captmj/Downloads/New_Dataset/milco_dataset/images/2018/2018_0266_2018.jpg,/Users/captmj/Downloads/New_Dataset/milco_dataset/labels/2018/2018_0266_2018.txt,1,0,0,0
2018,2018_0267_2018.jpg,/Users/captmj/Downloads/New_Dataset/2018/0267_2018.jpg,/Users/captmj/Downloads/New_Dataset/milco_dataset/images/2018/2018_0267_2018.jpg,/Users/captmj/Downloads/New_Dataset/milco_dataset/labels/2018/2018_0267_2018.txt,1,0,0,0
2018,2018_0268_2018.jpg,/Users/captmj/Downloads/New_Dataset/2018/0268_2018.jpg,/Users/captmj/Downloads/New_Dataset/milco_dataset/images/2018/2018_0268_2018.jpg,/Users/captmj/Downloads/New_Dataset/milco_dataset/labels/2018/2018_0268_2018.txt,0,0,1,1
2018,2018_0269_2018.jpg,/Users/captmj/Downloads/New_Dataset/2018/0269_2018.jpg,/Users/captmj/Downloads/New_Dataset/milco_dataset/images/2018/2018_0269_2018.jpg,/Users/captmj/Downloads/New_Dataset/milco_dataset/labels/2018/2018_0269_2018.txt,0,0,1,1
2018,2018_0270_2018.jpg,/Users/captmj/Downloads/New_Dataset/2018/0270_2018.jpg,/Users/captmj/Downloads/New_Dataset/milco_dataset/images/2018/2018_0270_2018.jpg,/Users/captmj/Downloads/New_Dataset/milco_dataset/labels/2018/2018_0270_2018.txt,0,1,0,1
2018,2018_0271_2018.jpg,/Users/captmj/Downloads/New_Dataset/2018/0271_2018.jpg,/Users/captmj/Downloads/New_Dataset/milco_dataset/images/2018/2018_0271_2018.jpg,/Users/captmj/Downloads/New_Dataset/milco_dataset/labels/2018/2018_0271_2018.txt,1,0,0,0
2018,2018_0272_2018.jpg,/Users/captmj/Downloads/New_Dataset/2018/0272_2018.jpg,/Users/captmj/Downloads/New_Dataset/milco_dataset/images/2018/2018_0272_2018.jpg,/Users/captmj/Downloads/New_Dataset/milco_dataset/labels/2018/2018_0272_2018.txt,1,0,0,0
2018,2018_0273_2018.jpg,/Users/captmj/Downloads/New_Dataset/2018/0273_2018.jpg,/Users/captmj/Downloads/New_Dataset/milco_dataset/images/2018/2018_0273_2018.jpg,/Users/captmj/Downloads/New_Dataset/milco_dataset/labels/2018/2018_0273_2018.txt,1,0,0,0
2018,2018_0274_2018.jpg,/Users/captmj/Downloads/New_Dataset/2018/0274_2018.jpg,/Users/captmj/Downloads/New_Dataset/milco_dataset/images/2018/2018_0274_2018.jpg,/Users/captmj/Downloads/New_Dataset/milco_dataset/labels/2018/2018_0274_2018.txt,1,0,0,0
2018,2018_0275_2018.jpg,/Users/captmj/Downloads/New_Dataset/2018/0275_2018.jpg,/Users/captmj/Downloads/New_Dataset/milco_dataset/images/2018/2018_0275_2018.jpg,/Users/captmj/Downloads/New_Dataset/milco_dataset/labels/2018/2018_0275_2018.txt,0,1,0,1
2018,2018_0276_2018.jpg,/Users/captmj/Downloads/New_Dataset/2018/0276_2018.jpg,/Users/captmj/Downloads/New_Dataset/milco_dataset/images/2018/2018_0276_2018.jpg,/Users/captmj/Downloads/New_Dataset/milco_dataset/labels/2018/2018_0276_2018.txt,0,1,0,1
2018,2018_0277_2018.jpg,/Users/captmj/Downloads/New_Dataset/2018/0277_2018.jpg,/Users/captmj/Downloads/New_Dataset/milco_dataset/images/2018/2018_0277_2018.jpg,/Users/captmj/Downloads/New_Dataset/milco_dataset/labels/2018/2018_0277_2018.txt,1,0,0,0
2018,2018_0278_2018.jpg,/Users/captmj/Downloads/New_Dataset/2018/0278_2018.jpg,/Users/captmj/Downloads/New_Dataset/milco_dataset/images/2018/2018_0278_2018.jpg,/Users/captmj/Downloads/New_Dataset/milco_dataset/labels/2018/2018_0278_2018.txt,1,0,0,0
2018,2018_0279_2018.jpg,/Users/captmj/Downloads/New_Dataset/2018/0279_2018.jpg,/Users/captmj/Downloads/New_Dataset/milco_dataset/images/2018/2018_0279_2018.jpg,/Users/captmj/Downloads/New_Dataset/milco_dataset/labels/2018/2018_0279_2018.txt,1,0,0,0
2018,2018_0280_2018.jpg,/Users/captmj/Downloads/New_Dataset/2018/0280_2018.jpg,/Users/captmj/Downloads/New_Dataset/milco_dataset/images/2018/2018_0280_2018.jpg,/Users/captmj/Downloads/New_Dataset/milco_dataset/labels/2018/2018_0280_2018.txt,1,0,0,0
2018,2018_0281_2018.jpg,/Users/captmj/Downloads/New_Dataset/2018/0281_2018.jpg,/Users/captmj/Downloads/New_Dataset/milco_dataset/images/2018/2018_0281_2018.jpg,/Users/captmj/Downloads/New_Dataset/milco_dataset/labels/2018/2018_0281_2018.txt,1,0,0,0
2018,2018_0282_2018.jpg,/Users/captmj/Downloads/New_Dataset/2018/0282_2018.jpg,/Users/captmj/Downloads/New_Dataset/milco_dataset/images/2018/2018_0282_2018.jpg,/Users/captmj/Downloads/New_Dataset/milco_dataset/labels/2018/2018_0282_2018.txt,0,1,0,1
2018,2018_0283_2018.jpg,/Users/captmj/Downloads/New_Dataset/2018/0283_2018.jpg,/Users/captmj/Downloads/New_Dataset/milco_dataset/images/2018/2018_0283_2018.jpg,/Users/captmj/Downloads/New_Dataset/milco_dataset/labels/2018/2018_0283_2018.txt,1,0,0,0
2018,2018_0284_2018.jpg,/Users/captmj/Downloads/New_Dataset/2018/0284_2018.jpg,/Users/captmj/Downloads/New_Dataset/milco_dataset/images/2018/2018_0284_2018.jpg,/Users/captmj/Downloads/New_Dataset/milco_dataset/labels/2018/2018_0284_2018.txt,1,0,0,0
2018,2018_0285_2018.jpg,/Users/captmj/Downloads/New_Dataset/2018/0285_2018.jpg,/Users/captmj/Downloads/New_Dataset/milco_dataset/images/2018/2018_0285_2018.jpg,/Users/captmj/Downloads/New_Dataset/milco_dataset/labels/2018/2018_0285_2018.txt,0,0,1,1
2018,2018_0286_2018.jpg,/Users/captmj/Downloads/New_Dataset/2018/0286_2018.jpg,/Users/captmj/Downloads/New_Dataset/milco_dataset/images/2018/2018_0286_2018.jpg,/Users/captmj/Downloads/New_Dataset/milco_dataset/labels/2018/2018_0286_2018.txt,0,0,1,1
2018,2018_0287_2018.jpg,/Users/captmj/Downloads/New_Dataset/2018/0287_2018.jpg,/Users/captmj/Downloads/New_Dataset/milco_dataset/images/2018/2018_0287_2018.jpg,/Users/captmj/Downloads/New_Dataset/milco_dataset/labels/2018/2018_0287_2018.txt,1,0,0,0
2018,2018_0288_2018.jpg,/Users/captmj/Downloads/New_Dataset/2018/0288_2018.jpg,/Users/captmj/Downloads/New_Dataset/milco_dataset/images/2018/2018_0288_2018.jpg,/Users/captmj/Downloads/New_Dataset/milco_dataset/labels/2018/2018_0288_2018.txt,1,0,0,0
2018,2018_0289_2018.jpg,/Users/captmj/Downloads/New_Dataset/2018/0289_2018.jpg,/Users/captmj/Downloads/New_Dataset/milco_dataset/images/2018/2018_0289_2018.jpg,/Users/captmj/Downloads/New_Dataset/milco_dataset/labels/2018/2018_0289_2018.txt,1,0,0,0
2018,2018_0290_2018.jpg,/Users/captmj/Downloads/New_Dataset/2018/0290_2018.jpg,/Users/captmj/Downloads/New_Dataset/milco_dataset/images/2018/2018_0290_2018.jpg,/Users/captmj/Downloads/New_Dataset/milco_dataset/labels/2018/2018_0290_2018.txt,1,0,0,0
2018,2018_0291_2018.jpg,/Users/captmj/Downloads/New_Dataset/2018/0291_2018.jpg,/Users/captmj/Downloads/New_Dataset/milco_dataset/images/2018/2018_0291_2018.jpg,/Users/captmj/Downloads/New_Dataset/milco_dataset/labels/2018/2018_0291_2018.txt,1,0,0,0
2018,2018_0292_2018.jpg,/Users/captmj/Downloads/New_Dataset/2018/0292_2018.jpg,/Users/captmj/Downloads/New_Dataset/milco_dataset/images/2018/2018_0292_2018.jpg,/Users/captmj/Downloads/New_Dataset/milco_dataset/labels/2018/2018_0292_2018.txt,1,0,0,0
2018,2018_0293_2018.jpg,/Users/captmj/Downloads/New_Dataset/2018/0293_2018.jpg,/Users/captmj/Downloads/New_Dataset/milco_dataset/images/2018/2018_0293_2018.jpg,/Users/captmj/Downloads/New_Dataset/milco_dataset/labels/2018/2018_0293_2018.txt,1,0,0,0
2018,2018_0294_2018.jpg,/Users/captmj/Downloads/New_Dataset/2018/0294_2018.jpg,/Users/captmj/Downloads/New_Dataset/milco_dataset/images/2018/2018_0294_2018.jpg,/Users/captmj/Downloads/New_Dataset/milco_dataset/labels/2018/2018_0294_2018.txt,1,0,0,0
2018,2018_0295_2018.jpg,/Users/captmj/Downloads/New_Dataset/2018/0295_2018.jpg,/Users/captmj/Downloads/New_Dataset/milco_dataset/images/2018/2018_0295_2018.jpg,/Users/captmj/Downloads/New_Dataset/milco_dataset/labels/2018/2018_0295_2018.txt,1,0,0,0
2018,2018_0296_2018.jpg,/Users/captmj/Downloads/New_Dataset/2018/0296_2018.jpg,/Users/captmj/Downloads/New_Dataset/milco_dataset/images/2018/2018_0296_2018.jpg,/Users/captmj/Downloads/New_Dataset/milco_dataset/labels/2018/2018_0296_2018.txt,1,0,0,0
2018,2018_0297_2018.jpg,/Users/captmj/Downloads/New_Dataset/2018/0297_2018.jpg,/Users/captmj/Downloads/New_Dataset/milco_dataset/images/2018/2018_0297_2018.jpg,/Users/captmj/Downloads/New_Dataset/milco_dataset/labels/2018/2018_0297_2018.txt,1,0,0,0
2018,2018_0298_2018.jpg,/Users/captmj/Downloads/New_Dataset/2018/0298_2018.jpg,/Users/captmj/Downloads/New_Dataset/milco_dataset/images/2018/2018_0298_2018.jpg,/Users/captmj/Downloads/New_Dataset/milco_dataset/labels/2018/2018_0298_2018.txt,1,0,0,0
2018,2018_0299_2018.jpg,/Users/captmj/Downloads/New_Dataset/2018/0299_2018.jpg,/Users/captmj/Downloads/New_Dataset/milco_dataset/images/2018/2018_0299_2018.jpg,/Users/captmj/Downloads/New_Dataset/milco_dataset/labels/2018/2018_0299_2018.txt,1,0,0,0
2018,2018_0300_2018.jpg,/Users/captmj/Downloads/New_Dataset/2018/0300_2018.jpg,/Users/captmj/Downloads/New_Dataset/milco_dataset/images/2018/2018_0300_2018.jpg,/Users/captmj/Downloads/New_Dataset/milco_dataset/labels/2018/2018_0300_2018.txt,1,0,0,0
2018,2018_0301_2018.jpg,/Users/captmj/Downloads/New_Dataset/2018/0301_2018.jpg,/Users/captmj/Downloads/New_Dataset/milco_dataset/images/2018/2018_0301_2018.jpg,/Users/captmj/Downloads/New_Dataset/milco_dataset/labels/2018/2018_0301_2018.txt,1,0,0,0
2018,2018_0302_2018.jpg,/Users/captmj/Downloads/New_Dataset/2018/0302_2018.jpg,/Users/captmj/Downloads/New_Dataset/milco_dataset/images/2018/2018_0302_2018.jpg,/Users/captmj/Downloads/New_Dataset/milco_dataset/labels/2018/2018_0302_2018.txt,1,0,0,0
2018,2018_0303_2018.jpg,/Users/captmj/Downloads/New_Dataset/2018/0303_2018.jpg,/Users/captmj/Downloads/New_Dataset/milco_dataset/images/2018/2018_0303_2018.jpg,/Users/captmj/Downloads/New_Dataset/milco_dataset/labels/2018/2018_0303_2018.txt,1,0,0,0
2018,2018_0304_2018.jpg,/Users/captmj/Downloads/New_Dataset/2018/0304_2018.jpg,/Users/captmj/Downloads/New_Dataset/milco_dataset/images/2018/2018_0304_2018.jpg,/Users/captmj/Downloads/New_Dataset/milco_dataset/labels/2018/2018_0304_2018.txt,1,0,0,0
2018,2018_0305_2018.jpg,/Users/captmj/Downloads/New_Dataset/2018/0305_2018.jpg,/Users/captmj/Downloads/New_Dataset/milco_dataset/images/2018/2018_0305_2018.jpg,/Users/captmj/Downloads/New_Dataset/milco_dataset/labels/2018/2018_0305_2018.txt,1,0,0,0
2018,2018_0306_2018.jpg,/Users/captmj/Downloads/New_Dataset/2018/0306_2018.jpg,/Users/captmj/Downloads/New_Dataset/milco_dataset/images/2018/2018_0306_2018.jpg,/Users/captmj/Downloads/New_Dataset/milco_dataset/labels/2018/2018_0306_2018.txt,1,0,0,0
2018,2018_0307_2018.jpg,/Users/captmj/Downloads/New_Dataset/2018/0307_2018.jpg,/Users/captmj/Downloads/New_Dataset/milco_dataset/images/2018/2018_0307_2018.jpg,/Users/captmj/Downloads/New_Dataset/milco_dataset/labels/2018/2018_0307_2018.txt,1,0,0,0
2018,2018_0308_2018.jpg,/Users/captmj/Downloads/New_Dataset/2018/0308_2018.jpg,/Users/captmj/Downloads/New_Dataset/milco_dataset/images/2018/2018_0308_2018.jpg,/Users/captmj/Downloads/New_Dataset/milco_dataset/labels/2018/2018_0308_2018.txt,1,0,0,0
2018,2018_0309_2018.jpg,/Users/captmj/Downloads/New_Dataset/2018/0309_2018.jpg,/Users/captmj/Downloads/New_Dataset/milco_dataset/images/2018/2018_0309_2018.jpg,/Users/captmj/Downloads/New_Dataset/milco_dataset/labels/2018/2018_0309_2018.txt,1,0,0,0
2018,2018_0310_2018.jpg,/Users/captmj/Downloads/New_Dataset/2018/0310_2018.jpg,/Users/captmj/Downloads/New_Dataset/milco_dataset/images/2018/2018_0310_2018.jpg,/Users/captmj/Downloads/New_Dataset/milco_dataset/labels/2018/2018_0310_2018.txt,1,0,0,0
2018,2018_0311_2018.jpg,/Users/captmj/Downloads/New_Dataset/2018/0311_2018.jpg,/Users/captmj/Downloads/New_Dataset/milco_dataset/images/2018/2018_0311_2018.jpg,/Users/captmj/Downloads/New_Dataset/milco_dataset/labels/2018/2018_0311_2018.txt,1,0,0,0
2018,2018_0312_2018.jpg,/Users/captmj/Downloads/New_Dataset/2018/0312_2018.jpg,/Users/captmj/Downloads/New_Dataset/milco_dataset/images/2018/2018_0312_2018.jpg,/Users/captmj/Downloads/New_Dataset/milco_dataset/labels/2018/2018_0312_2018.txt,1,0,0,0
2018,2018_0313_2018.jpg,/Users/captmj/Downloads/New_Dataset/2018/0313_2018.jpg,/Users/captmj/Downloads/New_Dataset/milco_dataset/images/2018/2018_0313_2018.jpg,/Users/captmj/Downloads/New_Dataset/milco_dataset/labels/2018/2018_0313_2018.txt,1,0,0,0
2018,2018_0314_2018.jpg,/Users/captmj/Downloads/New_Dataset/2018/0314_2018.jpg,/Users/captmj/Downloads/New_Dataset/milco_dataset/images/2018/2018_0314_2018.jpg,/Users/captmj/Downloads/New_Dataset/milco_dataset/labels/2018/2018_0314_2018.txt,1,0,0,0
2018,2018_0315_2018.jpg,/Users/captmj/Downloads/New_Dataset/2018/0315_2018.jpg,/Users/captmj/Downloads/New_Dataset/milco_dataset/images/2018/2018_0315_2018.jpg,/Users/captmj/Downloads/New_Dataset/milco_dataset/labels/2018/2018_0315_2018.txt,1,0,0,0
2018,2018_0316_2018.jpg,/Users/captmj/Downloads/New_Dataset/2018/0316_2018.jpg,/Users/captmj/Downloads/New_Dataset/milco_dataset/images/2018/2018_0316_2018.jpg,/Users/captmj/Downloads/New_Dataset/milco_dataset/labels/2018/2018_0316_2018.txt,1,0,0,0
2018,2018_0317_2018.jpg,/Users/captmj/Downloads/New_Dataset/2018/0317_2018.jpg,/Users/captmj/Downloads/New_Dataset/milco_dataset/images/2018/2018_0317_2018.jpg,/Users/captmj/Downloads/New_Dataset/milco_dataset/labels/2018/2018_0317_2018.txt,1,0,0,0
2018,2018_0318_2018.jpg,/Users/captmj/Downloads/New_Dataset/2018/0318_2018.jpg,/Users/captmj/Downloads/New_Dataset/milco_dataset/images/2018/2018_0318_2018.jpg,/Users/captmj/Downloads/New_Dataset/milco_dataset/labels/2018/2018_0318_2018.txt,1,0,0,0
2018,2018_0319_2018.jpg,/Users/captmj/Downloads/New_Dataset/2018/0319_2018.jpg,/Users/captmj/Downloads/New_Dataset/milco_dataset/images/2018/2018_0319_2018.jpg,/Users/captmj/Downloads/New_Dataset/milco_dataset/labels/2018/2018_0319_2018.txt,0,0,1,1
2018,2018_0320_2018.jpg,/Users/captmj/Downloads/New_Dataset/2018/0320_2018.jpg,/Users/captmj/Downloads/New_Dataset/milco_dataset/images/2018/2018_0320_2018.jpg,/Users/captmj/Downloads/New_Dataset/milco_dataset/labels/2018/2018_0320_2018.txt,0,0,1,1
2018,2018_0321_2018.jpg,/Users/captmj/Downloads/New_Dataset/2018/0321_2018.jpg,/Users/captmj/Downloads/New_Dataset/milco_dataset/images/2018/2018_0321_2018.jpg,/Users/captmj/Downloads/New_Dataset/milco_dataset/labels/2018/2018_0321_2018.txt,1,0,0,0
2018,2018_0322_2018.jpg,/Users/captmj/Downloads/New_Dataset/2018/0322_2018.jpg,/Users/captmj/Downloads/New_Dataset/milco_dataset/images/2018/2018_0322_2018.jpg,/Users/captmj/Downloads/New_Dataset/milco_dataset/labels/2018/2018_0322_2018.txt,1,0,0,0
2018,2018_0323_2018.jpg,/Users/captmj/Downloads/New_Dataset/2018/0323_2018.jpg,/Users/captmj/Downloads/New_Dataset/milco_dataset/images/2018/2018_0323_2018.jpg,/Users/captmj/Downloads/New_Dataset/milco_dataset/labels/2018/2018_0323_2018.txt,1,0,0,0
2018,2018_0324_2018.jpg,/Users/captmj/Downloads/New_Dataset/2018/0324_2018.jpg,/Users/captmj/Downloads/New_Dataset/milco_dataset/images/2018/2018_0324_2018.jpg,/Users/captmj/Downloads/New_Dataset/milco_dataset/labels/2018/2018_0324_2018.txt,0,0,1,1
2018,2018_0325_2018.jpg,/Users/captmj/Downloads/New_Dataset/2018/0325_2018.jpg,/Users/captmj/Downloads/New_Dataset/milco_dataset/images/2018/2018_0325_2018.jpg,/Users/captmj/Downloads/New_Dataset/milco_dataset/labels/2018/2018_0325_2018.txt,0,0,1,1
2018,2018_0326_2018.jpg,/Users/captmj/Downloads/New_Dataset/2018/0326_2018.jpg,/Users/captmj/Downloads/New_Dataset/milco_dataset/images/2018/2018_0326_2018.jpg,/Users/captmj/Downloads/New_Dataset/milco_dataset/labels/2018/2018_0326_2018.txt,1,0,0,0
2018,2018_0327_2018.jpg,/Users/captmj/Downloads/New_Dataset/2018/0327_2018.jpg,/Users/captmj/Downloads/New_Dataset/milco_dataset/images/2018/2018_0327_2018.jpg,/Users/captmj/Downloads/New_Dataset/milco_dataset/labels/2018/2018_0327_2018.txt,1,0,0,0
2018,2018_0328_2018.jpg,/Users/captmj/Downloads/New_Dataset/2018/0328_2018.jpg,/Users/captmj/Downloads/New_Dataset/milco_dataset/images/2018/2018_0328_2018.jpg,/Users/captmj/Downloads/New_Dataset/milco_dataset/labels/2018/2018_0328_2018.txt,0,1,0,1
2018,2018_0329_2018.jpg,/Users/captmj/Downloads/New_Dataset/2018/0329_2018.jpg,/Users/captmj/Downloads/New_Dataset/milco_dataset/images/2018/2018_0329_2018.jpg,/Users/captmj/Downloads/New_Dataset/milco_dataset/labels/2018/2018_0329_2018.txt,0,1,0,1
2018,2018_0330_2018.jpg,/Users/captmj/Downloads/New_Dataset/2018/0330_2018.jpg,/Users/captmj/Downloads/New_Dataset/milco_dataset/images/2018/2018_0330_2018.jpg,/Users/captmj/Downloads/New_Dataset/milco_dataset/labels/2018/2018_0330_2018.txt,0,1,0,1
2018,2018_0331_2018.jpg,/Users/captmj/Downloads/New_Dataset/2018/0331_2018.jpg,/Users/captmj/Downloads/New_Dataset/milco_dataset/images/2018/2018_0331_2018.jpg,/Users/captmj/Downloads/New_Dataset/milco_dataset/labels/2018/2018_0331_2018.txt,0,2,0,2
2018,2018_0332_2018.jpg,/Users/captmj/Downloads/New_Dataset/2018/0332_2018.jpg,/Users/captmj/Downloads/New_Dataset/milco_dataset/images/2018/2018_0332_2018.jpg,/Users/captmj/Downloads/New_Dataset/milco_dataset/labels/2018/2018_0332_2018.txt,0,2,0,2
2018,2018_0333_2018.jpg,/Users/captmj/Downloads/New_Dataset/2018/0333_2018.jpg,/Users/captmj/Downloads/New_Dataset/milco_dataset/images/2018/2018_0333_2018.jpg,/Users/captmj/Downloads/New_Dataset/milco_dataset/labels/2018/2018_0333_2018.txt,0,2,0,2
2018,2018_0334_2018.jpg,/Users/captmj/Downloads/New_Dataset/2018/0334_2018.jpg,/Users/captmj/Downloads/New_Dataset/milco_dataset/images/2018/2018_0334_2018.jpg,/Users/captmj/Downloads/New_Dataset/milco_dataset/labels/2018/2018_0334_2018.txt,0,1,0,1
2018,2018_0335_2018.jpg,/Users/captmj/Downloads/New_Dataset/2018/0335_2018.jpg,/Users/captmj/Downloads/New_Dataset/milco_dataset/images/2018/2018_0335_2018.jpg,/Users/captmj/Downloads/New_Dataset/milco_dataset/labels/2018/2018_0335_2018.txt,0,1,0,1
2018,2018_0336_2018.jpg,/Users/captmj/Downloads/New_Dataset/2018/0336_2018.jpg,/Users/captmj/Downloads/New_Dataset/milco_dataset/images/2018/2018_0336_2018.jpg,/Users/captmj/Downloads/New_Dataset/milco_dataset/labels/2018/2018_0336_2018.txt,0,2,0,2
2018,2018_0337_2018.jpg,/Users/captmj/Downloads/New_Dataset/2018/0337_2018.jpg,/Users/captmj/Downloads/New_Dataset/milco_dataset/images/2018/2018_0337_2018.jpg,/Users/captmj/Downloads/New_Dataset/milco_dataset/labels/2018/2018_0337_2018.txt,0,1,0,1
2018,2018_0338_2018.jpg,/Users/captmj/Downloads/New_Dataset/2018/0338_2018.jpg,/Users/captmj/Downloads/New_Dataset/milco_dataset/images/2018/2018_0338_2018.jpg,/Users/captmj/Downloads/New_Dataset/milco_dataset/labels/2018/2018_0338_2018.txt,1,0,0,0
2018,2018_0339_2018.jpg,/Users/captmj/Downloads/New_Dataset/2018/0339_2018.jpg,/Users/captmj/Downloads/New_Dataset/milco_dataset/images/2018/2018_0339_2018.jpg,/Users/captmj/Downloads/New_Dataset/milco_dataset/labels/2018/2018_0339_2018.txt,1,0,0,0
2018,2018_0340_2018.jpg,/Users/captmj/Downloads/New_Dataset/2018/0340_2018.jpg,/Users/captmj/Downloads/New_Dataset/milco_dataset/images/2018/2018_0340_2018.jpg,/Users/captmj/Downloads/New_Dataset/milco_dataset/labels/2018/2018_0340_2018.txt,0,1,0,1
2018,2018_0341_2018.jpg,/Users/captmj/Downloads/New_Dataset/2018/0341_2018.jpg,/Users/captmj/Downloads/New_Dataset/milco_dataset/images/2018/2018_0341_2018.jpg,/Users/captmj/Downloads/New_Dataset/milco_dataset/labels/2018/2018_0341_2018.txt,0,1,0,1
2018,2018_0342_2018.jpg,/Users/captmj/Downloads/New_Dataset/2018/0342_2018.jpg,/Users/captmj/Downloads/New_Dataset/milco_dataset/images/2018/2018_0342_2018.jpg,/Users/captmj/Downloads/New_Dataset/milco_dataset/labels/2018/2018_0342_2018.txt,0,1,0,1
2018,2018_0343_2018.jpg,/Users/captmj/Downloads/New_Dataset/2018/0343_2018.jpg,/Users/captmj/Downloads/New_Dataset/milco_dataset/images/2018/2018_0343_2018.jpg,/Users/captmj/Downloads/New_Dataset/milco_dataset/labels/2018/2018_0343_2018.txt,0,1,0,1
2018,2018_0344_2018.jpg,/Users/captmj/Downloads/New_Dataset/2018/0344_2018.jpg,/Users/captmj/Downloads/New_Dataset/milco_dataset/images/2018/2018_0344_2018.jpg,/Users/captmj/Downloads/New_Dataset/milco_dataset/labels/2018/2018_0344_2018.txt,0,1,1,2
2018,2018_0345_2018.jpg,/Users/captmj/Downloads/New_Dataset/2018/0345_2018.jpg,/Users/captmj/Downloads/New_Dataset/milco_dataset/images/2018/2018_0345_2018.jpg,/Users/captmj/Downloads/New_Dataset/milco_dataset/labels/2018/2018_0345_2018.txt,0,1,1,2
2018,2018_0346_2018.jpg,/Users/captmj/Downloads/New_Dataset/2018/0346_2018.jpg,/Users/captmj/Downloads/New_Dataset/milco_dataset/images/2018/2018_0346_2018.jpg,/Users/captmj/Downloads/New_Dataset/milco_dataset/labels/2018/2018_0346_2018.txt,1,0,0,0
2018,2018_0347_2018.jpg,/Users/captmj/Downloads/New_Dataset/2018/0347_2018.jpg,/Users/captmj/Downloads/New_Dataset/milco_dataset/images/2018/2018_0347_2018.jpg,/Users/captmj/Downloads/New_Dataset/milco_dataset/labels/2018/2018_0347_2018.txt,1,0,0,0
2018,2018_0348_2018.jpg,/Users/captmj/Downloads/New_Dataset/2018/0348_2018.jpg,/Users/captmj/Downloads/New_Dataset/milco_dataset/images/2018/2018_0348_2018.jpg,/Users/captmj/Downloads/New_Dataset/milco_dataset/labels/2018/2018_0348_2018.txt,1,0,0,0
2018,2018_0349_2018.jpg,/Users/captmj/Downloads/New_Dataset/2018/0349_2018.jpg,/Users/captmj/Downloads/New_Dataset/milco_dataset/images/2018/2018_0349_2018.jpg,/Users/captmj/Downloads/New_Dataset/milco_dataset/labels/2018/2018_0349_2018.txt,1,0,0,0
2018,2018_0350_2018.jpg,/Users/captmj/Downloads/New_Dataset/2018/0350_2018.jpg,/Users/captmj/Downloads/New_Dataset/milco_dataset/images/2018/2018_0350_2018.jpg,/Users/captmj/Downloads/New_Dataset/milco_dataset/labels/2018/2018_0350_2018.txt,1,0,0,0
2018,2018_0351_2018.jpg,/Users/captmj/Downloads/New_Dataset/2018/0351_2018.jpg,/Users/captmj/Downloads/New_Dataset/milco_dataset/images/2018/2018_0351_2018.jpg,/Users/captmj/Downloads/New_Dataset/milco_dataset/labels/2018/2018_0351_2018.txt,1,0,0,0
2018,2018_0352_2018.jpg,/Users/captmj/Downloads/New_Dataset/2018/0352_2018.jpg,/Users/captmj/Downloads/New_Dataset/milco_dataset/images/2018/2018_0352_2018.jpg,/Users/captmj/Downloads/New_Dataset/milco_dataset/labels/2018/2018_0352_2018.txt,1,0,0,0
2018,2018_0353_2018.jpg,/Users/captmj/Downloads/New_Dataset/2018/0353_2018.jpg,/Users/captmj/Downloads/New_Dataset/milco_dataset/images/2018/2018_0353_2018.jpg,/Users/captmj/Downloads/New_Dataset/milco_dataset/labels/2018/2018_0353_2018.txt,1,0,0,0
2018,2018_0354_2018.jpg,/Users/captmj/Downloads/New_Dataset/2018/0354_2018.jpg,/Users/captmj/Downloads/New_Dataset/milco_dataset/images/2018/2018_0354_2018.jpg,/Users/captmj/Downloads/New_Dataset/milco_dataset/labels/2018/2018_0354_2018.txt,1,0,0,0
2018,2018_0355_2018.jpg,/Users/captmj/Downloads/New_Dataset/2018/0355_2018.jpg,/Users/captmj/Downloads/New_Dataset/milco_dataset/images/2018/2018_0355_2018.jpg,/Users/captmj/Downloads/New_Dataset/milco_dataset/labels/2018/2018_0355_2018.txt,1,0,0,0
2018,2018_0356_2018.jpg,/Users/captmj/Downloads/New_Dataset/2018/0356_2018.jpg,/Users/captmj/Downloads/New_Dataset/milco_dataset/images/2018/2018_0356_2018.jpg,/Users/captmj/Downloads/New_Dataset/milco_dataset/labels/2018/2018_0356_2018.txt,1,0,0,0
2018,2018_0357_2018.jpg,/Users/captmj/Downloads/New_Dataset/2018/0357_2018.jpg,/Users/captmj/Downloads/New_Dataset/milco_dataset/images/2018/2018_0357_2018.jpg,/Users/captmj/Downloads/New_Dataset/milco_dataset/labels/2018/2018_0357_2018.txt,1,0,0,0
2018,2018_0358_2018.jpg,/Users/captmj/Downloads/New_Dataset/2018/0358_2018.jpg,/Users/captmj/Downloads/New_Dataset/milco_dataset/images/2018/2018_0358_2018.jpg,/Users/captmj/Downloads/New_Dataset/milco_dataset/labels/2018/2018_0358_2018.txt,0,3,0,3
2018,2018_0359_2018.jpg,/Users/captmj/Downloads/New_Dataset/2018/0359_2018.jpg,/Users/captmj/Downloads/New_Dataset/milco_dataset/images/2018/2018_0359_2018.jpg,/Users/captmj/Downloads/New_Dataset/milco_dataset/labels/2018/2018_0359_2018.txt,0,3,0,3
2018,2018_0360_2018.jpg,/Users/captmj/Downloads/New_Dataset/2018/0360_2018.jpg,/Users/captmj/Downloads/New_Dataset/milco_dataset/images/2018/2018_0360_2018.jpg,/Users/captmj/Downloads/New_Dataset/milco_dataset/labels/2018/2018_0360_2018.txt,1,0,0,0
2018,2018_0361_2018.jpg,/Users/captmj/Downloads/New_Dataset/2018/0361_2018.jpg,/Users/captmj/Downloads/New_Dataset/milco_dataset/images/2018/2018_0361_2018.jpg,/Users/captmj/Downloads/New_Dataset/milco_dataset/labels/2018/2018_0361_2018.txt,1,0,0,0
2018,2018_0362_2018.jpg,/Users/captmj/Downloads/New_Dataset/2018/0362_2018.jpg,/Users/captmj/Downloads/New_Dataset/milco_dataset/images/2018/2018_0362_2018.jpg,/Users/captmj/Downloads/New_Dataset/milco_dataset/labels/2018/2018_0362_2018.txt,0,1,0,1
2018,2018_0363_2018.jpg,/Users/captmj/Downloads/New_Dataset/2018/0363_2018.jpg,/Users/captmj/Downloads/New_Dataset/milco_dataset/images/2018/2018_0363_2018.jpg,/Users/captmj/Downloads/New_Dataset/milco_dataset/labels/2018/2018_0363_2018.txt,0,1,0,1
2018,2018_0364_2018.jpg,/Users/captmj/Downloads/New_Dataset/2018/0364_2018.jpg,/Users/captmj/Downloads/New_Dataset/milco_dataset/images/2018/2018_0364_2018.jpg,/Users/captmj/Downloads/New_Dataset/milco_dataset/labels/2018/2018_0364_2018.txt,0,1,0,1
2018,2018_0365_2018.jpg,/Users/captmj/Downloads/New_Dataset/2018/0365_2018.jpg,/Users/captmj/Downloads/New_Dataset/milco_dataset/images/2018/2018_0365_2018.jpg,/Users/captmj/Downloads/New_Dataset/milco_dataset/labels/2018/2018_0365_2018.txt,0,2,1,3
2018,2018_0366_2018.jpg,/Users/captmj/Downloads/New_Dataset/2018/0366_2018.jpg,/Users/captmj/Downloads/New_Dataset/milco_dataset/images/2018/2018_0366_2018.jpg,/Users/captmj/Downloads/New_Dataset/milco_dataset/labels/2018/2018_0366_2018.txt,0,2,1,3
2018,2018_0367_2018.jpg,/Users/captmj/Downloads/New_Dataset/2018/0367_2018.jpg,/Users/captmj/Downloads/New_Dataset/milco_dataset/images/2018/2018_0367_2018.jpg,/Users/captmj/Downloads/New_Dataset/milco_dataset/labels/2018/2018_0367_2018.txt,0,2,0,2
2018,2018_0368_2018.jpg,/Users/captmj/Downloads/New_Dataset/2018/0368_2018.jpg,/Users/captmj/Downloads/New_Dataset/milco_dataset/images/2018/2018_0368_2018.jpg,/Users/captmj/Downloads/New_Dataset/milco_dataset/labels/2018/2018_0368_2018.txt,0,2,0,2
2018,2018_0369_2018.jpg,/Users/captmj/Downloads/New_Dataset/2018/0369_2018.jpg,/Users/captmj/Downloads/New_Dataset/milco_dataset/images/2018/2018_0369_2018.jpg,/Users/captmj/Downloads/New_Dataset/milco_dataset/labels/2018/2018_0369_2018.txt,0,1,0,1
2018,2018_0370_2018.jpg,/Users/captmj/Downloads/New_Dataset/2018/0370_2018.jpg,/Users/captmj/Downloads/New_Dataset/milco_dataset/images/2018/2018_0370_2018.jpg,/Users/captmj/Downloads/New_Dataset/milco_dataset/labels/2018/2018_0370_2018.txt,0,1,0,1
2018,2018_0371_2018.jpg,/Users/captmj/Downloads/New_Dataset/2018/0371_2018.jpg,/Users/captmj/Downloads/New_Dataset/milco_dataset/images/2018/2018_0371_2018.jpg,/Users/captmj/Downloads/New_Dataset/milco_dataset/labels/2018/2018_0371_2018.txt,0,1,0,1
2018,2018_0372_2018.jpg,/Users/captmj/Downloads/New_Dataset/2018/0372_2018.jpg,/Users/captmj/Downloads/New_Dataset/milco_dataset/images/2018/2018_0372_2018.jpg,/Users/captmj/Downloads/New_Dataset/milco_dataset/labels/2018/2018_0372_2018.txt,1,0,0,0
2018,2018_0373_2018.jpg,/Users/captmj/Downloads/New_Dataset/2018/0373_2018.jpg,/Users/captmj/Downloads/New_Dataset/milco_dataset/images/2018/2018_0373_2018.jpg,/Users/captmj/Downloads/New_Dataset/milco_dataset/labels/2018/2018_0373_2018.txt,0,1,0,1
2018,2018_0374_2018.jpg,/Users/captmj/Downloads/New_Dataset/2018/0374_2018.jpg,/Users/captmj/Downloads/New_Dataset/milco_dataset/images/2018/2018_0374_2018.jpg,/Users/captmj/Downloads/New_Dataset/milco_dataset/labels/2018/2018_0374_2018.txt,0,1,0,1
2018,2018_0375_2018.jpg,/Users/captmj/Downloads/New_Dataset/2018/0375_2018.jpg,/Users/captmj/Downloads/New_Dataset/milco_dataset/images/2018/2018_0375_2018.jpg,/Users/captmj/Downloads/New_Dataset/milco_dataset/labels/2018/2018_0375_2018.txt,0,1,0,1
2018,2018_0376_2018.jpg,/Users/captmj/Downloads/New_Dataset/2018/0376_2018.jpg,/Users/captmj/Downloads/New_Dataset/milco_dataset/images/2018/2018_0376_2018.jpg,/Users/captmj/Downloads/New_Dataset/milco_dataset/labels/2018/2018_0376_2018.txt,0,1,0,1
2018,2018_0377_2018.jpg,/Users/captmj/Downloads/New_Dataset/2018/0377_2018.jpg,/Users/captmj/Downloads/New_Dataset/milco_dataset/images/2018/2018_0377_2018.jpg,/Users/captmj/Downloads/New_Dataset/milco_dataset/labels/2018/2018_0377_2018.txt,0,1,0,1
2018,2018_0378_2018.jpg,/Users/captmj/Downloads/New_Dataset/2018/0378_2018.jpg,/Users/captmj/Downloads/New_Dataset/milco_dataset/images/2018/2018_0378_2018.jpg,/Users/captmj/Downloads/New_Dataset/milco_dataset/labels/2018/2018_0378_2018.txt,0,1,0,1
2018,2018_0379_2018.jpg,/Users/captmj/Downloads/New_Dataset/2018/0379_2018.jpg,/Users/captmj/Downloads/New_Dataset/milco_dataset/images/2018/2018_0379_2018.jpg,/Users/captmj/Downloads/New_Dataset/milco_dataset/labels/2018/2018_0379_2018.txt,0,1,0,1
2018,2018_0380_2018.jpg,/Users/captmj/Downloads/New_Dataset/2018/0380_2018.jpg,/Users/captmj/Downloads/New_Dataset/milco_dataset/images/2018/2018_0380_2018.jpg,/Users/captmj/Downloads/New_Dataset/milco_dataset/labels/2018/2018_0380_2018.txt,1,0,0,0
2018,2018_0381_2018.jpg,/Users/captmj/Downloads/New_Dataset/2018/0381_2018.jpg,/Users/captmj/Downloads/New_Dataset/milco_dataset/images/2018/2018_0381_2018.jpg,/Users/captmj/Downloads/New_Dataset/milco_dataset/labels/2018/2018_0381_2018.txt,1,0,0,0
2018,2018_0382_2018.jpg,/Users/captmj/Downloads/New_Dataset/2018/0382_2018.jpg,/Users/captmj/Downloads/New_Dataset/milco_dataset/images/2018/2018_0382_2018.jpg,/Users/captmj/Downloads/New_Dataset/milco_dataset/labels/2018/2018_0382_2018.txt,1,0,0,0
2018,2018_0383_2018.jpg,/Users/captmj/Downloads/New_Dataset/2018/0383_2018.jpg,/Users/captmj/Downloads/New_Dataset/milco_dataset/images/2018/2018_0383_2018.jpg,/Users/captmj/Downloads/New_Dataset/milco_dataset/labels/2018/2018_0383_2018.txt,1,0,0,0
2018,2018_0384_2018.jpg,/Users/captmj/Downloads/New_Dataset/2018/0384_2018.jpg,/Users/captmj/Downloads/New_Dataset/milco_dataset/images/2018/2018_0384_2018.jpg,/Users/captmj/Downloads/New_Dataset/milco_dataset/labels/2018/2018_0384_2018.txt,1,0,0,0
2018,2018_0385_2018.jpg,/Users/captmj/Downloads/New_Dataset/2018/0385_2018.jpg,/Users/captmj/Downloads/New_Dataset/milco_dataset/images/2018/2018_0385_2018.jpg,/Users/captmj/Downloads/New_Dataset/milco_dataset/labels/2018/2018_0385_2018.txt,1,0,0,0
2018,2018_0386_2018.jpg,/Users/captmj/Downloads/New_Dataset/2018/0386_2018.jpg,/Users/captmj/Downloads/New_Dataset/milco_dataset/images/2018/2018_0386_2018.jpg,/Users/captmj/Downloads/New_Dataset/milco_dataset/labels/2018/2018_0386_2018.txt,1,0,0,0
2018,2018_0387_2018.jpg,/Users/captmj/Downloads/New_Dataset/2018/0387_2018.jpg,/Users/captmj/Downloads/New_Dataset/milco_dataset/images/2018/2018_0387_2018.jpg,/Users/captmj/Downloads/New_Dataset/milco_dataset/labels/2018/2018_0387_2018.txt,0,1,0,1
2018,2018_0388_2018.jpg,/Users/captmj/Downloads/New_Dataset/2018/0388_2018.jpg,/Users/captmj/Downloads/New_Dataset/milco_dataset/images/2018/2018_0388_2018.jpg,/Users/captmj/Downloads/New_Dataset/milco_dataset/labels/2018/2018_0388_2018.txt,0,1,0,1
2018,2018_0389_2018.jpg,/Users/captmj/Downloads/New_Dataset/2018/0389_2018.jpg,/Users/captmj/Downloads/New_Dataset/milco_dataset/images/2018/2018_0389_2018.jpg,/Users/captmj/Downloads/New_Dataset/milco_dataset/labels/2018/2018_0389_2018.txt,0,1,0,1
2018,2018_0390_2018.jpg,/Users/captmj/Downloads/New_Dataset/2018/0390_2018.jpg,/Users/captmj/Downloads/New_Dataset/milco_dataset/images/2018/2018_0390_2018.jpg,/Users/captmj/Downloads/New_Dataset/milco_dataset/labels/2018/2018_0390_2018.txt,1,0,0,0
2018,2018_0391_2018.jpg,/Users/captmj/Downloads/New_Dataset/2018/0391_2018.jpg,/Users/captmj/Downloads/New_Dataset/milco_dataset/images/2018/2018_0391_2018.jpg,/Users/captmj/Downloads/New_Dataset/milco_dataset/labels/2018/2018_0391_2018.txt,1,0,0,0
2018,2018_0392_2018.jpg,/Users/captmj/Downloads/New_Dataset/2018/0392_2018.jpg,/Users/captmj/Downloads/New_Dataset/milco_dataset/images/2018/2018_0392_2018.jpg,/Users/captmj/Downloads/New_Dataset/milco_dataset/labels/2018/2018_0392_2018.txt,1,0,0,0
2018,2018_0393_2018.jpg,/Users/captmj/Downloads/New_Dataset/2018/0393_2018.jpg,/Users/captmj/Downloads/New_Dataset/milco_dataset/images/2018/2018_0393_2018.jpg,/Users/captmj/Downloads/New_Dataset/milco_dataset/labels/2018/2018_0393_2018.txt,1,0,0,0
2018,2018_0394_2018.jpg,/Users/captmj/Downloads/New_Dataset/2018/0394_2018.jpg,/Users/captmj/Downloads/New_Dataset/milco_dataset/images/2018/2018_0394_2018.jpg,/Users/captmj/Downloads/New_Dataset/milco_dataset/labels/2018/2018_0394_2018.txt,1,0,0,0
2018,2018_0395_2018.jpg,/Users/captmj/Downloads/New_Dataset/2018/0395_2018.jpg,/Users/captmj/Downloads/New_Dataset/milco_dataset/images/2018/2018_0395_2018.jpg,/Users/captmj/Downloads/New_Dataset/milco_dataset/labels/2018/2018_0395_2018.txt,1,0,0,0
2018,2018_0396_2018.jpg,/Users/captmj/Downloads/New_Dataset/2018/0396_2018.jpg,/Users/captmj/Downloads/New_Dataset/milco_dataset/images/2018/2018_0396_2018.jpg,/Users/captmj/Downloads/New_Dataset/milco_dataset/labels/2018/2018_0396_2018.txt,1,0,0,0
2018,2018_0397_2018.jpg,/Users/captmj/Downloads/New_Dataset/2018/0397_2018.jpg,/Users/captmj/Downloads/New_Dataset/milco_dataset/images/2018/2018_0397_2018.jpg,/Users/captmj/Downloads/New_Dataset/milco_dataset/labels/2018/2018_0397_2018.txt,1,0,0,0
2018,2018_0398_2018.jpg,/Users/captmj/Downloads/New_Dataset/2018/0398_2018.jpg,/Users/captmj/Downloads/New_Dataset/milco_dataset/images/2018/2018_0398_2018.jpg,/Users/captmj/Downloads/New_Dataset/milco_dataset/labels/2018/2018_0398_2018.txt,1,0,0,0
2018,2018_0399_2018.jpg,/Users/captmj/Downloads/New_Dataset/2018/0399_2018.jpg,/Users/captmj/Downloads/New_Dataset/milco_dataset/images/2018/2018_0399_2018.jpg,/Users/captmj/Downloads/New_Dataset/milco_dataset/labels/2018/2018_0399_2018.txt,1,0,0,0
2018,2018_0400_2018.jpg,/Users/captmj/Downloads/New_Dataset/2018/0400_2018.jpg,/Users/captmj/Downloads/New_Dataset/milco_dataset/images/2018/2018_0400_2018.jpg,/Users/captmj/Downloads/New_Dataset/milco_dataset/labels/2018/2018_0400_2018.txt,1,0,0,0
2018,2018_0401_2018.jpg,/Users/captmj/Downloads/New_Dataset/2018/0401_2018.jpg,/Users/captmj/Downloads/New_Dataset/milco_dataset/images/2018/2018_0401_2018.jpg,/Users/captmj/Downloads/New_Dataset/milco_dataset/labels/2018/2018_0401_2018.txt,1,0,0,0
2018,2018_0402_2018.jpg,/Users/captmj/Downloads/New_Dataset/2018/0402_2018.jpg,/Users/captmj/Downloads/New_Dataset/milco_dataset/images/2018/2018_0402_2018.jpg,/Users/captmj/Downloads/New_Dataset/milco_dataset/labels/2018/2018_0402_2018.txt,1,0,0,0
2018,2018_0403_2018.jpg,/Users/captmj/Downloads/New_Dataset/2018/0403_2018.jpg,/Users/captmj/Downloads/New_Dataset/milco_dataset/images/2018/2018_0403_2018.jpg,/Users/captmj/Downloads/New_Dataset/milco_dataset/labels/2018/2018_0403_2018.txt,1,0,0,0
2018,2018_0404_2018.jpg,/Users/captmj/Downloads/New_Dataset/2018/0404_2018.jpg,/Users/captmj/Downloads/New_Dataset/milco_dataset/images/2018/2018_0404_2018.jpg,/Users/captmj/Downloads/New_Dataset/milco_dataset/labels/2018/2018_0404_2018.txt,0,1,1,2
2018,2018_0405_2018.jpg,/Users/captmj/Downloads/New_Dataset/2018/0405_2018.jpg,/Users/captmj/Downloads/New_Dataset/milco_dataset/images/2018/2018_0405_2018.jpg,/Users/captmj/Downloads/New_Dataset/milco_dataset/labels/2018/2018_0405_2018.txt,1,0,0,0
2018,2018_0406_2018.jpg,/Users/captmj/Downloads/New_Dataset/2018/0406_2018.jpg,/Users/captmj/Downloads/New_Dataset/milco_dataset/images/2018/2018_0406_2018.jpg,/Users/captmj/Downloads/New_Dataset/milco_dataset/labels/2018/2018_0406_2018.txt,1,0,0,0
2018,2018_0407_2018.jpg,/Users/captmj/Downloads/New_Dataset/2018/0407_2018.jpg,/Users/captmj/Downloads/New_Dataset/milco_dataset/images/2018/2018_0407_2018.jpg,/Users/captmj/Downloads/New_Dataset/milco_dataset/labels/2018/2018_0407_2018.txt,1,0,0,0
2018,2018_0408_2018.jpg,/Users/captmj/Downloads/New_Dataset/2018/0408_2018.jpg,/Users/captmj/Downloads/New_Dataset/milco_dataset/images/2018/2018_0408_2018.jpg,/Users/captmj/Downloads/New_Dataset/milco_dataset/labels/2018/2018_0408_2018.txt,1,0,0,0
2018,2018_0409_2018.jpg,/Users/captmj/Downloads/New_Dataset/2018/0409_2018.jpg,/Users/captmj/Downloads/New_Dataset/milco_dataset/images/2018/2018_0409_2018.jpg,/Users/captmj/Downloads/New_Dataset/milco_dataset/labels/2018/2018_0409_2018.txt,1,0,0,0
2018,2018_0410_2018.jpg,/Users/captmj/Downloads/New_Dataset/2018/0410_2018.jpg,/Users/captmj/Downloads/New_Dataset/milco_dataset/images/2018/2018_0410_2018.jpg,/Users/captmj/Downloads/New_Dataset/milco_dataset/labels/2018/2018_0410_2018.txt,1,0,0,0
2018,2018_0411_2018.jpg,/Users/captmj/Downloads/New_Dataset/2018/0411_2018.jpg,/Users/captmj/Downloads/New_Dataset/milco_dataset/images/2018/2018_0411_2018.jpg,/Users/captmj/Downloads/New_Dataset/milco_dataset/labels/2018/2018_0411_2018.txt,1,0,0,0
2018,2018_0412_2018.jpg,/Users/captmj/Downloads/New_Dataset/2018/0412_2018.jpg,/Users/captmj/Downloads/New_Dataset/milco_dataset/images/2018/2018_0412_2018.jpg,/Users/captmj/Downloads/New_Dataset/milco_dataset/labels/2018/2018_0412_2018.txt,0,1,0,1
2018,2018_0413_2018.jpg,/Users/captmj/Downloads/New_Dataset/2018/0413_2018.jpg,/Users/captmj/Downloads/New_Dataset/milco_dataset/images/2018/2018_0413_2018.jpg,/Users/captmj/Downloads/New_Dataset/milco_dataset/labels/2018/2018_0413_2018.txt,0,1,0,1
2018,2018_0414_2018.jpg,/Users/captmj/Downloads/New_Dataset/2018/0414_2018.jpg,/Users/captmj/Downloads/New_Dataset/milco_dataset/images/2018/2018_0414_2018.jpg,/Users/captmj/Downloads/New_Dataset/milco_dataset/labels/2018/2018_0414_2018.txt,0,0,1,1
2018,2018_0415_2018.jpg,/Users/captmj/Downloads/New_Dataset/2018/0415_2018.jpg,/Users/captmj/Downloads/New_Dataset/milco_dataset/images/2018/2018_0415_2018.jpg,/Users/captmj/Downloads/New_Dataset/milco_dataset/labels/2018/2018_0415_2018.txt,0,0,1,1
2018,2018_0416_2018.jpg,/Users/captmj/Downloads/New_Dataset/2018/0416_2018.jpg,/Users/captmj/Downloads/New_Dataset/milco_dataset/images/2018/2018_0416_2018.jpg,/Users/captmj/Downloads/New_Dataset/milco_dataset/labels/2018/2018_0416_2018.txt,1,0,0,0
2018,2018_0417_2018.jpg,/Users/captmj/Downloads/New_Dataset/2018/0417_2018.jpg,/Users/captmj/Downloads/New_Dataset/milco_dataset/images/2018/2018_0417_2018.jpg,/Users/captmj/Downloads/New_Dataset/milco_dataset/labels/2018/2018_0417_2018.txt,1,0,0,0
2018,2018_0418_2018.jpg,/Users/captmj/Downloads/New_Dataset/2018/0418_2018.jpg,/Users/captmj/Downloads/New_Dataset/milco_dataset/images/2018/2018_0418_2018.jpg,/Users/captmj/Downloads/New_Dataset/milco_dataset/labels/2018/2018_0418_2018.txt,1,0,0,0
2018,2018_0419_2018.jpg,/Users/captmj/Downloads/New_Dataset/2018/0419_2018.jpg,/Users/captmj/Downloads/New_Dataset/milco_dataset/images/2018/2018_0419_2018.jpg,/Users/captmj/Downloads/New_Dataset/milco_dataset/labels/2018/2018_0419_2018.txt,1,0,0,0
2018,2018_0420_2018.jpg,/Users/captmj/Downloads/New_Dataset/2018/0420_2018.jpg,/Users/captmj/Downloads/New_Dataset/milco_dataset/images/2018/2018_0420_2018.jpg,/Users/captmj/Downloads/New_Dataset/milco_dataset/labels/2018/2018_0420_2018.txt,1,0,0,0
2018,2018_0421_2018.jpg,/Users/captmj/Downloads/New_Dataset/2018/0421_2018.jpg,/Users/captmj/Downloads/New_Dataset/milco_dataset/images/2018/2018_0421_2018.jpg,/Users/captmj/Downloads/New_Dataset/milco_dataset/labels/2018/2018_0421_2018.txt,1,0,0,0
2018,2018_0422_2018.jpg,/Users/captmj/Downloads/New_Dataset/2018/0422_2018.jpg,/Users/captmj/Downloads/New_Dataset/milco_dataset/images/2018/2018_0422_2018.jpg,/Users/captmj/Downloads/New_Dataset/milco_dataset/labels/2018/2018_0422_2018.txt,1,0,0,0
2018,2018_0423_2018.jpg,/Users/captmj/Downloads/New_Dataset/2018/0423_2018.jpg,/Users/captmj/Downloads/New_Dataset/milco_dataset/images/2018/2018_0423_2018.jpg,/Users/captmj/Downloads/New_Dataset/milco_dataset/labels/2018/2018_0423_2018.txt,1,0,0,0
2018,2018_0424_2018.jpg,/Users/captmj/Downloads/New_Dataset/2018/0424_2018.jpg,/Users/captmj/Downloads/New_Dataset/milco_dataset/images/2018/2018_0424_2018.jpg,/Users/captmj/Downloads/New_Dataset/milco_dataset/labels/2018/2018_0424_2018.txt,1,0,0,0
2018,2018_0425_2018.jpg,/Users/captmj/Downloads/New_Dataset/2018/0425_2018.jpg,/Users/captmj/Downloads/New_Dataset/milco_dataset/images/2018/2018_0425_2018.jpg,/Users/captmj/Downloads/New_Dataset/milco_dataset/labels/2018/2018_0425_2018.txt,1,0,0,0
2018,2018_0426_2018.jpg,/Users/captmj/Downloads/New_Dataset/2018/0426_2018.jpg,/Users/captmj/Downloads/New_Dataset/milco_dataset/images/2018/2018_0426_2018.jpg,/Users/captmj/Downloads/New_Dataset/milco_dataset/labels/2018/2018_0426_2018.txt,0,0,1,1
2018,2018_0427_2018.jpg,/Users/captmj/Downloads/New_Dataset/2018/0427_2018.jpg,/Users/captmj/Downloads/New_Dataset/milco_dataset/images/2018/2018_0427_2018.jpg,/Users/captmj/Downloads/New_Dataset/milco_dataset/labels/2018/2018_0427_2018.txt,0,0,1,1
2018,2018_0428_2018.jpg,/Users/captmj/Downloads/New_Dataset/2018/0428_2018.jpg,/Users/captmj/Downloads/New_Dataset/milco_dataset/images/2018/2018_0428_2018.jpg,/Users/captmj/Downloads/New_Dataset/milco_dataset/labels/2018/2018_0428_2018.txt,0,1,0,1
2018,2018_0429_2018.jpg,/Users/captmj/Downloads/New_Dataset/2018/0429_2018.jpg,/Users/captmj/Downloads/New_Dataset/milco_dataset/images/2018/2018_0429_2018.jpg,/Users/captmj/Downloads/New_Dataset/milco_dataset/labels/2018/2018_0429_2018.txt,0,1,0,1
2018,2018_0430_2018.jpg,/Users/captmj/Downloads/New_Dataset/2018/0430_2018.jpg,/Users/captmj/Downloads/New_Dataset/milco_dataset/images/2018/2018_0430_2018.jpg,/Users/captmj/Downloads/New_Dataset/milco_dataset/labels/2018/2018_0430_2018.txt,1,0,0,0
2018,2018_0431_2018.jpg,/Users/captmj/Downloads/New_Dataset/2018/0431_2018.jpg,/Users/captmj/Downloads/New_Dataset/milco_dataset/images/2018/2018_0431_2018.jpg,/Users/captmj/Downloads/New_Dataset/milco_dataset/labels/2018/2018_0431_2018.txt,1,0,0,0
2018,2018_0432_2018.jpg,/Users/captmj/Downloads/New_Dataset/2018/0432_2018.jpg,/Users/captmj/Downloads/New_Dataset/milco_dataset/images/2018/2018_0432_2018.jpg,/Users/captmj/Downloads/New_Dataset/milco_dataset/labels/2018/2018_0432_2018.txt,1,0,0,0
2018,2018_0433_2018.jpg,/Users/captmj/Downloads/New_Dataset/2018/0433_2018.jpg,/Users/captmj/Downloads/New_Dataset/milco_dataset/images/2018/2018_0433_2018.jpg,/Users/captmj/Downloads/New_Dataset/milco_dataset/labels/2018/2018_0433_2018.txt,1,0,0,0
2018,2018_0434_2018.jpg,/Users/captmj/Downloads/New_Dataset/2018/0434_2018.jpg,/Users/captmj/Downloads/New_Dataset/milco_dataset/images/2018/2018_0434_2018.jpg,/Users/captmj/Downloads/New_Dataset/milco_dataset/labels/2018/2018_0434_2018.txt,0,1,1,2
2018,2018_0435_2018.jpg,/Users/captmj/Downloads/New_Dataset/2018/0435_2018.jpg,/Users/captmj/Downloads/New_Dataset/milco_dataset/images/2018/2018_0435_2018.jpg,/Users/captmj/Downloads/New_Dataset/milco_dataset/labels/2018/2018_0435_2018.txt,0,1,1,2
2018,2018_0436_2018.jpg,/Users/captmj/Downloads/New_Dataset/2018/0436_2018.jpg,/Users/captmj/Downloads/New_Dataset/milco_dataset/images/2018/2018_0436_2018.jpg,/Users/captmj/Downloads/New_Dataset/milco_dataset/labels/2018/2018_0436_2018.txt,0,1,0,1
2018,2018_0437_2018.jpg,/Users/captmj/Downloads/New_Dataset/2018/0437_2018.jpg,/Users/captmj/Downloads/New_Dataset/milco_dataset/images/2018/2018_0437_2018.jpg,/Users/captmj/Downloads/New_Dataset/milco_dataset/labels/2018/2018_0437_2018.txt,0,1,0,1
2018,2018_0438_2018.jpg,/Users/captmj/Downloads/New_Dataset/2018/0438_2018.jpg,/Users/captmj/Downloads/New_Dataset/milco_dataset/images/2018/2018_0438_2018.jpg,/Users/captmj/Downloads/New_Dataset/milco_dataset/labels/2018/2018_0438_2018.txt,1,0,0,0
2018,2018_0439_2018.jpg,/Users/captmj/Downloads/New_Dataset/2018/0439_2018.jpg,/Users/captmj/Downloads/New_Dataset/milco_dataset/images/2018/2018_0439_2018.jpg,/Users/captmj/Downloads/New_Dataset/milco_dataset/labels/2018/2018_0439_2018.txt,1,0,0,0
2018,2018_0440_2018.jpg,/Users/captmj/Downloads/New_Dataset/2018/0440_2018.jpg,/Users/captmj/Downloads/New_Dataset/milco_dataset/images/2018/2018_0440_2018.jpg,/Users/captmj/Downloads/New_Dataset/milco_dataset/labels/2018/2018_0440_2018.txt,0,0,1,1
2018,2018_0441_2018.jpg,/Users/captmj/Downloads/New_Dataset/2018/0441_2018.jpg,/Users/captmj/Downloads/New_Dataset/milco_dataset/images/2018/2018_0441_2018.jpg,/Users/captmj/Downloads/New_Dataset/milco_dataset/labels/2018/2018_0441_2018.txt,0,2,0,2
2018,2018_0442_2018.jpg,/Users/captmj/Downloads/New_Dataset/2018/0442_2018.jpg,/Users/captmj/Downloads/New_Dataset/milco_dataset/images/2018/2018_0442_2018.jpg,/Users/captmj/Downloads/New_Dataset/milco_dataset/labels/2018/2018_0442_2018.txt,0,2,0,2
2018,2018_0443_2018.jpg,/Users/captmj/Downloads/New_Dataset/2018/0443_2018.jpg,/Users/captmj/Downloads/New_Dataset/milco_dataset/images/2018/2018_0443_2018.jpg,/Users/captmj/Downloads/New_Dataset/milco_dataset/labels/2018/2018_0443_2018.txt,0,1,0,1
2018,2018_0444_2018.jpg,/Users/captmj/Downloads/New_Dataset/2018/0444_2018.jpg,/Users/captmj/Downloads/New_Dataset/milco_dataset/images/2018/2018_0444_2018.jpg,/Users/captmj/Downloads/New_Dataset/milco_dataset/labels/2018/2018_0444_2018.txt,0,1,0,1
2018,2018_0445_2018.jpg,/Users/captmj/Downloads/New_Dataset/2018/0445_2018.jpg,/Users/captmj/Downloads/New_Dataset/milco_dataset/images/2018/2018_0445_2018.jpg,/Users/captmj/Downloads/New_Dataset/milco_dataset/labels/2018/2018_0445_2018.txt,0,1,0,1
2018,2018_0446_2018.jpg,/Users/captmj/Downloads/New_Dataset/2018/0446_2018.jpg,/Users/captmj/Downloads/New_Dataset/milco_dataset/images/2018/2018_0446_2018.jpg,/Users/captmj/Downloads/New_Dataset/milco_dataset/labels/2018/2018_0446_2018.txt,1,0,0,0
2018,2018_0447_2018.jpg,/Users/captmj/Downloads/New_Dataset/2018/0447_2018.jpg,/Users/captmj/Downloads/New_Dataset/milco_dataset/images/2018/2018_0447_2018.jpg,/Users/captmj/Downloads/New_Dataset/milco_dataset/labels/2018/2018_0447_2018.txt,1,0,0,0
2018,2018_0448_2018.jpg,/Users/captmj/Downloads/New_Dataset/2018/0448_2018.jpg,/Users/captmj/Downloads/New_Dataset/milco_dataset/images/2018/2018_0448_2018.jpg,/Users/captmj/Downloads/New_Dataset/milco_dataset/labels/2018/2018_0448_2018.txt,1,0,0,0
2018,2018_0449_2018.jpg,/Users/captmj/Downloads/New_Dataset/2018/0449_2018.jpg,/Users/captmj/Downloads/New_Dataset/milco_dataset/images/2018/2018_0449_2018.jpg,/Users/captmj/Downloads/New_Dataset/milco_dataset/labels/2018/2018_0449_2018.txt,0,1,0,1
2018,2018_0450_2018.jpg,/Users/captmj/Downloads/New_Dataset/2018/0450_2018.jpg,/Users/captmj/Downloads/New_Dataset/milco_dataset/images/2018/2018_0450_2018.jpg,/Users/captmj/Downloads/New_Dataset/milco_dataset/labels/2018/2018_0450_2018.txt,1,0,0,0
2018,2018_0451_2018.jpg,/Users/captmj/Downloads/New_Dataset/2018/0451_2018.jpg,/Users/captmj/Downloads/New_Dataset/milco_dataset/images/2018/2018_0451_2018.jpg,/Users/captmj/Downloads/New_Dataset/milco_dataset/labels/2018/2018_0451_2018.txt,0,1,0,1
2018,2018_0452_2018.jpg,/Users/captmj/Downloads/New_Dataset/2018/0452_2018.jpg,/Users/captmj/Downloads/New_Dataset/milco_dataset/images/2018/2018_0452_2018.jpg,/Users/captmj/Downloads/New_Dataset/milco_dataset/labels/2018/2018_0452_2018.txt,0,0,1,1
2018,2018_0453_2018.jpg,/Users/captmj/Downloads/New_Dataset/2018/0453_2018.jpg,/Users/captmj/Downloads/New_Dataset/milco_dataset/images/2018/2018_0453_2018.jpg,/Users/captmj/Downloads/New_Dataset/milco_dataset/labels/2018/2018_0453_2018.txt,0,0,1,1
2018,2018_0454_2018.jpg,/Users/captmj/Downloads/New_Dataset/2018/0454_2018.jpg,/Users/captmj/Downloads/New_Dataset/milco_dataset/images/2018/2018_0454_2018.jpg,/Users/captmj/Downloads/New_Dataset/milco_dataset/labels/2018/2018_0454_2018.txt,0,0,1,1
2018,2018_0455_2018.jpg,/Users/captmj/Downloads/New_Dataset/2018/0455_2018.jpg,/Users/captmj/Downloads/New_Dataset/milco_dataset/images/2018/2018_0455_2018.jpg,/Users/captmj/Downloads/New_Dataset/milco_dataset/labels/2018/2018_0455_2018.txt,0,2,0,2
2018,2018_0456_2018.jpg,/Users/captmj/Downloads/New_Dataset/2018/0456_2018.jpg,/Users/captmj/Downloads/New_Dataset/milco_dataset/images/2018/2018_0456_2018.jpg,/Users/captmj/Downloads/New_Dataset/milco_dataset/labels/2018/2018_0456_2018.txt,0,0,1,1
2018,2018_0457_2018.jpg,/Users/captmj/Downloads/New_Dataset/2018/0457_2018.jpg,/Users/captmj/Downloads/New_Dataset/milco_dataset/images/2018/2018_0457_2018.jpg,/Users/captmj/Downloads/New_Dataset/milco_dataset/labels/2018/2018_0457_2018.txt,0,0,1,1
2018,2018_0458_2018.jpg,/Users/captmj/Downloads/New_Dataset/2018/0458_2018.jpg,/Users/captmj/Downloads/New_Dataset/milco_dataset/images/2018/2018_0458_2018.jpg,/Users/captmj/Downloads/New_Dataset/milco_dataset/labels/2018/2018_0458_2018.txt,0,0,2,2
2018,2018_0459_2018.jpg,/Users/captmj/Downloads/New_Dataset/2018/0459_2018.jpg,/Users/captmj/Downloads/New_Dataset/milco_dataset/images/2018/2018_0459_2018.jpg,/Users/captmj/Downloads/New_Dataset/milco_dataset/labels/2018/2018_0459_2018.txt,0,0,1,1
2018,2018_0460_2018.jpg,/Users/captmj/Downloads/New_Dataset/2018/0460_2018.jpg,/Users/captmj/Downloads/New_Dataset/milco_dataset/images/2018/2018_0460_2018.jpg,/Users/captmj/Downloads/New_Dataset/milco_dataset/labels/2018/2018_0460_2018.txt,0,0,3,3
2018,2018_0461_2018.jpg,/Users/captmj/Downloads/New_Dataset/2018/0461_2018.jpg,/Users/captmj/Downloads/New_Dataset/milco_dataset/images/2018/2018_0461_2018.jpg,/Users/captmj/Downloads/New_Dataset/milco_dataset/labels/2018/2018_0461_2018.txt,0,0,2,2
2018,2018_0462_2018.jpg,/Users/captmj/Downloads/New_Dataset/2018/0462_2018.jpg,/Users/captmj/Downloads/New_Dataset/milco_dataset/images/2018/2018_0462_2018.jpg,/Users/captmj/Downloads/New_Dataset/milco_dataset/labels/2018/2018_0462_2018.txt,0,0,1,1
2018,2018_0463_2018.jpg,/Users/captmj/Downloads/New_Dataset/2018/0463_2018.jpg,/Users/captmj/Downloads/New_Dataset/milco_dataset/images/2018/2018_0463_2018.jpg,/Users/captmj/Downloads/New_Dataset/milco_dataset/labels/2018/2018_0463_2018.txt,0,0,2,2
2018,2018_0464_2018.jpg,/Users/captmj/Downloads/New_Dataset/2018/0464_2018.jpg,/Users/captmj/Downloads/New_Dataset/milco_dataset/images/2018/2018_0464_2018.jpg,/Users/captmj/Downloads/New_Dataset/milco_dataset/labels/2018/2018_0464_2018.txt,0,1,0,1
2018,2018_0465_2018.jpg,/Users/captmj/Downloads/New_Dataset/2018/0465_2018.jpg,/Users/captmj/Downloads/New_Dataset/milco_dataset/images/2018/2018_0465_2018.jpg,/Users/captmj/Downloads/New_Dataset/milco_dataset/labels/2018/2018_0465_2018.txt,1,0,0,0
2018,2018_0466_2018.jpg,/Users/captmj/Downloads/New_Dataset/2018/0466_2018.jpg,/Users/captmj/Downloads/New_Dataset/milco_dataset/images/2018/2018_0466_2018.jpg,/Users/captmj/Downloads/New_Dataset/milco_dataset/labels/2018/2018_0466_2018.txt,1,0,0,0
2018,2018_0467_2018.jpg,/Users/captmj/Downloads/New_Dataset/2018/0467_2018.jpg,/Users/captmj/Downloads/New_Dataset/milco_dataset/images/2018/2018_0467_2018.jpg,/Users/captmj/Downloads/New_Dataset/milco_dataset/labels/2018/2018_0467_2018.txt,1,0,0,0
2018,2018_0468_2018.jpg,/Users/captmj/Downloads/New_Dataset/2018/0468_2018.jpg,/Users/captmj/Downloads/New_Dataset/milco_dataset/images/2018/2018_0468_2018.jpg,/Users/captmj/Downloads/New_Dataset/milco_dataset/labels/2018/2018_0468_2018.txt,1,0,0,0
2018,2018_0469_2018.jpg,/Users/captmj/Downloads/New_Dataset/2018/0469_2018.jpg,/Users/captmj/Downloads/New_Dataset/milco_dataset/images/2018/2018_0469_2018.jpg,/Users/captmj/Downloads/New_Dataset/milco_dataset/labels/2018/2018_0469_2018.txt,1,0,0,0
2018,2018_0470_2018.jpg,/Users/captmj/Downloads/New_Dataset/2018/0470_2018.jpg,/Users/captmj/Downloads/New_Dataset/milco_dataset/images/2018/2018_0470_2018.jpg,/Users/captmj/Downloads/New_Dataset/milco_dataset/labels/2018/2018_0470_2018.txt,1,0,0,0
2018,2018_0471_2018.jpg,/Users/captmj/Downloads/New_Dataset/2018/0471_2018.jpg,/Users/captmj/Downloads/New_Dataset/milco_dataset/images/2018/2018_0471_2018.jpg,/Users/captmj/Downloads/New_Dataset/milco_dataset/labels/2018/2018_0471_2018.txt,1,0,0,0
2018,2018_0472_2018.jpg,/Users/captmj/Downloads/New_Dataset/2018/0472_2018.jpg,/Users/captmj/Downloads/New_Dataset/milco_dataset/images/2018/2018_0472_2018.jpg,/Users/captmj/Downloads/New_Dataset/milco_dataset/labels/2018/2018_0472_2018.txt,1,0,0,0
2018,2018_0473_2018.jpg,/Users/captmj/Downloads/New_Dataset/2018/0473_2018.jpg,/Users/captmj/Downloads/New_Dataset/milco_dataset/images/2018/2018_0473_2018.jpg,/Users/captmj/Downloads/New_Dataset/milco_dataset/labels/2018/2018_0473_2018.txt,1,0,0,0
2018,2018_0474_2018.jpg,/Users/captmj/Downloads/New_Dataset/2018/0474_2018.jpg,/Users/captmj/Downloads/New_Dataset/milco_dataset/images/2018/2018_0474_2018.jpg,/Users/captmj/Downloads/New_Dataset/milco_dataset/labels/2018/2018_0474_2018.txt,1,0,0,0
2018,2018_0475_2018.jpg,/Users/captmj/Downloads/New_Dataset/2018/0475_2018.jpg,/Users/captmj/Downloads/New_Dataset/milco_dataset/images/2018/2018_0475_2018.jpg,/Users/captmj/Downloads/New_Dataset/milco_dataset/labels/2018/2018_0475_2018.txt,1,0,0,0
2018,2018_0476_2018.jpg,/Users/captmj/Downloads/New_Dataset/2018/0476_2018.jpg,/Users/captmj/Downloads/New_Dataset/milco_dataset/images/2018/2018_0476_2018.jpg,/Users/captmj/Downloads/New_Dataset/milco_dataset/labels/2018/2018_0476_2018.txt,1,0,0,0
2018,2018_0477_2018.jpg,/Users/captmj/Downloads/New_Dataset/2018/0477_2018.jpg,/Users/captmj/Downloads/New_Dataset/milco_dataset/images/2018/2018_0477_2018.jpg,/Users/captmj/Downloads/New_Dataset/milco_dataset/labels/2018/2018_0477_2018.txt,1,0,0,0
2018,2018_0478_2018.jpg,/Users/captmj/Downloads/New_Dataset/2018/0478_2018.jpg,/Users/captmj/Downloads/New_Dataset/milco_dataset/images/2018/2018_0478_2018.jpg,/Users/captmj/Downloads/New_Dataset/milco_dataset/labels/2018/2018_0478_2018.txt,1,0,0,0
2018,2018_0479_2018.jpg,/Users/captmj/Downloads/New_Dataset/2018/0479_2018.jpg,/Users/captmj/Downloads/New_Dataset/milco_dataset/images/2018/2018_0479_2018.jpg,/Users/captmj/Downloads/New_Dataset/milco_dataset/labels/2018/2018_0479_2018.txt,1,0,0,0
2018,2018_0480_2018.jpg,/Users/captmj/Downloads/New_Dataset/2018/0480_2018.jpg,/Users/captmj/Downloads/New_Dataset/milco_dataset/images/2018/2018_0480_2018.jpg,/Users/captmj/Downloads/New_Dataset/milco_dataset/labels/2018/2018_0480_2018.txt,1,0,0,0
2018,2018_0481_2018.jpg,/Users/captmj/Downloads/New_Dataset/2018/0481_2018.jpg,/Users/captmj/Downloads/New_Dataset/milco_dataset/images/2018/2018_0481_2018.jpg,/Users/captmj/Downloads/New_Dataset/milco_dataset/labels/2018/2018_0481_2018.txt,0,0,1,1
2018,2018_0482_2018.jpg,/Users/captmj/Downloads/New_Dataset/2018/0482_2018.jpg,/Users/captmj/Downloads/New_Dataset/milco_dataset/images/2018/2018_0482_2018.jpg,/Users/captmj/Downloads/New_Dataset/milco_dataset/labels/2018/2018_0482_2018.txt,1,0,0,0
2018,2018_0483_2018.jpg,/Users/captmj/Downloads/New_Dataset/2018/0483_2018.jpg,/Users/captmj/Downloads/New_Dataset/milco_dataset/images/2018/2018_0483_2018.jpg,/Users/captmj/Downloads/New_Dataset/milco_dataset/labels/2018/2018_0483_2018.txt,1,0,0,0
2018,2018_0484_2018.jpg,/Users/captmj/Downloads/New_Dataset/2018/0484_2018.jpg,/Users/captmj/Downloads/New_Dataset/milco_dataset/images/2018/2018_0484_2018.jpg,/Users/captmj/Downloads/New_Dataset/milco_dataset/labels/2018/2018_0484_2018.txt,1,0,0,0
2018,2018_0485_2018.jpg,/Users/captmj/Downloads/New_Dataset/2018/0485_2018.jpg,/Users/captmj/Downloads/New_Dataset/milco_dataset/images/2018/2018_0485_2018.jpg,/Users/captmj/Downloads/New_Dataset/milco_dataset/labels/2018/2018_0485_2018.txt,1,0,0,0
2018,2018_0486_2018.jpg,/Users/captmj/Downloads/New_Dataset/2018/0486_2018.jpg,/Users/captmj/Downloads/New_Dataset/milco_dataset/images/2018/2018_0486_2018.jpg,/Users/captmj/Downloads/New_Dataset/milco_dataset/labels/2018/2018_0486_2018.txt,1,0,0,0
2018,2018_0487_2018.jpg,/Users/captmj/Downloads/New_Dataset/2018/0487_2018.jpg,/Users/captmj/Downloads/New_Dataset/milco_dataset/images/2018/2018_0487_2018.jpg,/Users/captmj/Downloads/New_Dataset/milco_dataset/labels/2018/2018_0487_2018.txt,1,0,0,0
2018,2018_0488_2018.jpg,/Users/captmj/Downloads/New_Dataset/2018/0488_2018.jpg,/Users/captmj/Downloads/New_Dataset/milco_dataset/images/2018/2018_0488_2018.jpg,/Users/captmj/Downloads/New_Dataset/milco_dataset/labels/2018/2018_0488_2018.txt,1,0,0,0
2018,2018_0489_2018.jpg,/Users/captmj/Downloads/New_Dataset/2018/0489_2018.jpg,/Users/captmj/Downloads/New_Dataset/milco_dataset/images/2018/2018_0489_2018.jpg,/Users/captmj/Downloads/New_Dataset/milco_dataset/labels/2018/2018_0489_2018.txt,1,0,0,0
2018,2018_0490_2018.jpg,/Users/captmj/Downloads/New_Dataset/2018/0490_2018.jpg,/Users/captmj/Downloads/New_Dataset/milco_dataset/images/2018/2018_0490_2018.jpg,/Users/captmj/Downloads/New_Dataset/milco_dataset/labels/2018/2018_0490_2018.txt,1,0,0,0
2018,2018_0491_2018.jpg,/Users/captmj/Downloads/New_Dataset/2018/0491_2018.jpg,/Users/captmj/Downloads/New_Dataset/milco_dataset/images/2018/2018_0491_2018.jpg,/Users/captmj/Downloads/New_Dataset/milco_dataset/labels/2018/2018_0491_2018.txt,1,0,0,0
2018,2018_0492_2018.jpg,/Users/captmj/Downloads/New_Dataset/2018/0492_2018.jpg,/Users/captmj/Downloads/New_Dataset/milco_dataset/images/2018/2018_0492_2018.jpg,/Users/captmj/Downloads/New_Dataset/milco_dataset/labels/2018/2018_0492_2018.txt,1,0,0,0
2018,2018_0493_2018.jpg,/Users/captmj/Downloads/New_Dataset/2018/0493_2018.jpg,/Users/captmj/Downloads/New_Dataset/milco_dataset/images/2018/2018_0493_2018.jpg,/Users/captmj/Downloads/New_Dataset/milco_dataset/labels/2018/2018_0493_2018.txt,1,0,0,0
2018,2018_0494_2018.jpg,/Users/captmj/Downloads/New_Dataset/2018/0494_2018.jpg,/Users/captmj/Downloads/New_Dataset/milco_dataset/images/2018/2018_0494_2018.jpg,/Users/captmj/Downloads/New_Dataset/milco_dataset/labels/2018/2018_0494_2018.txt,1,0,0,0
2018,2018_0495_2018.jpg,/Users/captmj/Downloads/New_Dataset/2018/0495_2018.jpg,/Users/captmj/Downloads/New_Dataset/milco_dataset/images/2018/2018_0495_2018.jpg,/Users/captmj/Downloads/New_Dataset/milco_dataset/labels/2018/2018_0495_2018.txt,1,0,0,0
2018,2018_0496_2018.jpg,/Users/captmj/Downloads/New_Dataset/2018/0496_2018.jpg,/Users/captmj/Downloads/New_Dataset/milco_dataset/images/2018/2018_0496_2018.jpg,/Users/captmj/Downloads/New_Dataset/milco_dataset/labels/2018/2018_0496_2018.txt,1,0,0,0
2018,2018_0497_2018.jpg,/Users/captmj/Downloads/New_Dataset/2018/0497_2018.jpg,/Users/captmj/Downloads/New_Dataset/milco_dataset/images/2018/2018_0497_2018.jpg,/Users/captmj/Downloads/New_Dataset/milco_dataset/labels/2018/2018_0497_2018.txt,1,0,0,0
2018,2018_0498_2018.jpg,/Users/captmj/Downloads/New_Dataset/2018/0498_2018.jpg,/Users/captmj/Downloads/New_Dataset/milco_dataset/images/2018/2018_0498_2018.jpg,/Users/captmj/Downloads/New_Dataset/milco_dataset/labels/2018/2018_0498_2018.txt,1,0,0,0
2018,2018_0499_2018.jpg,/Users/captmj/Downloads/New_Dataset/2018/0499_2018.jpg,/Users/captmj/Downloads/New_Dataset/milco_dataset/images/2018/2018_0499_2018.jpg,/Users/captmj/Downloads/New_Dataset/milco_dataset/labels/2018/2018_0499_2018.txt,1,0,0,0
2018,2018_0500_2018.jpg,/Users/captmj/Downloads/New_Dataset/2018/0500_2018.jpg,/Users/captmj/Downloads/New_Dataset/milco_dataset/images/2018/2018_0500_2018.jpg,/Users/captmj/Downloads/New_Dataset/milco_dataset/labels/2018/2018_0500_2018.txt,1,0,0,0
2018,2018_0501_2018.jpg,/Users/captmj/Downloads/New_Dataset/2018/0501_2018.jpg,/Users/captmj/Downloads/New_Dataset/milco_dataset/images/2018/2018_0501_2018.jpg,/Users/captmj/Downloads/New_Dataset/milco_dataset/labels/2018/2018_0501_2018.txt,1,0,0,0
2018,2018_0502_2018.jpg,/Users/captmj/Downloads/New_Dataset/2018/0502_2018.jpg,/Users/captmj/Downloads/New_Dataset/milco_dataset/images/2018/2018_0502_2018.jpg,/Users/captmj/Downloads/New_Dataset/milco_dataset/labels/2018/2018_0502_2018.txt,1,0,0,0
2018,2018_0503_2018.jpg,/Users/captmj/Downloads/New_Dataset/2018/0503_2018.jpg,/Users/captmj/Downloads/New_Dataset/milco_dataset/images/2018/2018_0503_2018.jpg,/Users/captmj/Downloads/New_Dataset/milco_dataset/labels/2018/2018_0503_2018.txt,1,0,0,0
2018,2018_0504_2018.jpg,/Users/captmj/Downloads/New_Dataset/2018/0504_2018.jpg,/Users/captmj/Downloads/New_Dataset/milco_dataset/images/2018/2018_0504_2018.jpg,/Users/captmj/Downloads/New_Dataset/milco_dataset/labels/2018/2018_0504_2018.txt,1,0,0,0
2018,2018_0505_2018.jpg,/Users/captmj/Downloads/New_Dataset/2018/0505_2018.jpg,/Users/captmj/Downloads/New_Dataset/milco_dataset/images/2018/2018_0505_2018.jpg,/Users/captmj/Downloads/New_Dataset/milco_dataset/labels/2018/2018_0505_2018.txt,1,0,0,0
2018,2018_0506_2018.jpg,/Users/captmj/Downloads/New_Dataset/2018/0506_2018.jpg,/Users/captmj/Downloads/New_Dataset/milco_dataset/images/2018/2018_0506_2018.jpg,/Users/captmj/Downloads/New_Dataset/milco_dataset/labels/2018/2018_0506_2018.txt,1,0,0,0
2018,2018_0507_2018.jpg,/Users/captmj/Downloads/New_Dataset/2018/0507_2018.jpg,/Users/captmj/Downloads/New_Dataset/milco_dataset/images/2018/2018_0507_2018.jpg,/Users/captmj/Downloads/New_Dataset/milco_dataset/labels/2018/2018_0507_2018.txt,1,0,0,0
2018,2018_0508_2018.jpg,/Users/captmj/Downloads/New_Dataset/2018/0508_2018.jpg,/Users/captmj/Downloads/New_Dataset/milco_dataset/images/2018/2018_0508_2018.jpg,/Users/captmj/Downloads/New_Dataset/milco_dataset/labels/2018/2018_0508_2018.txt,1,0,0,0
2018,2018_0509_2018.jpg,/Users/captmj/Downloads/New_Dataset/2018/0509_2018.jpg,/Users/captmj/Downloads/New_Dataset/milco_dataset/images/2018/2018_0509_2018.jpg,/Users/captmj/Downloads/New_Dataset/milco_dataset/labels/2018/2018_0509_2018.txt,1,0,0,0
2018,2018_0510_2018.jpg,/Users/captmj/Downloads/New_Dataset/2018/0510_2018.jpg,/Users/captmj/Downloads/New_Dataset/milco_dataset/images/2018/2018_0510_2018.jpg,/Users/captmj/Downloads/New_Dataset/milco_dataset/labels/2018/2018_0510_2018.txt,0,1,0,1
2018,2018_0511_2018.jpg,/Users/captmj/Downloads/New_Dataset/2018/0511_2018.jpg,/Users/captmj/Downloads/New_Dataset/milco_dataset/images/2018/2018_0511_2018.jpg,/Users/captmj/Downloads/New_Dataset/milco_dataset/labels/2018/2018_0511_2018.txt,1,0,0,0
2018,2018_0512_2018.jpg,/Users/captmj/Downloads/New_Dataset/2018/0512_2018.jpg,/Users/captmj/Downloads/New_Dataset/milco_dataset/images/2018/2018_0512_2018.jpg,/Users/captmj/Downloads/New_Dataset/milco_dataset/labels/2018/2018_0512_2018.txt,1,0,0,0
2018,2018_0513_2018.jpg,/Users/captmj/Downloads/New_Dataset/2018/0513_2018.jpg,/Users/captmj/Downloads/New_Dataset/milco_dataset/images/2018/2018_0513_2018.jpg,/Users/captmj/Downloads/New_Dataset/milco_dataset/labels/2018/2018_0513_2018.txt,1,0,0,0
2018,2018_0514_2018.jpg,/Users/captmj/Downloads/New_Dataset/2018/0514_2018.jpg,/Users/captmj/Downloads/New_Dataset/milco_dataset/images/2018/2018_0514_2018.jpg,/Users/captmj/Downloads/New_Dataset/milco_dataset/labels/2018/2018_0514_2018.txt,1,0,0,0
2018,2018_0515_2018.jpg,/Users/captmj/Downloads/New_Dataset/2018/0515_2018.jpg,/Users/captmj/Downloads/New_Dataset/milco_dataset/images/2018/2018_0515_2018.jpg,/Users/captmj/Downloads/New_Dataset/milco_dataset/labels/2018/2018_0515_2018.txt,1,0,0,0
2018,2018_0516_2018.jpg,/Users/captmj/Downloads/New_Dataset/2018/0516_2018.jpg,/Users/captmj/Downloads/New_Dataset/milco_dataset/images/2018/2018_0516_2018.jpg,/Users/captmj/Downloads/New_Dataset/milco_dataset/labels/2018/2018_0516_2018.txt,1,0,0,0
2018,2018_0517_2018.jpg,/Users/captmj/Downloads/New_Dataset/2018/0517_2018.jpg,/Users/captmj/Downloads/New_Dataset/milco_dataset/images/2018/2018_0517_2018.jpg,/Users/captmj/Downloads/New_Dataset/milco_dataset/labels/2018/2018_0517_2018.txt,0,2,0,2
2018,2018_0518_2018.jpg,/Users/captmj/Downloads/New_Dataset/2018/0518_2018.jpg,/Users/captmj/Downloads/New_Dataset/milco_dataset/images/2018/2018_0518_2018.jpg,/Users/captmj/Downloads/New_Dataset/milco_dataset/labels/2018/2018_0518_2018.txt,1,0,0,0
2018,2018_0519_2018.jpg,/Users/captmj/Downloads/New_Dataset/2018/0519_2018.jpg,/Users/captmj/Downloads/New_Dataset/milco_dataset/images/2018/2018_0519_2018.jpg,/Users/captmj/Downloads/New_Dataset/milco_dataset/labels/2018/2018_0519_2018.txt,1,0,0,0
2018,2018_0520_2018.jpg,/Users/captmj/Downloads/New_Dataset/2018/0520_2018.jpg,/Users/captmj/Downloads/New_Dataset/milco_dataset/images/2018/2018_0520_2018.jpg,/Users/captmj/Downloads/New_Dataset/milco_dataset/labels/2018/2018_0520_2018.txt,1,0,0,0
2018,2018_0521_2018.jpg,/Users/captmj/Downloads/New_Dataset/2018/0521_2018.jpg,/Users/captmj/Downloads/New_Dataset/milco_dataset/images/2018/2018_0521_2018.jpg,/Users/captmj/Downloads/New_Dataset/milco_dataset/labels/2018/2018_0521_2018.txt,0,1,0,1
2018,2018_0522_2018.jpg,/Users/captmj/Downloads/New_Dataset/2018/0522_2018.jpg,/Users/captmj/Downloads/New_Dataset/milco_dataset/images/2018/2018_0522_2018.jpg,/Users/captmj/Downloads/New_Dataset/milco_dataset/labels/2018/2018_0522_2018.txt,1,0,0,0
2018,2018_0523_2018.jpg,/Users/captmj/Downloads/New_Dataset/2018/0523_2018.jpg,/Users/captmj/Downloads/New_Dataset/milco_dataset/images/2018/2018_0523_2018.jpg,/Users/captmj/Downloads/New_Dataset/milco_dataset/labels/2018/2018_0523_2018.txt,1,0,0,0
2018,2018_0524_2018.jpg,/Users/captmj/Downloads/New_Dataset/2018/0524_2018.jpg,/Users/captmj/Downloads/New_Dataset/milco_dataset/images/2018/2018_0524_2018.jpg,/Users/captmj/Downloads/New_Dataset/milco_dataset/labels/2018/2018_0524_2018.txt,1,0,0,0
2018,2018_0525_2018.jpg,/Users/captmj/Downloads/New_Dataset/2018/0525_2018.jpg,/Users/captmj/Downloads/New_Dataset/milco_dataset/images/2018/2018_0525_2018.jpg,/Users/captmj/Downloads/New_Dataset/milco_dataset/labels/2018/2018_0525_2018.txt,1,0,0,0
2018,2018_0526_2018.jpg,/Users/captmj/Downloads/New_Dataset/2018/0526_2018.jpg,/Users/captmj/Downloads/New_Dataset/milco_dataset/images/2018/2018_0526_2018.jpg,/Users/captmj/Downloads/New_Dataset/milco_dataset/labels/2018/2018_0526_2018.txt,1,0,0,0
2018,2018_0527_2018.jpg,/Users/captmj/Downloads/New_Dataset/2018/0527_2018.jpg,/Users/captmj/Downloads/New_Dataset/milco_dataset/images/2018/2018_0527_2018.jpg,/Users/captmj/Downloads/New_Dataset/milco_dataset/labels/2018/2018_0527_2018.txt,1,0,0,0
2018,2018_0528_2018.jpg,/Users/captmj/Downloads/New_Dataset/2018/0528_2018.jpg,/Users/captmj/Downloads/New_Dataset/milco_dataset/images/2018/2018_0528_2018.jpg,/Users/captmj/Downloads/New_Dataset/milco_dataset/labels/2018/2018_0528_2018.txt,1,0,0,0
2018,2018_0529_2018.jpg,/Users/captmj/Downloads/New_Dataset/2018/0529_2018.jpg,/Users/captmj/Downloads/New_Dataset/milco_dataset/images/2018/2018_0529_2018.jpg,/Users/captmj/Downloads/New_Dataset/milco_dataset/labels/2018/2018_0529_2018.txt,1,0,0,0
2018,2018_0530_2018.jpg,/Users/captmj/Downloads/New_Dataset/2018/0530_2018.jpg,/Users/captmj/Downloads/New_Dataset/milco_dataset/images/2018/2018_0530_2018.jpg,/Users/captmj/Downloads/New_Dataset/milco_dataset/labels/2018/2018_0530_2018.txt,1,0,0,0
2018,2018_0531_2018.jpg,/Users/captmj/Downloads/New_Dataset/2018/0531_2018.jpg,/Users/captmj/Downloads/New_Dataset/milco_dataset/images/2018/2018_0531_2018.jpg,/Users/captmj/Downloads/New_Dataset/milco_dataset/labels/2018/2018_0531_2018.txt,1,0,0,0
2018,2018_0532_2018.jpg,/Users/captmj/Downloads/New_Dataset/2018/0532_2018.jpg,/Users/captmj/Downloads/New_Dataset/milco_dataset/images/2018/2018_0532_2018.jpg,/Users/captmj/Downloads/New_Dataset/milco_dataset/labels/2018/2018_0532_2018.txt,1,0,0,0
2018,2018_0533_2018.jpg,/Users/captmj/Downloads/New_Dataset/2018/0533_2018.jpg,/Users/captmj/Downloads/New_Dataset/milco_dataset/images/2018/2018_0533_2018.jpg,/Users/captmj/Downloads/New_Dataset/milco_dataset/labels/2018/2018_0533_2018.txt,1,0,0,0
2018,2018_0534_2018.jpg,/Users/captmj/Downloads/New_Dataset/2018/0534_2018.jpg,/Users/captmj/Downloads/New_Dataset/milco_dataset/images/2018/2018_0534_2018.jpg,/Users/captmj/Downloads/New_Dataset/milco_dataset/labels/2018/2018_0534_2018.txt,1,0,0,0
2018,2018_0535_2018.jpg,/Users/captmj/Downloads/New_Dataset/2018/0535_2018.jpg,/Users/captmj/Downloads/New_Dataset/milco_dataset/images/2018/2018_0535_2018.jpg,/Users/captmj/Downloads/New_Dataset/milco_dataset/labels/2018/2018_0535_2018.txt,1,0,0,0
2018,2018_0536_2018.jpg,/Users/captmj/Downloads/New_Dataset/2018/0536_2018.jpg,/Users/captmj/Downloads/New_Dataset/milco_dataset/images/2018/2018_0536_2018.jpg,/Users/captmj/Downloads/New_Dataset/milco_dataset/labels/2018/2018_0536_2018.txt,1,0,0,0
2018,2018_0537_2018.jpg,/Users/captmj/Downloads/New_Dataset/2018/0537_2018.jpg,/Users/captmj/Downloads/New_Dataset/milco_dataset/images/2018/2018_0537_2018.jpg,/Users/captmj/Downloads/New_Dataset/milco_dataset/labels/2018/2018_0537_2018.txt,1,0,0,0
2018,2018_0538_2018.jpg,/Users/captmj/Downloads/New_Dataset/2018/0538_2018.jpg,/Users/captmj/Downloads/New_Dataset/milco_dataset/images/2018/2018_0538_2018.jpg,/Users/captmj/Downloads/New_Dataset/milco_dataset/labels/2018/2018_0538_2018.txt,1,0,0,0
2018,2018_0539_2018.jpg,/Users/captmj/Downloads/New_Dataset/2018/0539_2018.jpg,/Users/captmj/Downloads/New_Dataset/milco_dataset/images/2018/2018_0539_2018.jpg,/Users/captmj/Downloads/New_Dataset/milco_dataset/labels/2018/2018_0539_2018.txt,1,0,0,0
2018,2018_0540_2018.jpg,/Users/captmj/Downloads/New_Dataset/2018/0540_2018.jpg,/Users/captmj/Downloads/New_Dataset/milco_dataset/images/2018/2018_0540_2018.jpg,/Users/captmj/Downloads/New_Dataset/milco_dataset/labels/2018/2018_0540_2018.txt,1,0,0,0
2018,2018_0541_2018.jpg,/Users/captmj/Downloads/New_Dataset/2018/0541_2018.jpg,/Users/captmj/Downloads/New_Dataset/milco_dataset/images/2018/2018_0541_2018.jpg,/Users/captmj/Downloads/New_Dataset/milco_dataset/labels/2018/2018_0541_2018.txt,1,0,0,0
2018,2018_0542_2018.jpg,/Users/captmj/Downloads/New_Dataset/2018/0542_2018.jpg,/Users/captmj/Downloads/New_Dataset/milco_dataset/images/2018/2018_0542_2018.jpg,/Users/captmj/Downloads/New_Dataset/milco_dataset/labels/2018/2018_0542_2018.txt,1,0,0,0
2018,2018_0543_2018.jpg,/Users/captmj/Downloads/New_Dataset/2018/0543_2018.jpg,/Users/captmj/Downloads/New_Dataset/milco_dataset/images/2018/2018_0543_2018.jpg,/Users/captmj/Downloads/New_Dataset/milco_dataset/labels/2018/2018_0543_2018.txt,1,0,0,0
2018,2018_0544_2018.jpg,/Users/captmj/Downloads/New_Dataset/2018/0544_2018.jpg,/Users/captmj/Downloads/New_Dataset/milco_dataset/images/2018/2018_0544_2018.jpg,/Users/captmj/Downloads/New_Dataset/milco_dataset/labels/2018/2018_0544_2018.txt,1,0,0,0
2018,2018_0545_2018.jpg,/Users/captmj/Downloads/New_Dataset/2018/0545_2018.jpg,/Users/captmj/Downloads/New_Dataset/milco_dataset/images/2018/2018_0545_2018.jpg,/Users/captmj/Downloads/New_Dataset/milco_dataset/labels/2018/2018_0545_2018.txt,1,0,0,0
2018,2018_0546_2018.jpg,/Users/captmj/Downloads/New_Dataset/2018/0546_2018.jpg,/Users/captmj/Downloads/New_Dataset/milco_dataset/images/2018/2018_0546_2018.jpg,/Users/captmj/Downloads/New_Dataset/milco_dataset/labels/2018/2018_0546_2018.txt,1,0,0,0
2018,2018_0547_2018.jpg,/Users/captmj/Downloads/New_Dataset/2018/0547_2018.jpg,/Users/captmj/Downloads/New_Dataset/milco_dataset/images/2018/2018_0547_2018.jpg,/Users/captmj/Downloads/New_Dataset/milco_dataset/labels/2018/2018_0547_2018.txt,1,0,0,0
2018,2018_0548_2018.jpg,/Users/captmj/Downloads/New_Dataset/2018/0548_2018.jpg,/Users/captmj/Downloads/New_Dataset/milco_dataset/images/2018/2018_0548_2018.jpg,/Users/captmj/Downloads/New_Dataset/milco_dataset/labels/2018/2018_0548_2018.txt,1,0,0,0
2018,2018_0549_2018.jpg,/Users/captmj/Downloads/New_Dataset/2018/0549_2018.jpg,/Users/captmj/Downloads/New_Dataset/milco_dataset/images/2018/2018_0549_2018.jpg,/Users/captmj/Downloads/New_Dataset/milco_dataset/labels/2018/2018_0549_2018.txt,1,0,0,0
2018,2018_0550_2018.jpg,/Users/captmj/Downloads/New_Dataset/2018/0550_2018.jpg,/Users/captmj/Downloads/New_Dataset/milco_dataset/images/2018/2018_0550_2018.jpg,/Users/captmj/Downloads/New_Dataset/milco_dataset/labels/2018/2018_0550_2018.txt,1,0,0,0
2018,2018_0551_2018.jpg,/Users/captmj/Downloads/New_Dataset/2018/0551_2018.jpg,/Users/captmj/Downloads/New_Dataset/milco_dataset/images/2018/2018_0551_2018.jpg,/Users/captmj/Downloads/New_Dataset/milco_dataset/labels/2018/2018_0551_2018.txt,1,0,0,0
2018,2018_0552_2018.jpg,/Users/captmj/Downloads/New_Dataset/2018/0552_2018.jpg,/Users/captmj/Downloads/New_Dataset/milco_dataset/images/2018/2018_0552_2018.jpg,/Users/captmj/Downloads/New_Dataset/milco_dataset/labels/2018/2018_0552_2018.txt,1,0,0,0
2018,2018_0553_2018.jpg,/Users/captmj/Downloads/New_Dataset/2018/0553_2018.jpg,/Users/captmj/Downloads/New_Dataset/milco_dataset/images/2018/2018_0553_2018.jpg,/Users/captmj/Downloads/New_Dataset/milco_dataset/labels/2018/2018_0553_2018.txt,1,0,0,0
2018,2018_0554_2018.jpg,/Users/captmj/Downloads/New_Dataset/2018/0554_2018.jpg,/Users/captmj/Downloads/New_Dataset/milco_dataset/images/2018/2018_0554_2018.jpg,/Users/captmj/Downloads/New_Dataset/milco_dataset/labels/2018/2018_0554_2018.txt,1,0,0,0
2018,2018_0555_2018.jpg,/Users/captmj/Downloads/New_Dataset/2018/0555_2018.jpg,/Users/captmj/Downloads/New_Dataset/milco_dataset/images/2018/2018_0555_2018.jpg,/Users/captmj/Downloads/New_Dataset/milco_dataset/labels/2018/2018_0555_2018.txt,1,0,0,0
2018,2018_0556_2018.jpg,/Users/captmj/Downloads/New_Dataset/2018/0556_2018.jpg,/Users/captmj/Downloads/New_Dataset/milco_dataset/images/2018/2018_0556_2018.jpg,/Users/captmj/Downloads/New_Dataset/milco_dataset/labels/2018/2018_0556_2018.txt,1,0,0,0
2018,2018_0557_2018.jpg,/Users/captmj/Downloads/New_Dataset/2018/0557_2018.jpg,/Users/captmj/Downloads/New_Dataset/milco_dataset/images/2018/2018_0557_2018.jpg,/Users/captmj/Downloads/New_Dataset/milco_dataset/labels/2018/2018_0557_2018.txt,1,0,0,0
2018,2018_0558_2018.jpg,/Users/captmj/Downloads/New_Dataset/2018/0558_2018.jpg,/Users/captmj/Downloads/New_Dataset/milco_dataset/images/2018/2018_0558_2018.jpg,/Users/captmj/Downloads/New_Dataset/milco_dataset/labels/2018/2018_0558_2018.txt,1,0,0,0
2018,2018_0559_2018.jpg,/Users/captmj/Downloads/New_Dataset/2018/0559_2018.jpg,/Users/captmj/Downloads/New_Dataset/milco_dataset/images/2018/2018_0559_2018.jpg,/Users/captmj/Downloads/New_Dataset/milco_dataset/labels/2018/2018_0559_2018.txt,1,0,0,0
2018,2018_0560_2018.jpg,/Users/captmj/Downloads/New_Dataset/2018/0560_2018.jpg,/Users/captmj/Downloads/New_Dataset/milco_dataset/images/2018/2018_0560_2018.jpg,/Users/captmj/Downloads/New_Dataset/milco_dataset/labels/2018/2018_0560_2018.txt,1,0,0,0
2018,2018_0561_2018.jpg,/Users/captmj/Downloads/New_Dataset/2018/0561_2018.jpg,/Users/captmj/Downloads/New_Dataset/milco_dataset/images/2018/2018_0561_2018.jpg,/Users/captmj/Downloads/New_Dataset/milco_dataset/labels/2018/2018_0561_2018.txt,1,0,0,0
2018,2018_0562_2018.jpg,/Users/captmj/Downloads/New_Dataset/2018/0562_2018.jpg,/Users/captmj/Downloads/New_Dataset/milco_dataset/images/2018/2018_0562_2018.jpg,/Users/captmj/Downloads/New_Dataset/milco_dataset/labels/2018/2018_0562_2018.txt,1,0,0,0
2018,2018_0563_2018.jpg,/Users/captmj/Downloads/New_Dataset/2018/0563_2018.jpg,/Users/captmj/Downloads/New_Dataset/milco_dataset/images/2018/2018_0563_2018.jpg,/Users/captmj/Downloads/New_Dataset/milco_dataset/labels/2018/2018_0563_2018.txt,1,0,0,0
2018,2018_0564_2018.jpg,/Users/captmj/Downloads/New_Dataset/2018/0564_2018.jpg,/Users/captmj/Downloads/New_Dataset/milco_dataset/images/2018/2018_0564_2018.jpg,/Users/captmj/Downloads/New_Dataset/milco_dataset/labels/2018/2018_0564_2018.txt,1,0,0,0
2021,2021_0001_2021.jpg,/Users/captmj/Downloads/New_Dataset/2021/0001_2021.jpg,/Users/captmj/Downloads/New_Dataset/milco_dataset/images/2021/2021_0001_2021.jpg,/Users/captmj/Downloads/New_Dataset/milco_dataset/labels/2021/2021_0001_2021.txt,0,2,0,2
2021,2021_0002_2021.jpg,/Users/captmj/Downloads/New_Dataset/2021/0002_2021.jpg,/Users/captmj/Downloads/New_Dataset/milco_dataset/images/2021/2021_0002_2021.jpg,/Users/captmj/Downloads/New_Dataset/milco_dataset/labels/2021/2021_0002_2021.txt,1,0,0,0
2021,2021_0003_2021.jpg,/Users/captmj/Downloads/New_Dataset/2021/0003_2021.jpg,/Users/captmj/Downloads/New_Dataset/milco_dataset/images/2021/2021_0003_2021.jpg,/Users/captmj/Downloads/New_Dataset/milco_dataset/labels/2021/2021_0003_2021.txt,0,2,0,2
2021,2021_0004_2021.jpg,/Users/captmj/Downloads/New_Dataset/2021/0004_2021.jpg,/Users/captmj/Downloads/New_Dataset/milco_dataset/images/2021/2021_0004_2021.jpg,/Users/captmj/Downloads/New_Dataset/milco_dataset/labels/2021/2021_0004_2021.txt,1,0,0,0
2021,2021_0005_2021.jpg,/Users/captmj/Downloads/New_Dataset/2021/0005_2021.jpg,/Users/captmj/Downloads/New_Dataset/milco_dataset/images/2021/2021_0005_2021.jpg,/Users/captmj/Downloads/New_Dataset/milco_dataset/labels/2021/2021_0005_2021.txt,1,0,0,0
2021,2021_0006_2021.jpg,/Users/captmj/Downloads/New_Dataset/2021/0006_2021.jpg,/Users/captmj/Downloads/New_Dataset/milco_dataset/images/2021/2021_0006_2021.jpg,/Users/captmj/Downloads/New_Dataset/milco_dataset/labels/2021/2021_0006_2021.txt,1,0,0,0
2021,2021_0007_2021.jpg,/Users/captmj/Downloads/New_Dataset/2021/0007_2021.jpg,/Users/captmj/Downloads/New_Dataset/milco_dataset/images/2021/2021_0007_2021.jpg,/Users/captmj/Downloads/New_Dataset/milco_dataset/labels/2021/2021_0007_2021.txt,0,2,0,2
2021,2021_0008_2021.jpg,/Users/captmj/Downloads/New_Dataset/2021/0008_2021.jpg,/Users/captmj/Downloads/New_Dataset/milco_dataset/images/2021/2021_0008_2021.jpg,/Users/captmj/Downloads/New_Dataset/milco_dataset/labels/2021/2021_0008_2021.txt,0,3,0,3
2021,2021_0009_2021.jpg,/Users/captmj/Downloads/New_Dataset/2021/0009_2021.jpg,/Users/captmj/Downloads/New_Dataset/milco_dataset/images/2021/2021_0009_2021.jpg,/Users/captmj/Downloads/New_Dataset/milco_dataset/labels/2021/2021_0009_2021.txt,0,3,0,3
2021,2021_0010_2021.jpg,/Users/captmj/Downloads/New_Dataset/2021/0010_2021.jpg,/Users/captmj/Downloads/New_Dataset/milco_dataset/images/2021/2021_0010_2021.jpg,/Users/captmj/Downloads/New_Dataset/milco_dataset/labels/2021/2021_0010_2021.txt,0,3,0,3
2021,2021_0011_2021.jpg,/Users/captmj/Downloads/New_Dataset/2021/0011_2021.jpg,/Users/captmj/Downloads/New_Dataset/milco_dataset/images/2021/2021_0011_2021.jpg,/Users/captmj/Downloads/New_Dataset/milco_dataset/labels/2021/2021_0011_2021.txt,0,3,0,3
2021,2021_0012_2021.jpg,/Users/captmj/Downloads/New_Dataset/2021/0012_2021.jpg,/Users/captmj/Downloads/New_Dataset/milco_dataset/images/2021/2021_0012_2021.jpg,/Users/captmj/Downloads/New_Dataset/milco_dataset/labels/2021/2021_0012_2021.txt,0,2,0,2
2021,2021_0013_2021.jpg,/Users/captmj/Downloads/New_Dataset/2021/0013_2021.jpg,/Users/captmj/Downloads/New_Dataset/milco_dataset/images/2021/2021_0013_2021.jpg,/Users/captmj/Downloads/New_Dataset/milco_dataset/labels/2021/2021_0013_2021.txt,0,1,0,1
2021,2021_0014_2021.jpg,/Users/captmj/Downloads/New_Dataset/2021/0014_2021.jpg,/Users/captmj/Downloads/New_Dataset/milco_dataset/images/2021/2021_0014_2021.jpg,/Users/captmj/Downloads/New_Dataset/milco_dataset/labels/2021/2021_0014_2021.txt,1,0,0,0
2021,2021_0015_2021.jpg,/Users/captmj/Downloads/New_Dataset/2021/0015_2021.jpg,/Users/captmj/Downloads/New_Dataset/milco_dataset/images/2021/2021_0015_2021.jpg,/Users/captmj/Downloads/New_Dataset/milco_dataset/labels/2021/2021_0015_2021.txt,0,1,0,1
2021,2021_0016_2021.jpg,/Users/captmj/Downloads/New_Dataset/2021/0016_2021.jpg,/Users/captmj/Downloads/New_Dataset/milco_dataset/images/2021/2021_0016_2021.jpg,/Users/captmj/Downloads/New_Dataset/milco_dataset/labels/2021/2021_0016_2021.txt,0,2,0,2
2021,2021_0017_2021.jpg,/Users/captmj/Downloads/New_Dataset/2021/0017_2021.jpg,/Users/captmj/Downloads/New_Dataset/milco_dataset/images/2021/2021_0017_2021.jpg,/Users/captmj/Downloads/New_Dataset/milco_dataset/labels/2021/2021_0017_2021.txt,1,0,0,0
2021,2021_0018_2021.jpg,/Users/captmj/Downloads/New_Dataset/2021/0018_2021.jpg,/Users/captmj/Downloads/New_Dataset/milco_dataset/images/2021/2021_0018_2021.jpg,/Users/captmj/Downloads/New_Dataset/milco_dataset/labels/2021/2021_0018_2021.txt,0,1,0,1
2021,2021_0019_2021.jpg,/Users/captmj/Downloads/New_Dataset/2021/0019_2021.jpg,/Users/captmj/Downloads/New_Dataset/milco_dataset/images/2021/2021_0019_2021.jpg,/Users/captmj/Downloads/New_Dataset/milco_dataset/labels/2021/2021_0019_2021.txt,0,1,0,1
2021,2021_0020_2021.jpg,/Users/captmj/Downloads/New_Dataset/2021/0020_2021.jpg,/Users/captmj/Downloads/New_Dataset/milco_dataset/images/2021/2021_0020_2021.jpg,/Users/captmj/Downloads/New_Dataset/milco_dataset/labels/2021/2021_0020_2021.txt,0,2,0,2
2021,2021_0021_2021.jpg,/Users/captmj/Downloads/New_Dataset/2021/0021_2021.jpg,/Users/captmj/Downloads/New_Dataset/milco_dataset/images/2021/2021_0021_2021.jpg,/Users/captmj/Downloads/New_Dataset/milco_dataset/labels/2021/2021_0021_2021.txt,0,1,0,1
2021,2021_0022_2021.jpg,/Users/captmj/Downloads/New_Dataset/2021/0022_2021.jpg,/Users/captmj/Downloads/New_Dataset/milco_dataset/images/2021/2021_0022_2021.jpg,/Users/captmj/Downloads/New_Dataset/milco_dataset/labels/2021/2021_0022_2021.txt,1,0,0,0
2021,2021_0023_2021.jpg,/Users/captmj/Downloads/New_Dataset/2021/0023_2021.jpg,/Users/captmj/Downloads/New_Dataset/milco_dataset/images/2021/2021_0023_2021.jpg,/Users/captmj/Downloads/New_Dataset/milco_dataset/labels/2021/2021_0023_2021.txt,0,1,0,1
2021,2021_0024_2021.jpg,/Users/captmj/Downloads/New_Dataset/2021/0024_2021.jpg,/Users/captmj/Downloads/New_Dataset/milco_dataset/images/2021/2021_0024_2021.jpg,/Users/captmj/Downloads/New_Dataset/milco_dataset/labels/2021/2021_0024_2021.txt,0,1,0,1
2021,2021_0025_2021.jpg,/Users/captmj/Downloads/New_Dataset/2021/0025_2021.jpg,/Users/captmj/Downloads/New_Dataset/milco_dataset/images/2021/2021_0025_2021.jpg,/Users/captmj/Downloads/New_Dataset/milco_dataset/labels/2021/2021_0025_2021.txt,1,0,0,0
2021,2021_0026_2021.jpg,/Users/captmj/Downloads/New_Dataset/2021/0026_2021.jpg,/Users/captmj/Downloads/New_Dataset/milco_dataset/images/2021/2021_0026_2021.jpg,/Users/captmj/Downloads/New_Dataset/milco_dataset/labels/2021/2021_0026_2021.txt,0,1,0,1
2021,2021_0027_2021.jpg,/Users/captmj/Downloads/New_Dataset/2021/0027_2021.jpg,/Users/captmj/Downloads/New_Dataset/milco_dataset/images/2021/2021_0027_2021.jpg,/Users/captmj/Downloads/New_Dataset/milco_dataset/labels/2021/2021_0027_2021.txt,0,1,0,1
2021,2021_0028_2021.jpg,/Users/captmj/Downloads/New_Dataset/2021/0028_2021.jpg,/Users/captmj/Downloads/New_Dataset/milco_dataset/images/2021/2021_0028_2021.jpg,/Users/captmj/Downloads/New_Dataset/milco_dataset/labels/2021/2021_0028_2021.txt,0,1,0,1
2021,2021_0029_2021.jpg,/Users/captmj/Downloads/New_Dataset/2021/0029_2021.jpg,/Users/captmj/Downloads/New_Dataset/milco_dataset/images/2021/2021_0029_2021.jpg,/Users/captmj/Downloads/New_Dataset/milco_dataset/labels/2021/2021_0029_2021.txt,1,0,0,0
2021,2021_0030_2021.jpg,/Users/captmj/Downloads/New_Dataset/2021/0030_2021.jpg,/Users/captmj/Downloads/New_Dataset/milco_dataset/images/2021/2021_0030_2021.jpg,/Users/captmj/Downloads/New_Dataset/milco_dataset/labels/2021/2021_0030_2021.txt,1,0,0,0
2021,2021_0031_2021.jpg,/Users/captmj/Downloads/New_Dataset/2021/0031_2021.jpg,/Users/captmj/Downloads/New_Dataset/milco_dataset/images/2021/2021_0031_2021.jpg,/Users/captmj/Downloads/New_Dataset/milco_dataset/labels/2021/2021_0031_2021.txt,0,1,0,1
2021,2021_0032_2021.jpg,/Users/captmj/Downloads/New_Dataset/2021/0032_2021.jpg,/Users/captmj/Downloads/New_Dataset/milco_dataset/images/2021/2021_0032_2021.jpg,/Users/captmj/Downloads/New_Dataset/milco_dataset/labels/2021/2021_0032_2021.txt,0,2,0,2
2021,2021_0033_2021.jpg,/Users/captmj/Downloads/New_Dataset/2021/0033_2021.jpg,/Users/captmj/Downloads/New_Dataset/milco_dataset/images/2021/2021_0033_2021.jpg,/Users/captmj/Downloads/New_Dataset/milco_dataset/labels/2021/2021_0033_2021.txt,1,0,0,0
2021,2021_0034_2021.jpg,/Users/captmj/Downloads/New_Dataset/2021/0034_2021.jpg,/Users/captmj/Downloads/New_Dataset/milco_dataset/images/2021/2021_0034_2021.jpg,/Users/captmj/Downloads/New_Dataset/milco_dataset/labels/2021/2021_0034_2021.txt,0,2,0,2
2021,2021_0035_2021.jpg,/Users/captmj/Downloads/New_Dataset/2021/0035_2021.jpg,/Users/captmj/Downloads/New_Dataset/milco_dataset/images/2021/2021_0035_2021.jpg,/Users/captmj/Downloads/New_Dataset/milco_dataset/labels/2021/2021_0035_2021.txt,0,3,0,3
2021,2021_0036_2021.jpg,/Users/captmj/Downloads/New_Dataset/2021/0036_2021.jpg,/Users/captmj/Downloads/New_Dataset/milco_dataset/images/2021/2021_0036_2021.jpg,/Users/captmj/Downloads/New_Dataset/milco_dataset/labels/2021/2021_0036_2021.txt,1,0,0,0
2021,2021_0037_2021.jpg,/Users/captmj/Downloads/New_Dataset/2021/0037_2021.jpg,/Users/captmj/Downloads/New_Dataset/milco_dataset/images/2021/2021_0037_2021.jpg,/Users/captmj/Downloads/New_Dataset/milco_dataset/labels/2021/2021_0037_2021.txt,0,4,0,4
2021,2021_0038_2021.jpg,/Users/captmj/Downloads/New_Dataset/2021/0038_2021.jpg,/Users/captmj/Downloads/New_Dataset/milco_dataset/images/2021/2021_0038_2021.jpg,/Users/captmj/Downloads/New_Dataset/milco_dataset/labels/2021/2021_0038_2021.txt,1,0,0,0
2021,2021_0039_2021.jpg,/Users/captmj/Downloads/New_Dataset/2021/0039_2021.jpg,/Users/captmj/Downloads/New_Dataset/milco_dataset/images/2021/2021_0039_2021.jpg,/Users/captmj/Downloads/New_Dataset/milco_dataset/labels/2021/2021_0039_2021.txt,1,0,0,0
2021,2021_0040_2021.jpg,/Users/captmj/Downloads/New_Dataset/2021/0040_2021.jpg,/Users/captmj/Downloads/New_Dataset/milco_dataset/images/2021/2021_0040_2021.jpg,/Users/captmj/Downloads/New_Dataset/milco_dataset/labels/2021/2021_0040_2021.txt,0,2,0,2
2021,2021_0041_2021.jpg,/Users/captmj/Downloads/New_Dataset/2021/0041_2021.jpg,/Users/captmj/Downloads/New_Dataset/milco_dataset/images/2021/2021_0041_2021.jpg,/Users/captmj/Downloads/New_Dataset/milco_dataset/labels/2021/2021_0041_2021.txt,0,1,0,1
2021,2021_0042_2021.jpg,/Users/captmj/Downloads/New_Dataset/2021/0042_2021.jpg,/Users/captmj/Downloads/New_Dataset/milco_dataset/images/2021/2021_0042_2021.jpg,/Users/captmj/Downloads/New_Dataset/milco_dataset/labels/2021/2021_0042_2021.txt,1,0,0,0
2021,2021_0043_2021.jpg,/Users/captmj/Downloads/New_Dataset/2021/0043_2021.jpg,/Users/captmj/Downloads/New_Dataset/milco_dataset/images/2021/2021_0043_2021.jpg,/Users/captmj/Downloads/New_Dataset/milco_dataset/labels/2021/2021_0043_2021.txt,1,0,0,0
2021,2021_0044_2021.jpg,/Users/captmj/Downloads/New_Dataset/2021/0044_2021.jpg,/Users/captmj/Downloads/New_Dataset/milco_dataset/images/2021/2021_0044_2021.jpg,/Users/captmj/Downloads/New_Dataset/milco_dataset/labels/2021/2021_0044_2021.txt,1,0,0,0
2021,2021_0045_2021.jpg,/Users/captmj/Downloads/New_Dataset/2021/0045_2021.jpg,/Users/captmj/Downloads/New_Dataset/milco_dataset/images/2021/2021_0045_2021.jpg,/Users/captmj/Downloads/New_Dataset/milco_dataset/labels/2021/2021_0045_2021.txt,1,0,0,0
2021,2021_0046_2021.jpg,/Users/captmj/Downloads/New_Dataset/2021/0046_2021.jpg,/Users/captmj/Downloads/New_Dataset/milco_dataset/images/2021/2021_0046_2021.jpg,/Users/captmj/Downloads/New_Dataset/milco_dataset/labels/2021/2021_0046_2021.txt,1,0,0,0
2021,2021_0047_2021.jpg,/Users/captmj/Downloads/New_Dataset/2021/0047_2021.jpg,/Users/captmj/Downloads/New_Dataset/milco_dataset/images/2021/2021_0047_2021.jpg,/Users/captmj/Downloads/New_Dataset/milco_dataset/labels/2021/2021_0047_2021.txt,1,0,0,0
2021,2021_0048_2021.jpg,/Users/captmj/Downloads/New_Dataset/2021/0048_2021.jpg,/Users/captmj/Downloads/New_Dataset/milco_dataset/images/2021/2021_0048_2021.jpg,/Users/captmj/Downloads/New_Dataset/milco_dataset/labels/2021/2021_0048_2021.txt,1,0,0,0
