YEAR,IMAGE_NAME,CLASS_ID,CLASS_NAME,IMG_WIDTH,IMG_HEIGHT,IMG_AREA,BBOX_WIDTH,BBOX_HEIGHT,BBOX_AREA,WIDTH_RATIO,HEIGHT_RATIO,AREA_RATIO,AREA_PCT,ASPECT_RATIO,SIZE_CATEGORY,SIZE_CATEGORY_640
2010,2010_0061_2010.jpg,1,NOMBO,416,416,173056.0,14.5,14.0,203.0,0.03485576923076923,0.03365384615384615,0.0011730306952662721,0.11730306952662721,1.0357142857142858,Tiny (<16² px),Small (16²–32² px)
2010,2010_0062_2010.jpg,1,NOMBO,1024,1024,1048576.0,36.0,34.0,1224.0,0.03515625,0.033203125,0.00116729736328125,0.116729736328125,1.0588235294117647,Medium (32²–96² px),Small (16²–32² px)
2010,2010_0063_2010.jpg,0,MILCO,1024,1024,1048576.0,19.0,32.0,608.0,0.0185546875,0.03125,0.000579833984375,0.0579833984375,0.59375,Small (16²–32² px),Tiny (<16² px)
2010,2010_0207_2010.jpg,0,MILCO,1024,1024,1048576.0,25.0,24.0,600.0,0.0244140625,0.0234375,0.00057220458984375,0.057220458984375,1.0416666666666667,Small (16²–32² px),Tiny (<16² px)
2010,2010_0208_2010.jpg,0,MILCO,416,416,173056.0,10.0,10.0,100.0,0.02403846153846154,0.02403846153846154,0.0005778476331360947,0.05778476331360947,1.0,Tiny (<16² px),Tiny (<16² px)
2010,2010_0256_2010.jpg,0,MILCO,416,416,173056.0,29.0,11.5,333.5,0.06971153846153846,0.027644230769230768,0.0019271218565088757,0.19271218565088757,2.5217391304347827,Small (16²–32² px),Small (16²–32² px)
2010,2010_0256_2010.jpg,0,MILCO,416,416,173056.0,33.0,14.0,462.0,0.07932692307692307,0.03365384615384615,0.0026696560650887576,0.26696560650887574,2.357142857142857,Small (16²–32² px),Medium (32²–96² px)
2010,2010_0257_2010.jpg,0,MILCO,1024,1024,1048576.0,71.0,28.0,1988.0,0.0693359375,0.02734375,0.001895904541015625,0.1895904541015625,2.5357142857142856,Medium (32²–96² px),Small (16²–32² px)
2010,2010_0257_2010.jpg,0,MILCO,1024,1024,1048576.0,81.0,34.0,2754.0,0.0791015625,0.033203125,0.0026264190673828125,0.26264190673828125,2.3823529411764706,Medium (32²–96² px),Medium (32²–96² px)
2010,2010_0284_2010.jpg,0,MILCO,1024,1024,1048576.0,92.0,31.0,2852.0,0.08984375,0.0302734375,0.002719879150390625,0.2719879150390625,2.967741935483871,Medium (32²–96² px),Medium (32²–96² px)
2010,2010_0299_2010.jpg,0,MILCO,416,416,173056.0,39.0,14.5,565.5,0.09375,0.03485576923076923,0.0032677283653846155,0.32677283653846156,2.689655172413793,Small (16²–32² px),Medium (32²–96² px)
2010,2010_0300_2010.jpg,0,MILCO,1024,1024,1048576.0,96.0,36.0,3456.0,0.09375,0.03515625,0.0032958984375,0.32958984375,2.6666666666666665,Medium (32²–96² px),Medium (32²–96² px)
2010,2010_0302_2010.jpg,0,MILCO,1024,1024,1048576.0,140.0,41.0,5740.0,0.13671875,0.0400390625,0.005474090576171875,0.5474090576171875,3.4146341463414633,Medium (32²–96² px),Medium (32²–96² px)
2010,2010_0305_2010.jpg,0,MILCO,1024,1024,1048576.0,76.0,31.0,2356.0,0.07421875,0.0302734375,0.002246856689453125,0.2246856689453125,2.4516129032258065,Medium (32²–96² px),Small (16²–32² px)
2010,2010_0307_2010.jpg,0,MILCO,1024,1024,1048576.0,62.0,26.0,1612.0,0.060546875,0.025390625,0.001537322998046875,0.1537322998046875,2.3846153846153846,Medium (32²–96² px),Small (16²–32² px)
2010,2010_0313_2010.jpg,1,NOMBO,416,416,173056.0,23.0,10.5,241.5,0.055288461538461536,0.025240384615384616,0.0013955020340236687,0.13955020340236687,2.1904761904761907,Tiny (<16² px),Small (16²–32² px)
2010,2010_0314_2010.jpg,1,NOMBO,1024,1024,1048576.0,56.0,26.0,1456.0,0.0546875,0.025390625,0.0013885498046875,0.13885498046875,2.1538461538461537,Medium (32²–96² px),Small (16²–32² px)
2010,2010_0315_2010.jpg,1,NOMBO,1024,1024,1048576.0,56.0,26.0,1456.0,0.0546875,0.025390625,0.0013885498046875,0.13885498046875,2.1538461538461537,Medium (32²–96² px),Small (16²–32² px)
2010,2010_0315_2010.jpg,0,MILCO,1024,1024,1048576.0,55.0,29.0,1595.0,0.0537109375,0.0283203125,0.0015211105346679688,0.15211105346679688,1.896551724137931,Medium (32²–96² px),Small (16²–32² px)
2010,2010_0316_2010.jpg,1,NOMBO,416,416,173056.0,23.0,10.5,241.5,0.055288461538461536,0.025240384615384616,0.0013955020340236687,0.13955020340236687,2.1904761904761907,Tiny (<16² px),Small (16²–32² px)
2010,2010_0316_2010.jpg,0,MILCO,416,416,173056.0,22.5,12.0,270.0,0.054086538461538464,0.028846153846153848,0.0015601886094674556,0.15601886094674555,1.875,Small (16²–32² px),Small (16²–32² px)
2010,2010_0317_2010.jpg,1,NOMBO,1024,1024,1048576.0,152.0,26.0,3952.0,0.1484375,0.025390625,0.0037689208984375,0.37689208984375,5.846153846153846,Medium (32²–96² px),Medium (32²–96² px)
2010,2010_0318_2010.jpg,1,NOMBO,416,416,173056.0,62.0,10.5,651.0,0.14903846153846154,0.025240384615384616,0.0037617880917159762,0.37617880917159763,5.904761904761905,Small (16²–32² px),Medium (32²–96² px)
2010,2010_0322_2010.jpg,0,MILCO,1024,1024,1048576.0,72.0,44.0,3168.0,0.0703125,0.04296875,0.003021240234375,0.3021240234375,1.6363636363636365,Medium (32²–96² px),Medium (32²–96² px)
2010,2010_0324_2010.jpg,0,MILCO,1024,1024,1048576.0,58.0,29.0,1682.0,0.056640625,0.0283203125,0.0016040802001953125,0.16040802001953125,2.0,Medium (32²–96² px),Small (16²–32² px)
2010,2010_0324_2010.jpg,1,NOMBO,1024,1024,1048576.0,103.0,38.0,3914.0,0.1005859375,0.037109375,0.0037326812744140625,0.37326812744140625,2.710526315789474,Medium (32²–96² px),Medium (32²–96² px)
2010,2010_0325_2010.jpg,0,MILCO,416,416,173056.0,23.5,12.0,282.0,0.056490384615384616,0.028846153846153848,0.001629530325443787,0.1629530325443787,1.9583333333333333,Small (16²–32² px),Small (16²–32² px)
2010,2010_0325_2010.jpg,1,NOMBO,416,416,173056.0,42.0,15.5,651.0,0.10096153846153846,0.037259615384615384,0.0037617880917159762,0.37617880917159763,2.7096774193548385,Small (16²–32² px),Medium (32²–96² px)
2010,2010_0327_2010.jpg,1,NOMBO,1024,1024,1048576.0,151.0,44.0,6644.0,0.1474609375,0.04296875,0.006336212158203125,0.6336212158203125,3.4318181818181817,Medium (32²–96² px),Medium (32²–96² px)
2010,2010_0328_2010.jpg,1,NOMBO,416,416,173056.0,61.5,18.0,1107.0,0.14783653846153846,0.04326923076923077,0.006396773298816568,0.6396773298816568,3.4166666666666665,Medium (32²–96² px),Medium (32²–96² px)
2010,2010_0338_2010.jpg,0,MILCO,416,416,173056.0,22.5,10.5,236.25,0.054086538461538464,0.025240384615384616,0.0013651650332840238,0.13651650332840237,2.142857142857143,Tiny (<16² px),Small (16²–32² px)
2010,2010_0339_2010.jpg,0,MILCO,1024,1024,1048576.0,55.0,26.0,1430.0,0.0537109375,0.025390625,0.0013637542724609375,0.13637542724609375,2.1153846153846154,Medium (32²–96² px),Small (16²–32² px)
2010,2010_0342_2010.jpg,0,MILCO,416,416,173056.0,29.0,11.0,319.0,0.06971153846153846,0.026442307692307692,0.001843333949704142,0.1843333949704142,2.6363636363636362,Small (16²–32² px),Small (16²–32² px)
2010,2010_0343_2010.jpg,0,MILCO,1024,1024,1048576.0,72.0,27.0,1944.0,0.0703125,0.0263671875,0.00185394287109375,0.185394287109375,2.6666666666666665,Medium (32²–96² px),Small (16²–32² px)
2015,2015_0001_2015.jpg,0,MILCO,1024,1024,1048576.0,55.0,30.0,1650.0,0.0537109375,0.029296875,0.0015735626220703125,0.15735626220703125,1.8333333333333333,Medium (32²–96² px),Small (16²–32² px)
2015,2015_0001_2015.jpg,1,NOMBO,1024,1024,1048576.0,39.0,56.0,2184.0,0.0380859375,0.0546875,0.00208282470703125,0.208282470703125,0.6964285714285714,Medium (32²–96² px),Small (16²–32² px)
2015,2015_0001_2015.jpg,0,MILCO,1024,1024,1048576.0,22.0,20.0,440.0,0.021484375,0.01953125,0.00041961669921875,0.041961669921875,1.1,Small (16²–32² px),Tiny (<16² px)
2015,2015_0001_2015.jpg,0,MILCO,1024,1024,1048576.0,31.0,20.0,620.0,0.0302734375,0.01953125,0.000591278076171875,0.0591278076171875,1.55,Small (16²–32² px),Tiny (<16² px)
2015,2015_0001_2015.jpg,1,NOMBO,1024,1024,1048576.0,25.0,18.0,450.0,0.0244140625,0.017578125,0.0004291534423828125,0.04291534423828125,1.3888888888888888,Small (16²–32² px),Tiny (<16² px)
2015,2015_0001_2015.jpg,1,NOMBO,1024,1024,1048576.0,49.0,28.0,1372.0,0.0478515625,0.02734375,0.001308441162109375,0.1308441162109375,1.75,Medium (32²–96² px),Small (16²–32² px)
2015,2015_0002_2015.jpg,1,NOMBO,416,416,173056.0,20.0,11.5,230.0,0.04807692307692308,0.027644230769230768,0.0013290495562130178,0.13290495562130178,1.7391304347826086,Tiny (<16² px),Small (16²–32² px)
2015,2015_0002_2015.jpg,1,NOMBO,416,416,173056.0,24.5,14.999999999999998,367.49999999999994,0.05889423076923077,0.036057692307692304,0.0021235900517751474,0.21235900517751474,1.6333333333333335,Small (16²–32² px),Small (16²–32² px)
2015,2015_0002_2015.jpg,0,MILCO,416,416,173056.0,25.0,8.5,212.5,0.06009615384615385,0.020432692307692308,0.0012279262204142013,0.12279262204142012,2.9411764705882355,Tiny (<16² px),Small (16²–32² px)
2015,2015_0002_2015.jpg,0,MILCO,416,416,173056.0,7.499999999999999,4.0,29.999999999999996,0.018028846153846152,0.009615384615384616,0.0001733542899408284,0.01733542899408284,1.8749999999999998,Tiny (<16² px),Tiny (<16² px)
2015,2015_0002_2015.jpg,0,MILCO,416,416,173056.0,7.0,13.0,91.0,0.016826923076923076,0.03125,0.0005258413461538461,0.052584134615384616,0.5384615384615384,Tiny (<16² px),Tiny (<16² px)
2015,2015_0003_2015.jpg,1,NOMBO,1024,1024,1048576.0,49.0,28.0,1372.0,0.0478515625,0.02734375,0.001308441162109375,0.1308441162109375,1.75,Medium (32²–96² px),Small (16²–32² px)
2015,2015_0003_2015.jpg,1,NOMBO,1024,1024,1048576.0,60.0,37.0,2220.0,0.05859375,0.0361328125,0.002117156982421875,0.2117156982421875,1.6216216216216217,Medium (32²–96² px),Small (16²–32² px)
2015,2015_0003_2015.jpg,0,MILCO,1024,1024,1048576.0,62.0,21.0,1302.0,0.060546875,0.0205078125,0.0012416839599609375,0.12416839599609375,2.9523809523809526,Medium (32²–96² px),Small (16²–32² px)
2015,2015_0003_2015.jpg,0,MILCO,1024,1024,1048576.0,18.0,10.0,180.0,0.017578125,0.009765625,0.000171661376953125,0.0171661376953125,1.8,Tiny (<16² px),Tiny (<16² px)
2015,2015_0003_2015.jpg,0,MILCO,1024,1024,1048576.0,17.0,32.0,544.0,0.0166015625,0.03125,0.000518798828125,0.0518798828125,0.53125,Small (16²–32² px),Tiny (<16² px)
2015,2015_0004_2015.jpg,0,MILCO,1024,1024,1048576.0,54.0,28.0,1512.0,0.052734375,0.02734375,0.00144195556640625,0.144195556640625,1.9285714285714286,Medium (32²–96² px),Small (16²–32² px)
2015,2015_0004_2015.jpg,0,MILCO,1024,1024,1048576.0,51.0,23.0,1173.0,0.0498046875,0.0224609375,0.0011186599731445312,0.11186599731445312,2.217391304347826,Medium (32²–96² px),Small (16²–32² px)
2015,2015_0004_2015.jpg,0,MILCO,1024,1024,1048576.0,60.0,37.0,2220.0,0.05859375,0.0361328125,0.002117156982421875,0.2117156982421875,1.6216216216216217,Medium (32²–96² px),Small (16²–32² px)
2015,2015_0004_2015.jpg,1,NOMBO,1024,1024,1048576.0,49.0,70.0,3430.0,0.0478515625,0.068359375,0.0032711029052734375,0.32711029052734375,0.7,Medium (32²–96² px),Medium (32²–96² px)
2015,2015_0004_2015.jpg,0,MILCO,1024,1024,1048576.0,22.0,20.0,440.0,0.021484375,0.01953125,0.00041961669921875,0.041961669921875,1.1,Small (16²–32² px),Tiny (<16² px)
2015,2015_0005_2015.jpg,0,MILCO,416,416,173056.0,22.0,11.5,253.0,0.052884615384615384,0.027644230769230768,0.0014619545118343196,0.14619545118343197,1.9130434782608696,Tiny (<16² px),Small (16²–32² px)
2015,2015_0005_2015.jpg,0,MILCO,416,416,173056.0,20.5,9.5,194.75,0.04927884615384615,0.02283653846153846,0.0011253582655325444,0.11253582655325445,2.1578947368421053,Tiny (<16² px),Small (16²–32² px)
2015,2015_0005_2015.jpg,0,MILCO,416,416,173056.0,24.5,14.999999999999998,367.49999999999994,0.05889423076923077,0.036057692307692304,0.0021235900517751474,0.21235900517751474,1.6333333333333335,Small (16²–32² px),Small (16²–32² px)
2015,2015_0005_2015.jpg,1,NOMBO,416,416,173056.0,20.0,28.500000000000004,570.0000000000001,0.04807692307692308,0.06850961538461539,0.0032937315088757404,0.329373150887574,0.7017543859649122,Small (16²–32² px),Medium (32²–96² px)
2015,2015_0005_2015.jpg,0,MILCO,416,416,173056.0,9.0,8.0,72.0,0.021634615384615384,0.019230769230769232,0.0004160502958579882,0.04160502958579882,1.125,Tiny (<16² px),Tiny (<16² px)
2015,2015_0006_2015.jpg,0,MILCO,1024,1024,1048576.0,15.0,17.0,255.0,0.0146484375,0.0166015625,0.00024318695068359375,0.024318695068359375,0.8823529411764706,Tiny (<16² px),Tiny (<16² px)
2015,2015_0006_2015.jpg,1,NOMBO,1024,1024,1048576.0,35.0,25.0,875.0,0.0341796875,0.0244140625,0.0008344650268554688,0.08344650268554688,1.4,Small (16²–32² px),Small (16²–32² px)
2015,2015_0006_2015.jpg,1,NOMBO,1024,1024,1048576.0,48.0,19.0,912.0,0.046875,0.0185546875,0.0008697509765625,0.08697509765625,2.526315789473684,Small (16²–32² px),Small (16²–32² px)
2015,2015_0007_2015.jpg,0,MILCO,1024,1024,1048576.0,29.0,19.0,551.0,0.0283203125,0.0185546875,0.0005254745483398438,0.052547454833984375,1.5263157894736843,Small (16²–32² px),Tiny (<16² px)
2015,2015_0007_2015.jpg,0,MILCO,1024,1024,1048576.0,92.0,26.0,2392.0,0.08984375,0.025390625,0.00228118896484375,0.228118896484375,3.5384615384615383,Medium (32²–96² px),Small (16²–32² px)
2015,2015_0007_2015.jpg,0,MILCO,1024,1024,1048576.0,57.0,28.0,1596.0,0.0556640625,0.02734375,0.001522064208984375,0.1522064208984375,2.0357142857142856,Medium (32²–96² px),Small (16²–32² px)
2015,2015_0007_2015.jpg,0,MILCO,1024,1024,1048576.0,49.0,26.0,1274.0,0.0478515625,0.025390625,0.0012149810791015625,0.12149810791015625,1.8846153846153846,Medium (32²–96² px),Small (16²–32² px)
2015,2015_0007_2015.jpg,0,MILCO,1024,1024,1048576.0,27.0,22.0,594.0,0.0263671875,0.021484375,0.0005664825439453125,0.05664825439453125,1.2272727272727273,Small (16²–32² px),Tiny (<16² px)
2015,2015_0007_2015.jpg,0,MILCO,1024,1024,1048576.0,24.0,31.0,744.0,0.0234375,0.0302734375,0.00070953369140625,0.070953369140625,0.7741935483870968,Small (16²–32² px),Small (16²–32² px)
2015,2015_0007_2015.jpg,0,MILCO,1024,1024,1048576.0,19.0,16.0,304.0,0.0185546875,0.015625,0.0002899169921875,0.02899169921875,1.1875,Small (16²–32² px),Tiny (<16² px)
2015,2015_0008_2015.jpg,0,MILCO,416,416,173056.0,12.0,7.499999999999999,89.99999999999999,0.028846153846153848,0.018028846153846152,0.0005200628698224852,0.05200628698224852,1.6,Tiny (<16² px),Tiny (<16² px)
2015,2015_0008_2015.jpg,0,MILCO,416,416,173056.0,37.5,10.5,393.75,0.09014423076923077,0.025240384615384616,0.0022752750554733726,0.22752750554733725,3.5714285714285716,Small (16²–32² px),Small (16²–32² px)
2015,2015_0008_2015.jpg,0,MILCO,416,416,173056.0,23.0,11.5,264.5,0.055288461538461536,0.027644230769230768,0.0015284069896449705,0.15284069896449706,2.0,Small (16²–32² px),Small (16²–32² px)
2015,2015_0008_2015.jpg,0,MILCO,416,416,173056.0,20.0,10.5,210.0,0.04807692307692308,0.025240384615384616,0.0012134800295857987,0.12134800295857988,1.9047619047619047,Tiny (<16² px),Small (16²–32² px)
2015,2015_0008_2015.jpg,0,MILCO,416,416,173056.0,11.0,9.0,99.0,0.026442307692307692,0.021634615384615384,0.0005720691568047337,0.05720691568047337,1.2222222222222223,Tiny (<16² px),Tiny (<16² px)
2015,2015_0008_2015.jpg,0,MILCO,416,416,173056.0,10.0,12.5,125.0,0.02403846153846154,0.030048076923076924,0.0007223095414201183,0.07223095414201183,0.8,Tiny (<16² px),Small (16²–32² px)
2015,2015_0008_2015.jpg,0,MILCO,416,416,173056.0,7.499999999999999,6.5,48.74999999999999,0.018028846153846152,0.015625,0.00028170072115384613,0.028170072115384612,1.1538461538461537,Tiny (<16² px),Tiny (<16² px)
2015,2015_0009_2015.jpg,1,NOMBO,1024,1024,1048576.0,51.0,28.0,1428.0,0.0498046875,0.02734375,0.001361846923828125,0.1361846923828125,1.8214285714285714,Medium (32²–96² px),Small (16²–32² px)
2015,2015_0009_2015.jpg,0,MILCO,1024,1024,1048576.0,14.0,21.0,294.0,0.013671875,0.0205078125,0.0002803802490234375,0.02803802490234375,0.6666666666666666,Small (16²–32² px),Tiny (<16² px)
2015,2015_0009_2015.jpg,1,NOMBO,1024,1024,1048576.0,51.0,30.0,1530.0,0.0498046875,0.029296875,0.0014591217041015625,0.14591217041015625,1.7,Medium (32²–96² px),Small (16²–32² px)
2015,2015_0009_2015.jpg,0,MILCO,1024,1024,1048576.0,49.0,14.0,686.0,0.0478515625,0.013671875,0.0006542205810546875,0.06542205810546875,3.5,Small (16²–32² px),Small (16²–32² px)
2015,2015_0009_2015.jpg,1,NOMBO,1024,1024,1048576.0,36.0,24.0,864.0,0.03515625,0.0234375,0.000823974609375,0.0823974609375,1.5,Small (16²–32² px),Small (16²–32² px)
2015,2015_0009_2015.jpg,0,MILCO,1024,1024,1048576.0,26.0,25.0,650.0,0.025390625,0.0244140625,0.0006198883056640625,0.06198883056640625,1.04,Small (16²–32² px),Tiny (<16² px)
2015,2015_0010_2015.jpg,1,NOMBO,416,416,173056.0,20.5,11.5,235.75,0.04927884615384615,0.027644230769230768,0.0013622757951183432,0.1362275795118343,1.7826086956521738,Tiny (<16² px),Small (16²–32² px)
2015,2015_0010_2015.jpg,0,MILCO,416,416,173056.0,5.5,8.5,46.75,0.013221153846153846,0.020432692307692308,0.0002701437684911243,0.02701437684911243,0.6470588235294118,Tiny (<16² px),Tiny (<16² px)
2015,2015_0010_2015.jpg,1,NOMBO,416,416,173056.0,20.5,12.0,246.0,0.04927884615384615,0.028846153846153848,0.001421505177514793,0.1421505177514793,1.7083333333333333,Tiny (<16² px),Small (16²–32² px)
2015,2015_0010_2015.jpg,0,MILCO,416,416,173056.0,20.0,5.5,110.0,0.04807692307692308,0.013221153846153846,0.0006356323964497041,0.06356323964497042,3.6363636363636362,Tiny (<16² px),Small (16²–32² px)
2015,2015_0010_2015.jpg,1,NOMBO,416,416,173056.0,14.5,10.0,145.0,0.03485576923076923,0.02403846153846154,0.0008378790680473373,0.08378790680473373,1.45,Tiny (<16² px),Small (16²–32² px)
2015,2015_0010_2015.jpg,0,MILCO,416,416,173056.0,10.5,10.0,105.0,0.025240384615384616,0.02403846153846154,0.0006067400147928994,0.06067400147928994,1.05,Tiny (<16² px),Tiny (<16² px)
2015,2015_0011_2015.jpg,0,MILCO,1024,1024,1048576.0,81.0,26.0,2106.0,0.0791015625,0.025390625,0.0020084381103515625,0.20084381103515625,3.1153846153846154,Medium (32²–96² px),Small (16²–32² px)
2015,2015_0011_2015.jpg,0,MILCO,1024,1024,1048576.0,51.0,31.0,1581.0,0.0498046875,0.0302734375,0.0015077590942382812,0.15077590942382812,1.6451612903225807,Medium (32²–96² px),Small (16²–32² px)
2015,2015_0012_2015.jpg,0,MILCO,416,416,173056.0,33.0,10.5,346.5,0.07932692307692307,0.025240384615384616,0.002002242048816568,0.2002242048816568,3.142857142857143,Small (16²–32² px),Small (16²–32² px)
2015,2015_0012_2015.jpg,0,MILCO,416,416,173056.0,20.5,12.5,256.25,0.04927884615384615,0.030048076923076924,0.0014807345599112426,0.14807345599112426,1.64,Small (16²–32² px),Small (16²–32² px)
2015,2015_0013_2015.jpg,0,MILCO,1024,1024,1048576.0,44.0,31.0,1364.0,0.04296875,0.0302734375,0.001300811767578125,0.1300811767578125,1.4193548387096775,Medium (32²–96² px),Small (16²–32² px)
2015,2015_0013_2015.jpg,1,NOMBO,1024,1024,1048576.0,41.0,64.0,2624.0,0.0400390625,0.0625,0.00250244140625,0.250244140625,0.640625,Medium (32²–96² px),Medium (32²–96² px)
2015,2015_0013_2015.jpg,1,NOMBO,1024,1024,1048576.0,109.0,44.0,4796.0,0.1064453125,0.04296875,0.004573822021484375,0.4573822021484375,2.477272727272727,Medium (32²–96² px),Medium (32²–96² px)
2015,2015_0013_2015.jpg,1,NOMBO,1024,1024,1048576.0,19.0,18.0,342.0,0.0185546875,0.017578125,0.0003261566162109375,0.03261566162109375,1.0555555555555556,Small (16²–32² px),Tiny (<16² px)
2015,2015_0013_2015.jpg,1,NOMBO,1024,1024,1048576.0,52.0,42.0,2184.0,0.05078125,0.041015625,0.00208282470703125,0.208282470703125,1.2380952380952381,Medium (32²–96² px),Small (16²–32² px)
2015,2015_0014_2015.jpg,0,MILCO,416,416,173056.0,18.0,12.5,225.0,0.04326923076923077,0.030048076923076924,0.001300157174556213,0.1300157174556213,1.44,Tiny (<16² px),Small (16²–32² px)
2015,2015_0014_2015.jpg,1,NOMBO,416,416,173056.0,16.5,26.0,429.0,0.039663461538461536,0.0625,0.002478966346153846,0.2478966346153846,0.6346153846153846,Small (16²–32² px),Small (16²–32² px)
2015,2015_0014_2015.jpg,1,NOMBO,416,416,173056.0,44.5,18.0,801.0,0.10697115384615384,0.04326923076923077,0.004628559541420118,0.4628559541420118,2.4722222222222223,Small (16²–32² px),Medium (32²–96² px)
2015,2015_0014_2015.jpg,1,NOMBO,416,416,173056.0,7.499999999999999,7.499999999999999,56.249999999999986,0.018028846153846152,0.018028846153846152,0.0003250392936390532,0.032503929363905316,1.0,Tiny (<16² px),Tiny (<16² px)
2015,2015_0014_2015.jpg,1,NOMBO,416,416,173056.0,21.0,17.0,357.0,0.05048076923076923,0.040865384615384616,0.002062916050295858,0.2062916050295858,1.2352941176470589,Small (16²–32² px),Small (16²–32² px)
2015,2015_0015_2015.jpg,1,NOMBO,1024,1024,1048576.0,51.0,33.0,1683.0,0.0498046875,0.0322265625,0.0016050338745117188,0.16050338745117188,1.5454545454545454,Medium (32²–96² px),Small (16²–32² px)
2015,2015_0015_2015.jpg,0,MILCO,1024,1024,1048576.0,62.0,24.0,1488.0,0.060546875,0.0234375,0.0014190673828125,0.14190673828125,2.5833333333333335,Medium (32²–96² px),Small (16²–32² px)
2015,2015_0015_2015.jpg,0,MILCO,1024,1024,1048576.0,49.0,26.0,1274.0,0.0478515625,0.025390625,0.0012149810791015625,0.12149810791015625,1.8846153846153846,Medium (32²–96² px),Small (16²–32² px)
2015,2015_0016_2015.jpg,1,NOMBO,416,416,173056.0,20.5,13.500000000000002,276.75000000000006,0.04927884615384615,0.03245192307692308,0.0015991933247041423,0.15991933247041423,1.5185185185185184,Small (16²–32² px),Small (16²–32² px)
2015,2015_0016_2015.jpg,0,MILCO,416,416,173056.0,25.0,10.0,250.0,0.06009615384615385,0.02403846153846154,0.0014446190828402367,0.14446190828402367,2.5,Tiny (<16² px),Small (16²–32² px)
2015,2015_0016_2015.jpg,0,MILCO,416,416,173056.0,20.0,10.5,210.0,0.04807692307692308,0.025240384615384616,0.0012134800295857987,0.12134800295857988,1.9047619047619047,Tiny (<16² px),Small (16²–32² px)
2015,2015_0017_2015.jpg,1,NOMBO,1024,1024,1048576.0,39.0,15.0,585.0,0.0380859375,0.0146484375,0.0005578994750976562,0.055789947509765625,2.6,Small (16²–32² px),Tiny (<16² px)
2015,2015_0017_2015.jpg,1,NOMBO,1024,1024,1048576.0,51.0,63.0,3213.0,0.0498046875,0.0615234375,0.0030641555786132812,0.3064155578613281,0.8095238095238095,Medium (32²–96² px),Medium (32²–96² px)
2015,2015_0017_2015.jpg,0,MILCO,1024,1024,1048576.0,56.0,49.0,2744.0,0.0546875,0.0478515625,0.00261688232421875,0.261688232421875,1.1428571428571428,Medium (32²–96² px),Medium (32²–96² px)
2015,2015_0018_2015.jpg,1,NOMBO,416,416,173056.0,16.0,6.0,96.0,0.038461538461538464,0.014423076923076924,0.0005547337278106509,0.05547337278106509,2.6666666666666665,Tiny (<16² px),Tiny (<16² px)
2015,2015_0018_2015.jpg,1,NOMBO,416,416,173056.0,20.5,25.5,522.75,0.04927884615384615,0.06129807692307692,0.003020698502218935,0.3020698502218935,0.803921568627451,Small (16²–32² px),Medium (32²–96² px)
2015,2015_0018_2015.jpg,0,MILCO,416,416,173056.0,23.0,20.0,460.0,0.055288461538461536,0.04807692307692308,0.0026580991124260356,0.26580991124260356,1.15,Small (16²–32² px),Medium (32²–96² px)
2015,2015_0019_2015.jpg,0,MILCO,1024,1024,1048576.0,83.0,23.0,1909.0,0.0810546875,0.0224609375,0.0018205642700195312,0.18205642700195312,3.608695652173913,Medium (32²–96² px),Small (16²–32² px)
2015,2015_0019_2015.jpg,1,NOMBO,1024,1024,1048576.0,42.0,35.0,1470.0,0.041015625,0.0341796875,0.0014019012451171875,0.14019012451171875,1.2,Medium (32²–96² px),Small (16²–32² px)
2015,2015_0020_2015.jpg,0,MILCO,416,416,173056.0,33.5,9.5,318.25,0.08052884615384616,0.02283653846153846,0.0018390000924556212,0.18390000924556213,3.526315789473684,Small (16²–32² px),Small (16²–32² px)
2015,2015_0020_2015.jpg,1,NOMBO,416,416,173056.0,17.0,14.0,238.0,0.040865384615384616,0.03365384615384615,0.0013752773668639054,0.13752773668639054,1.2142857142857142,Tiny (<16² px),Small (16²–32² px)
2015,2015_0021_2015.jpg,0,MILCO,1024,1024,1048576.0,56.0,49.0,2744.0,0.0546875,0.0478515625,0.00261688232421875,0.261688232421875,1.1428571428571428,Medium (32²–96² px),Medium (32²–96² px)
2015,2015_0021_2015.jpg,0,MILCO,1024,1024,1048576.0,55.0,30.0,1650.0,0.0537109375,0.029296875,0.0015735626220703125,0.15735626220703125,1.8333333333333333,Medium (32²–96² px),Small (16²–32² px)
2015,2015_0021_2015.jpg,0,MILCO,1024,1024,1048576.0,64.0,28.0,1792.0,0.0625,0.02734375,0.001708984375,0.1708984375,2.2857142857142856,Medium (32²–96² px),Small (16²–32² px)
2015,2015_0021_2015.jpg,0,MILCO,1024,1024,1048576.0,40.0,24.0,960.0,0.0390625,0.0234375,0.00091552734375,0.091552734375,1.6666666666666667,Small (16²–32² px),Small (16²–32² px)
2015,2015_0022_2015.jpg,0,MILCO,1024,1024,1048576.0,28.0,33.0,924.0,0.02734375,0.0322265625,0.000881195068359375,0.0881195068359375,0.8484848484848485,Small (16²–32² px),Small (16²–32² px)
2015,2015_0022_2015.jpg,0,MILCO,1024,1024,1048576.0,45.0,12.0,540.0,0.0439453125,0.01171875,0.000514984130859375,0.0514984130859375,3.75,Small (16²–32² px),Tiny (<16² px)
2015,2015_0023_2015.jpg,0,MILCO,1024,1024,1048576.0,81.0,24.0,1944.0,0.0791015625,0.0234375,0.00185394287109375,0.185394287109375,3.375,Medium (32²–96² px),Small (16²–32² px)
2015,2015_0024_2015.jpg,0,MILCO,416,416,173056.0,33.0,10.0,330.0,0.07932692307692307,0.02403846153846154,0.0019068971893491124,0.19068971893491124,3.3,Small (16²–32² px),Small (16²–32² px)
2015,2015_0025_2015.jpg,1,NOMBO,416,416,173056.0,25.0,12.5,312.5,0.06009615384615385,0.030048076923076924,0.0018057738535502959,0.1805773853550296,2.0,Small (16²–32² px),Small (16²–32² px)
2015,2015_0025_2015.jpg,0,MILCO,416,416,173056.0,17.0,7.499999999999999,127.49999999999999,0.040865384615384616,0.018028846153846152,0.0007367557322485207,0.07367557322485206,2.266666666666667,Tiny (<16² px),Small (16²–32² px)
2015,2015_0025_2015.jpg,1,NOMBO,416,416,173056.0,37.5,12.5,468.75,0.09014423076923077,0.030048076923076924,0.002708660780325444,0.27086607803254437,3.0,Small (16²–32² px),Medium (32²–96² px)
2015,2015_0026_2015.jpg,1,NOMBO,1024,1024,1048576.0,61.0,31.0,1891.0,0.0595703125,0.0302734375,0.0018033981323242188,0.18033981323242188,1.967741935483871,Medium (32²–96² px),Small (16²–32² px)
2015,2015_0026_2015.jpg,0,MILCO,1024,1024,1048576.0,42.0,19.0,798.0,0.041015625,0.0185546875,0.0007610321044921875,0.07610321044921875,2.210526315789474,Small (16²–32² px),Small (16²–32² px)
2015,2015_0026_2015.jpg,1,NOMBO,1024,1024,1048576.0,92.0,31.0,2852.0,0.08984375,0.0302734375,0.002719879150390625,0.2719879150390625,2.967741935483871,Medium (32²–96² px),Medium (32²–96² px)
2015,2015_0027_2015.jpg,1,NOMBO,416,416,173056.0,31.0,10.5,325.5,0.07451923076923077,0.025240384615384616,0.0018808940458579881,0.18808940458579881,2.9523809523809526,Small (16²–32² px),Small (16²–32² px)
2015,2015_0027_2015.jpg,1,NOMBO,416,416,173056.0,45.0,17.5,787.5,0.10817307692307693,0.042067307692307696,0.004550550110946745,0.4550550110946745,2.5714285714285716,Small (16²–32² px),Medium (32²–96² px)
2015,2015_0027_2015.jpg,0,MILCO,416,416,173056.0,25.0,13.500000000000002,337.50000000000006,0.06009615384615385,0.03245192307692308,0.0019502357618343198,0.195023576183432,1.8518518518518516,Small (16²–32² px),Small (16²–32² px)
2015,2015_0028_2015.jpg,1,NOMBO,1024,1024,1048576.0,76.0,26.0,1976.0,0.07421875,0.025390625,0.00188446044921875,0.188446044921875,2.923076923076923,Medium (32²–96² px),Small (16²–32² px)
2015,2015_0028_2015.jpg,1,NOMBO,1024,1024,1048576.0,111.0,43.0,4773.0,0.1083984375,0.0419921875,0.004551887512207031,0.4551887512207031,2.5813953488372094,Medium (32²–96² px),Medium (32²–96² px)
2015,2015_0028_2015.jpg,0,MILCO,1024,1024,1048576.0,62.0,33.0,2046.0,0.060546875,0.0322265625,0.0019512176513671875,0.19512176513671875,1.878787878787879,Medium (32²–96² px),Small (16²–32² px)
2015,2015_0029_2015.jpg,0,MILCO,416,416,173056.0,25.0,13.500000000000002,337.50000000000006,0.06009615384615385,0.03245192307692308,0.0019502357618343198,0.195023576183432,1.8518518518518516,Small (16²–32² px),Small (16²–32² px)
2015,2015_0029_2015.jpg,0,MILCO,416,416,173056.0,13.500000000000002,13.500000000000002,182.25000000000006,0.03245192307692308,0.03245192307692308,0.0010531273113905328,0.10531273113905328,1.0,Tiny (<16² px),Small (16²–32² px)
2015,2015_0029_2015.jpg,0,MILCO,416,416,173056.0,21.0,10.0,210.0,0.05048076923076923,0.02403846153846154,0.0012134800295857987,0.12134800295857988,2.1,Tiny (<16² px),Small (16²–32² px)
2015,2015_0030_2015.jpg,0,MILCO,1024,1024,1048576.0,62.0,33.0,2046.0,0.060546875,0.0322265625,0.0019512176513671875,0.19512176513671875,1.878787878787879,Medium (32²–96² px),Small (16²–32² px)
2015,2015_0030_2015.jpg,0,MILCO,1024,1024,1048576.0,33.0,33.0,1089.0,0.0322265625,0.0322265625,0.0010385513305664062,0.10385513305664062,1.0,Medium (32²–96² px),Small (16²–32² px)
2015,2015_0030_2015.jpg,0,MILCO,1024,1024,1048576.0,52.0,25.0,1300.0,0.05078125,0.0244140625,0.001239776611328125,0.1239776611328125,2.08,Medium (32²–96² px),Small (16²–32² px)
2015,2015_0031_2015.jpg,0,MILCO,1024,1024,1048576.0,55.0,35.0,1925.0,0.0537109375,0.0341796875,0.0018358230590820312,0.18358230590820312,1.5714285714285714,Medium (32²–96² px),Small (16²–32² px)
2015,2015_0032_2015.jpg,1,NOMBO,1024,1024,1048576.0,42.0,28.0,1176.0,0.041015625,0.02734375,0.00112152099609375,0.112152099609375,1.5,Medium (32²–96² px),Small (16²–32² px)
2015,2015_0032_2015.jpg,0,MILCO,1024,1024,1048576.0,28.0,19.0,532.0,0.02734375,0.0185546875,0.000507354736328125,0.0507354736328125,1.4736842105263157,Small (16²–32² px),Tiny (<16² px)
2015,2015_0032_2015.jpg,0,MILCO,1024,1024,1048576.0,29.0,25.0,725.0,0.0283203125,0.0244140625,0.0006914138793945312,0.06914138793945312,1.16,Small (16²–32² px),Small (16²–32² px)
2015,2015_0033_2015.jpg,1,NOMBO,416,416,173056.0,17.0,11.5,195.5,0.040865384615384616,0.027644230769230768,0.0011296921227810651,0.11296921227810651,1.4782608695652173,Tiny (<16² px),Small (16²–32² px)
2015,2015_0033_2015.jpg,0,MILCO,416,416,173056.0,11.5,7.499999999999999,86.24999999999999,0.027644230769230768,0.018028846153846152,0.0004983935835798815,0.04983935835798815,1.5333333333333334,Tiny (<16² px),Tiny (<16² px)
2015,2015_0033_2015.jpg,0,MILCO,416,416,173056.0,12.0,10.0,120.0,0.028846153846153848,0.02403846153846154,0.0006934171597633136,0.06934171597633136,1.2,Tiny (<16² px),Small (16²–32² px)
2015,2015_0034_2015.jpg,0,MILCO,1024,1024,1048576.0,92.0,19.0,1748.0,0.08984375,0.0185546875,0.001667022705078125,0.1667022705078125,4.842105263157895,Medium (32²–96² px),Small (16²–32² px)
2015,2015_0034_2015.jpg,0,MILCO,1024,1024,1048576.0,119.0,30.0,3570.0,0.1162109375,0.029296875,0.0034046173095703125,0.34046173095703125,3.966666666666667,Medium (32²–96² px),Medium (32²–96² px)
2015,2015_0035_2015.jpg,0,MILCO,416,416,173056.0,37.5,7.499999999999999,281.24999999999994,0.09014423076923077,0.018028846153846152,0.001625196468195266,0.1625196468195266,5.000000000000001,Small (16²–32² px),Small (16²–32² px)
2015,2015_0035_2015.jpg,0,MILCO,416,416,173056.0,48.5,12.0,582.0,0.11658653846153846,0.028846153846153848,0.003363073224852071,0.33630732248520706,4.041666666666667,Small (16²–32² px),Medium (32²–96² px)
2015,2015_0036_2015.jpg,0,MILCO,416,416,173056.0,18.5,14.0,259.0,0.04447115384615385,0.03365384615384615,0.0014966253698224853,0.14966253698224852,1.3214285714285714,Small (16²–32² px),Small (16²–32² px)
2015,2015_0037_2015.jpg,0,MILCO,1024,1024,1048576.0,46.0,35.0,1610.0,0.044921875,0.0341796875,0.0015354156494140625,0.15354156494140625,1.3142857142857143,Medium (32²–96² px),Small (16²–32² px)
2015,2015_0038_2015.jpg,0,MILCO,1024,1024,1048576.0,30.0,30.0,900.0,0.029296875,0.029296875,0.000858306884765625,0.0858306884765625,1.0,Small (16²–32² px),Small (16²–32² px)
2015,2015_0038_2015.jpg,1,NOMBO,1024,1024,1048576.0,60.0,37.0,2220.0,0.05859375,0.0361328125,0.002117156982421875,0.2117156982421875,1.6216216216216217,Medium (32²–96² px),Small (16²–32² px)
2015,2015_0038_2015.jpg,0,MILCO,1024,1024,1048576.0,21.0,19.0,399.0,0.0205078125,0.0185546875,0.00038051605224609375,0.038051605224609375,1.105263157894737,Small (16²–32² px),Tiny (<16² px)
2015,2015_0038_2015.jpg,0,MILCO,1024,1024,1048576.0,19.0,26.0,494.0,0.0185546875,0.025390625,0.0004711151123046875,0.04711151123046875,0.7307692307692307,Small (16²–32² px),Tiny (<16² px)
2015,2015_0038_2015.jpg,0,MILCO,1024,1024,1048576.0,67.0,23.0,1541.0,0.0654296875,0.0224609375,0.0014696121215820312,0.14696121215820312,2.9130434782608696,Medium (32²–96² px),Small (16²–32² px)
2015,2015_0039_2015.jpg,0,MILCO,416,416,173056.0,12.0,12.0,144.0,0.028846153846153848,0.028846153846153848,0.0008321005917159764,0.08321005917159764,1.0,Tiny (<16² px),Small (16²–32² px)
2015,2015_0039_2015.jpg,1,NOMBO,416,416,173056.0,36.0,27.000000000000004,972.0000000000001,0.08653846153846154,0.06490384615384616,0.005616678994082841,0.5616678994082841,1.3333333333333333,Small (16²–32² px),Medium (32²–96² px)
2015,2015_0039_2015.jpg,0,MILCO,416,416,173056.0,7.499999999999999,10.5,78.74999999999999,0.018028846153846152,0.025240384615384616,0.0004550550110946745,0.04550550110946745,0.7142857142857142,Tiny (<16² px),Tiny (<16² px)
2015,2015_0039_2015.jpg,0,MILCO,416,416,173056.0,29.999999999999996,7.499999999999999,224.99999999999994,0.07211538461538461,0.018028846153846152,0.0013001571745562127,0.13001571745562127,4.0,Tiny (<16² px),Small (16²–32² px)
2015,2015_0039_2015.jpg,0,MILCO,416,416,173056.0,27.000000000000004,9.5,256.50000000000006,0.06490384615384616,0.02283653846153846,0.0014821791789940831,0.1482179178994083,2.842105263157895,Small (16²–32² px),Small (16²–32² px)
2015,2015_0040_2015.jpg,0,MILCO,1024,1024,1048576.0,30.0,30.0,900.0,0.029296875,0.029296875,0.000858306884765625,0.0858306884765625,1.0,Small (16²–32² px),Small (16²–32² px)
2015,2015_0040_2015.jpg,1,NOMBO,1024,1024,1048576.0,89.0,66.0,5874.0,0.0869140625,0.064453125,0.0056018829345703125,0.5601882934570312,1.3484848484848484,Medium (32²–96² px),Medium (32²–96² px)
2015,2015_0040_2015.jpg,0,MILCO,1024,1024,1048576.0,19.0,26.0,494.0,0.0185546875,0.025390625,0.0004711151123046875,0.04711151123046875,0.7307692307692307,Small (16²–32² px),Tiny (<16² px)
2015,2015_0040_2015.jpg,0,MILCO,1024,1024,1048576.0,74.0,18.0,1332.0,0.072265625,0.017578125,0.001270294189453125,0.1270294189453125,4.111111111111111,Medium (32²–96² px),Small (16²–32² px)
2015,2015_0040_2015.jpg,0,MILCO,1024,1024,1048576.0,67.0,23.0,1541.0,0.0654296875,0.0224609375,0.0014696121215820312,0.14696121215820312,2.9130434782608696,Medium (32²–96² px),Small (16²–32² px)
2015,2015_0041_2015.jpg,0,MILCO,1024,1024,1048576.0,92.0,26.0,2392.0,0.08984375,0.025390625,0.00228118896484375,0.228118896484375,3.5384615384615383,Medium (32²–96² px),Small (16²–32² px)
2015,2015_0042_2015.jpg,0,MILCO,416,416,173056.0,37.5,10.5,393.75,0.09014423076923077,0.025240384615384616,0.0022752750554733726,0.22752750554733725,3.5714285714285716,Small (16²–32² px),Small (16²–32² px)
2015,2015_0043_2015.jpg,0,MILCO,416,416,173056.0,36.5,10.0,365.0,0.08774038461538461,0.02403846153846154,0.0021091438609467457,0.21091438609467458,3.65,Small (16²–32² px),Small (16²–32² px)
2015,2015_0043_2015.jpg,0,MILCO,416,416,173056.0,41.0,19.0,779.0,0.0985576923076923,0.04567307692307692,0.004501433062130178,0.4501433062130178,2.1578947368421053,Small (16²–32² px),Medium (32²–96² px)
2015,2015_0044_2015.jpg,0,MILCO,1024,1024,1048576.0,90.0,24.0,2160.0,0.087890625,0.0234375,0.0020599365234375,0.20599365234375,3.75,Medium (32²–96² px),Small (16²–32² px)
2015,2015_0044_2015.jpg,0,MILCO,1024,1024,1048576.0,101.0,47.0,4747.0,0.0986328125,0.0458984375,0.004527091979980469,0.4527091979980469,2.148936170212766,Medium (32²–96² px),Medium (32²–96² px)
2015,2015_0045_2015.jpg,0,MILCO,416,416,173056.0,13.0,10.0,130.0,0.03125,0.02403846153846154,0.0007512019230769231,0.07512019230769232,1.3,Tiny (<16² px),Small (16²–32² px)
2015,2015_0046_2015.jpg,0,MILCO,1024,1024,1048576.0,32.0,24.0,768.0,0.03125,0.0234375,0.000732421875,0.0732421875,1.3333333333333333,Small (16²–32² px),Small (16²–32² px)
2015,2015_0047_2015.jpg,0,MILCO,1024,1024,1048576.0,21.0,24.0,504.0,0.0205078125,0.0234375,0.00048065185546875,0.048065185546875,0.875,Small (16²–32² px),Tiny (<16² px)
2015,2015_0048_2015.jpg,0,MILCO,416,416,173056.0,22.0,16.5,363.0,0.052884615384615384,0.039663461538461536,0.0020975869082840238,0.20975869082840237,1.3333333333333333,Small (16²–32² px),Small (16²–32² px)
2015,2015_0048_2015.jpg,1,NOMBO,416,416,173056.0,86.0,29.0,2494.0,0.20673076923076922,0.06971153846153846,0.014411519970414201,1.4411519970414202,2.9655172413793105,Medium (32²–96² px),Medium (32²–96² px)
2015,2015_0048_2015.jpg,1,NOMBO,416,416,173056.0,51.5,14.0,721.0,0.12379807692307693,0.03365384615384615,0.004166281434911242,0.41662814349112426,3.6785714285714284,Small (16²–32² px),Medium (32²–96² px)
2015,2015_0048_2015.jpg,1,NOMBO,416,416,173056.0,31.0,13.0,403.0,0.07451923076923077,0.03125,0.0023287259615384615,0.23287259615384615,2.3846153846153846,Small (16²–32² px),Small (16²–32² px)
2015,2015_0048_2015.jpg,0,MILCO,416,416,173056.0,23.0,13.0,299.0,0.055288461538461536,0.03125,0.001727764423076923,0.1727764423076923,1.7692307692307692,Small (16²–32² px),Small (16²–32² px)
2015,2015_0048_2015.jpg,1,NOMBO,416,416,173056.0,55.0,12.0,660.0,0.13221153846153846,0.028846153846153848,0.003813794378698225,0.3813794378698225,4.583333333333333,Small (16²–32² px),Medium (32²–96² px)
2015,2015_0048_2015.jpg,1,NOMBO,416,416,173056.0,23.0,10.5,241.5,0.055288461538461536,0.025240384615384616,0.0013955020340236687,0.13955020340236687,2.1904761904761907,Tiny (<16² px),Small (16²–32² px)
2015,2015_0049_2015.jpg,0,MILCO,1024,1024,1048576.0,53.0,42.0,2226.0,0.0517578125,0.041015625,0.0021228790283203125,0.21228790283203125,1.2619047619047619,Medium (32²–96² px),Small (16²–32² px)
2015,2015_0049_2015.jpg,1,NOMBO,1024,1024,1048576.0,212.0,72.0,15264.0,0.20703125,0.0703125,0.014556884765625,1.4556884765625,2.9444444444444446,Large (≥96² px),Medium (32²–96² px)
2015,2015_0049_2015.jpg,1,NOMBO,1024,1024,1048576.0,127.0,35.0,4445.0,0.1240234375,0.0341796875,0.004239082336425781,0.4239082336425781,3.6285714285714286,Medium (32²–96² px),Medium (32²–96² px)
2015,2015_0049_2015.jpg,1,NOMBO,1024,1024,1048576.0,76.0,32.0,2432.0,0.07421875,0.03125,0.0023193359375,0.23193359375,2.375,Medium (32²–96² px),Small (16²–32² px)
2015,2015_0049_2015.jpg,0,MILCO,1024,1024,1048576.0,56.0,32.0,1792.0,0.0546875,0.03125,0.001708984375,0.1708984375,1.75,Medium (32²–96² px),Small (16²–32² px)
2015,2015_0049_2015.jpg,1,NOMBO,1024,1024,1048576.0,136.0,29.0,3944.0,0.1328125,0.0283203125,0.00376129150390625,0.376129150390625,4.689655172413793,Medium (32²–96² px),Medium (32²–96² px)
2015,2015_0049_2015.jpg,1,NOMBO,1024,1024,1048576.0,56.0,26.0,1456.0,0.0546875,0.025390625,0.0013885498046875,0.13885498046875,2.1538461538461537,Medium (32²–96² px),Small (16²–32² px)
2015,2015_0050_2015.jpg,0,MILCO,1024,1024,1048576.0,59.0,34.0,2006.0,0.0576171875,0.033203125,0.0019130706787109375,0.19130706787109375,1.7352941176470589,Medium (32²–96² px),Small (16²–32² px)
2015,2015_0050_2015.jpg,1,NOMBO,1024,1024,1048576.0,77.0,64.0,4928.0,0.0751953125,0.0625,0.00469970703125,0.469970703125,1.203125,Medium (32²–96² px),Medium (32²–96² px)
2015,2015_0050_2015.jpg,0,MILCO,1024,1024,1048576.0,59.0,26.0,1534.0,0.0576171875,0.025390625,0.0014629364013671875,0.14629364013671875,2.269230769230769,Medium (32²–96² px),Small (16²–32² px)
2015,2015_0050_2015.jpg,0,MILCO,1024,1024,1048576.0,47.0,36.0,1692.0,0.0458984375,0.03515625,0.001613616943359375,0.1613616943359375,1.3055555555555556,Medium (32²–96² px),Small (16²–32² px)
2015,2015_0050_2015.jpg,1,NOMBO,1024,1024,1048576.0,51.0,34.0,1734.0,0.0498046875,0.033203125,0.0016536712646484375,0.16536712646484375,1.5,Medium (32²–96² px),Small (16²–32² px)
2015,2015_0050_2015.jpg,1,NOMBO,1024,1024,1048576.0,101.0,22.0,2222.0,0.0986328125,0.021484375,0.0021190643310546875,0.21190643310546875,4.590909090909091,Medium (32²–96² px),Small (16²–32² px)
2015,2015_0050_2015.jpg,0,MILCO,1024,1024,1048576.0,31.0,23.0,713.0,0.0302734375,0.0224609375,0.0006799697875976562,0.06799697875976562,1.3478260869565217,Small (16²–32² px),Small (16²–32² px)
2015,2015_0051_2015.jpg,1,NOMBO,1024,1024,1048576.0,101.0,22.0,2222.0,0.0986328125,0.021484375,0.0021190643310546875,0.21190643310546875,4.590909090909091,Medium (32²–96² px),Small (16²–32² px)
2015,2015_0051_2015.jpg,1,NOMBO,1024,1024,1048576.0,82.0,67.0,5494.0,0.080078125,0.0654296875,0.0052394866943359375,0.5239486694335938,1.2238805970149254,Medium (32²–96² px),Medium (32²–96² px)
2015,2015_0051_2015.jpg,0,MILCO,1024,1024,1048576.0,46.0,18.0,828.0,0.044921875,0.017578125,0.000789642333984375,0.0789642333984375,2.5555555555555554,Small (16²–32² px),Small (16²–32² px)
2015,2015_0051_2015.jpg,0,MILCO,1024,1024,1048576.0,91.0,24.0,2184.0,0.0888671875,0.0234375,0.00208282470703125,0.208282470703125,3.7916666666666665,Medium (32²–96² px),Small (16²–32² px)
2015,2015_0051_2015.jpg,0,MILCO,1024,1024,1048576.0,91.0,24.0,2184.0,0.0888671875,0.0234375,0.00208282470703125,0.208282470703125,3.7916666666666665,Medium (32²–96² px),Small (16²–32² px)
2015,2015_0051_2015.jpg,0,MILCO,1024,1024,1048576.0,71.0,27.0,1917.0,0.0693359375,0.0263671875,0.0018281936645507812,0.18281936645507812,2.6296296296296298,Medium (32²–96² px),Small (16²–32² px)
2015,2015_0051_2015.jpg,0,MILCO,1024,1024,1048576.0,107.0,22.0,2354.0,0.1044921875,0.021484375,0.0022449493408203125,0.22449493408203125,4.863636363636363,Medium (32²–96² px),Small (16²–32² px)
2015,2015_0051_2015.jpg,0,MILCO,1024,1024,1048576.0,58.0,30.0,1740.0,0.056640625,0.029296875,0.001659393310546875,0.1659393310546875,1.9333333333333333,Medium (32²–96² px),Small (16²–32² px)
2015,2015_0052_2015.jpg,0,MILCO,1024,1024,1048576.0,46.0,36.0,1656.0,0.044921875,0.03515625,0.00157928466796875,0.157928466796875,1.2777777777777777,Medium (32²–96² px),Small (16²–32² px)
2015,2015_0053_2015.jpg,0,MILCO,1024,1024,1048576.0,46.0,36.0,1656.0,0.044921875,0.03515625,0.00157928466796875,0.157928466796875,1.2777777777777777,Medium (32²–96² px),Small (16²–32² px)
2015,2015_0053_2015.jpg,0,MILCO,1024,1024,1048576.0,103.0,28.0,2884.0,0.1005859375,0.02734375,0.002750396728515625,0.2750396728515625,3.6785714285714284,Medium (32²–96² px),Medium (32²–96² px)
2015,2015_0054_2015.jpg,1,NOMBO,1024,1024,1048576.0,122.0,72.0,8784.0,0.119140625,0.0703125,0.0083770751953125,0.83770751953125,1.6944444444444444,Medium (32²–96² px),Medium (32²–96² px)
2015,2015_0055_2015.jpg,1,NOMBO,1024,1024,1048576.0,44.0,30.0,1320.0,0.04296875,0.029296875,0.00125885009765625,0.125885009765625,1.4666666666666666,Medium (32²–96² px),Small (16²–32² px)
2015,2015_0055_2015.jpg,1,NOMBO,1024,1024,1048576.0,56.0,35.0,1960.0,0.0546875,0.0341796875,0.00186920166015625,0.186920166015625,1.6,Medium (32²–96² px),Small (16²–32² px)
2015,2015_0055_2015.jpg,1,NOMBO,1024,1024,1048576.0,39.0,41.0,1599.0,0.0380859375,0.0400390625,0.0015249252319335938,0.15249252319335938,0.9512195121951219,Medium (32²–96² px),Small (16²–32² px)
2015,2015_0055_2015.jpg,1,NOMBO,1024,1024,1048576.0,36.0,30.0,1080.0,0.03515625,0.029296875,0.00102996826171875,0.102996826171875,1.2,Medium (32²–96² px),Small (16²–32² px)
2015,2015_0055_2015.jpg,0,MILCO,1024,1024,1048576.0,48.0,18.0,864.0,0.046875,0.017578125,0.000823974609375,0.0823974609375,2.6666666666666665,Small (16²–32² px),Small (16²–32² px)
2015,2015_0055_2015.jpg,1,NOMBO,1024,1024,1048576.0,58.0,46.0,2668.0,0.056640625,0.044921875,0.002544403076171875,0.2544403076171875,1.2608695652173914,Medium (32²–96² px),Medium (32²–96² px)
2015,2015_0055_2015.jpg,1,NOMBO,1024,1024,1048576.0,99.0,52.0,5148.0,0.0966796875,0.05078125,0.004909515380859375,0.4909515380859375,1.9038461538461537,Medium (32²–96² px),Medium (32²–96² px)
2015,2015_0055_2015.jpg,0,MILCO,1024,1024,1048576.0,55.0,24.0,1320.0,0.0537109375,0.0234375,0.00125885009765625,0.125885009765625,2.2916666666666665,Medium (32²–96² px),Small (16²–32² px)
2015,2015_0055_2015.jpg,0,MILCO,1024,1024,1048576.0,56.0,28.0,1568.0,0.0546875,0.02734375,0.001495361328125,0.1495361328125,2.0,Medium (32²–96² px),Small (16²–32² px)
2015,2015_0055_2015.jpg,0,MILCO,1024,1024,1048576.0,58.0,28.0,1624.0,0.056640625,0.02734375,0.00154876708984375,0.154876708984375,2.0714285714285716,Medium (32²–96² px),Small (16²–32² px)
2015,2015_0055_2015.jpg,1,NOMBO,1024,1024,1048576.0,46.0,40.0,1840.0,0.044921875,0.0390625,0.0017547607421875,0.17547607421875,1.15,Medium (32²–96² px),Small (16²–32² px)
2015,2015_0055_2015.jpg,0,MILCO,1024,1024,1048576.0,39.0,16.0,624.0,0.0380859375,0.015625,0.0005950927734375,0.05950927734375,2.4375,Small (16²–32² px),Tiny (<16² px)
2015,2015_0055_2015.jpg,1,NOMBO,1024,1024,1048576.0,46.0,37.0,1702.0,0.044921875,0.0361328125,0.0016231536865234375,0.16231536865234375,1.2432432432432432,Medium (32²–96² px),Small (16²–32² px)
2015,2015_0056_2015.jpg,1,NOMBO,1024,1024,1048576.0,46.0,28.0,1288.0,0.044921875,0.02734375,0.00122833251953125,0.122833251953125,1.6428571428571428,Medium (32²–96² px),Small (16²–32² px)
2015,2015_0056_2015.jpg,1,NOMBO,1024,1024,1048576.0,31.0,33.0,1023.0,0.0302734375,0.0322265625,0.0009756088256835938,0.09756088256835938,0.9393939393939394,Small (16²–32² px),Small (16²–32² px)
2015,2015_0056_2015.jpg,1,NOMBO,1024,1024,1048576.0,51.0,33.0,1683.0,0.0498046875,0.0322265625,0.0016050338745117188,0.16050338745117188,1.5454545454545454,Medium (32²–96² px),Small (16²–32² px)
2015,2015_0056_2015.jpg,1,NOMBO,1024,1024,1048576.0,46.0,24.0,1104.0,0.044921875,0.0234375,0.0010528564453125,0.10528564453125,1.9166666666666667,Medium (32²–96² px),Small (16²–32² px)
2015,2015_0056_2015.jpg,0,MILCO,1024,1024,1048576.0,71.0,36.0,2556.0,0.0693359375,0.03515625,0.002437591552734375,0.2437591552734375,1.9722222222222223,Medium (32²–96² px),Small (16²–32² px)
2015,2015_0056_2015.jpg,0,MILCO,1024,1024,1048576.0,39.0,16.0,624.0,0.0380859375,0.015625,0.0005950927734375,0.05950927734375,2.4375,Small (16²–32² px),Tiny (<16² px)
2015,2015_0056_2015.jpg,1,NOMBO,1024,1024,1048576.0,131.0,130.0,17030.0,0.1279296875,0.126953125,0.016241073608398438,1.6241073608398438,1.0076923076923077,Large (≥96² px),Medium (32²–96² px)
2015,2015_0056_2015.jpg,1,NOMBO,1024,1024,1048576.0,51.0,38.0,1938.0,0.0498046875,0.037109375,0.0018482208251953125,0.18482208251953125,1.3421052631578947,Medium (32²–96² px),Small (16²–32² px)
2015,2015_0056_2015.jpg,0,MILCO,1024,1024,1048576.0,49.0,46.0,2254.0,0.0478515625,0.044921875,0.0021495819091796875,0.21495819091796875,1.065217391304348,Medium (32²–96² px),Small (16²–32² px)
2015,2015_0057_2015.jpg,1,NOMBO,416,416,173056.0,18.5,11.5,212.75,0.04447115384615385,0.027644230769230768,0.0012293708394970414,0.12293708394970414,1.608695652173913,Tiny (<16² px),Small (16²–32² px)
2015,2015_0057_2015.jpg,1,NOMBO,416,416,173056.0,12.5,13.500000000000002,168.75000000000003,0.030048076923076924,0.03245192307692308,0.0009751178809171599,0.097511788091716,0.9259259259259258,Tiny (<16² px),Small (16²–32² px)
2015,2015_0057_2015.jpg,1,NOMBO,416,416,173056.0,20.5,13.500000000000002,276.75000000000006,0.04927884615384615,0.03245192307692308,0.0015991933247041423,0.15991933247041423,1.5185185185185184,Small (16²–32² px),Small (16²–32² px)
2015,2015_0057_2015.jpg,1,NOMBO,416,416,173056.0,18.5,10.0,185.0,0.04447115384615385,0.02403846153846154,0.0010690181213017752,0.10690181213017752,1.85,Tiny (<16² px),Small (16²–32² px)
2015,2015_0057_2015.jpg,0,MILCO,416,416,173056.0,29.0,14.5,420.5,0.06971153846153846,0.03485576923076923,0.002429849297337278,0.24298492973372782,2.0,Small (16²–32² px),Small (16²–32² px)
2015,2015_0057_2015.jpg,0,MILCO,416,416,173056.0,16.0,6.5,104.0,0.038461538461538464,0.015625,0.0006009615384615385,0.06009615384615385,2.4615384615384617,Tiny (<16² px),Tiny (<16² px)
2015,2015_0057_2015.jpg,1,NOMBO,416,416,173056.0,53.0,53.0,2809.0,0.12740384615384615,0.12740384615384615,0.0162317400147929,1.6231740014792901,1.0,Medium (32²–96² px),Medium (32²–96² px)
2015,2015_0057_2015.jpg,1,NOMBO,416,416,173056.0,20.5,15.5,317.75,0.04927884615384615,0.037259615384615384,0.0018361108542899408,0.18361108542899407,1.3225806451612903,Small (16²–32² px),Small (16²–32² px)
2015,2015_0057_2015.jpg,0,MILCO,416,416,173056.0,20.0,18.5,370.0,0.04807692307692308,0.04447115384615385,0.0021380362426035504,0.21380362426035504,1.0810810810810811,Small (16²–32² px),Small (16²–32² px)
2015,2015_0058_2015.jpg,0,MILCO,416,416,173056.0,20.0,18.5,370.0,0.04807692307692308,0.04447115384615385,0.0021380362426035504,0.21380362426035504,1.0810810810810811,Small (16²–32² px),Small (16²–32² px)
2015,2015_0058_2015.jpg,0,MILCO,416,416,173056.0,14.5,13.500000000000002,195.75000000000003,0.03485576923076923,0.03245192307692308,0.0011311367418639054,0.11311367418639054,1.074074074074074,Tiny (<16² px),Small (16²–32² px)
2015,2015_0058_2015.jpg,1,NOMBO,416,416,173056.0,59.5,31.499999999999996,1874.2499999999998,0.14302884615384615,0.07572115384615384,0.010830309264053253,1.0830309264053253,1.888888888888889,Medium (32²–96² px),Medium (32²–96² px)
2015,2015_0058_2015.jpg,0,MILCO,416,416,173056.0,11.0,12.5,137.5,0.026442307692307692,0.030048076923076924,0.0007945404955621302,0.07945404955621302,0.88,Tiny (<16² px),Small (16²–32² px)
2015,2015_0058_2015.jpg,0,MILCO,416,416,173056.0,13.500000000000002,9.0,121.50000000000001,0.03245192307692308,0.021634615384615384,0.0007020848742603551,0.07020848742603551,1.5000000000000002,Tiny (<16² px),Small (16²–32² px)
2015,2015_0058_2015.jpg,1,NOMBO,416,416,173056.0,21.0,8.5,178.5,0.05048076923076923,0.020432692307692308,0.001031458025147929,0.1031458025147929,2.4705882352941178,Tiny (<16² px),Small (16²–32² px)
2015,2015_0058_2015.jpg,0,MILCO,416,416,173056.0,10.5,9.0,94.5,0.025240384615384616,0.021634615384615384,0.0005460660133136094,0.05460660133136094,1.1666666666666667,Tiny (<16² px),Tiny (<16² px)
2015,2015_0058_2015.jpg,1,NOMBO,416,416,173056.0,37.5,19.5,731.25,0.09014423076923077,0.046875,0.004225510817307692,0.4225510817307692,1.9230769230769231,Small (16²–32² px),Medium (32²–96² px)
2015,2015_0059_2015.jpg,0,MILCO,1024,1024,1048576.0,49.0,46.0,2254.0,0.0478515625,0.044921875,0.0021495819091796875,0.21495819091796875,1.065217391304348,Medium (32²–96² px),Small (16²–32² px)
2015,2015_0059_2015.jpg,0,MILCO,1024,1024,1048576.0,36.0,33.0,1188.0,0.03515625,0.0322265625,0.001132965087890625,0.1132965087890625,1.0909090909090908,Medium (32²–96² px),Small (16²–32² px)
2015,2015_0059_2015.jpg,1,NOMBO,1024,1024,1048576.0,147.0,78.0,11466.0,0.1435546875,0.076171875,0.010934829711914062,1.0934829711914062,1.8846153846153846,Large (≥96² px),Medium (32²–96² px)
2015,2015_0059_2015.jpg,0,MILCO,1024,1024,1048576.0,27.0,31.0,837.0,0.0263671875,0.0302734375,0.0007982254028320312,0.07982254028320312,0.8709677419354839,Small (16²–32² px),Small (16²–32² px)
2015,2015_0059_2015.jpg,0,MILCO,1024,1024,1048576.0,33.0,22.0,726.0,0.0322265625,0.021484375,0.0006923675537109375,0.06923675537109375,1.5,Small (16²–32² px),Small (16²–32² px)
2015,2015_0059_2015.jpg,1,NOMBO,1024,1024,1048576.0,52.0,21.0,1092.0,0.05078125,0.0205078125,0.001041412353515625,0.1041412353515625,2.4761904761904763,Medium (32²–96² px),Small (16²–32² px)
2015,2015_0059_2015.jpg,0,MILCO,1024,1024,1048576.0,26.0,22.0,572.0,0.025390625,0.021484375,0.000545501708984375,0.0545501708984375,1.1818181818181819,Small (16²–32² px),Tiny (<16² px)
2015,2015_0059_2015.jpg,1,NOMBO,1024,1024,1048576.0,92.0,48.0,4416.0,0.08984375,0.046875,0.00421142578125,0.421142578125,1.9166666666666667,Medium (32²–96² px),Medium (32²–96² px)
2015,2015_0060_2015.jpg,0,MILCO,1024,1024,1048576.0,69.0,34.0,2346.0,0.0673828125,0.033203125,0.0022373199462890625,0.22373199462890625,2.0294117647058822,Medium (32²–96² px),Small (16²–32² px)
2015,2015_0060_2015.jpg,1,NOMBO,1024,1024,1048576.0,36.0,32.0,1152.0,0.03515625,0.03125,0.0010986328125,0.10986328125,1.125,Medium (32²–96² px),Small (16²–32² px)
2015,2015_0060_2015.jpg,1,NOMBO,1024,1024,1048576.0,34.0,25.0,850.0,0.033203125,0.0244140625,0.0008106231689453125,0.08106231689453125,1.36,Small (16²–32² px),Small (16²–32² px)
2015,2015_0060_2015.jpg,1,NOMBO,1024,1024,1048576.0,22.0,26.0,572.0,0.021484375,0.025390625,0.000545501708984375,0.0545501708984375,0.8461538461538461,Small (16²–32² px),Tiny (<16² px)
2015,2015_0060_2015.jpg,1,NOMBO,1024,1024,1048576.0,137.0,38.0,5206.0,0.1337890625,0.037109375,0.0049648284912109375,0.49648284912109375,3.6052631578947367,Medium (32²–96² px),Medium (32²–96² px)
2015,2015_0060_2015.jpg,1,NOMBO,1024,1024,1048576.0,72.0,40.0,2880.0,0.0703125,0.0390625,0.00274658203125,0.274658203125,1.8,Medium (32²–96² px),Medium (32²–96² px)
2015,2015_0060_2015.jpg,1,NOMBO,1024,1024,1048576.0,96.0,40.0,3840.0,0.09375,0.0390625,0.003662109375,0.3662109375,2.4,Medium (32²–96² px),Medium (32²–96² px)
2015,2015_0061_2015.jpg,0,MILCO,416,416,173056.0,28.0,14.0,392.0,0.0673076923076923,0.03365384615384615,0.002265162721893491,0.2265162721893491,2.0,Small (16²–32² px),Small (16²–32² px)
2015,2015_0061_2015.jpg,1,NOMBO,416,416,173056.0,14.5,13.0,188.5,0.03485576923076923,0.03125,0.0010892427884615385,0.10892427884615385,1.1153846153846154,Tiny (<16² px),Small (16²–32² px)
2015,2015_0061_2015.jpg,1,NOMBO,416,416,173056.0,14.0,10.0,140.0,0.03365384615384615,0.02403846153846154,0.0008089866863905326,0.08089866863905326,1.4,Tiny (<16² px),Small (16²–32² px)
2015,2015_0061_2015.jpg,1,NOMBO,416,416,173056.0,9.0,10.5,94.5,0.021634615384615384,0.025240384615384616,0.0005460660133136094,0.05460660133136094,0.8571428571428571,Tiny (<16² px),Tiny (<16² px)
2015,2015_0061_2015.jpg,1,NOMBO,416,416,173056.0,55.5,15.5,860.25,0.13341346153846154,0.037259615384615384,0.004970934264053255,0.4970934264053255,3.5806451612903225,Small (16²–32² px),Medium (32²–96² px)
2015,2015_0061_2015.jpg,1,NOMBO,416,416,173056.0,29.0,16.0,464.0,0.06971153846153846,0.038461538461538464,0.002681213017751479,0.2681213017751479,1.8125,Small (16²–32² px),Medium (32²–96² px)
2015,2015_0061_2015.jpg,1,NOMBO,416,416,173056.0,39.0,16.0,624.0,0.09375,0.038461538461538464,0.003605769230769231,0.3605769230769231,2.4375,Small (16²–32² px),Medium (32²–96² px)
2015,2015_0062_2015.jpg,1,NOMBO,416,416,173056.0,37.5,16.0,600.0,0.09014423076923077,0.038461538461538464,0.003467085798816568,0.3467085798816568,2.34375,Small (16²–32² px),Medium (32²–96² px)
2015,2015_0062_2015.jpg,0,MILCO,416,416,173056.0,23.0,21.0,483.0,0.055288461538461536,0.05048076923076923,0.0027910040680473374,0.27910040680473375,1.0952380952380953,Small (16²–32² px),Medium (32²–96² px)
2015,2015_0062_2015.jpg,0,MILCO,416,416,173056.0,29.0,16.0,464.0,0.06971153846153846,0.038461538461538464,0.002681213017751479,0.2681213017751479,1.8125,Small (16²–32² px),Medium (32²–96² px)
2015,2015_0062_2015.jpg,0,MILCO,416,416,173056.0,39.5,14.5,572.75,0.09495192307692307,0.03485576923076923,0.0033096223187869824,0.3309622318786982,2.7241379310344827,Small (16²–32² px),Medium (32²–96² px)
2015,2015_0062_2015.jpg,1,NOMBO,416,416,173056.0,28.0,16.0,448.0,0.0673076923076923,0.038461538461538464,0.0025887573964497044,0.25887573964497046,1.75,Small (16²–32² px),Medium (32²–96² px)
2015,2015_0062_2015.jpg,1,NOMBO,416,416,173056.0,29.0,18.0,522.0,0.06971153846153846,0.04326923076923077,0.003016364644970414,0.3016364644970414,1.6111111111111112,Small (16²–32² px),Medium (32²–96² px)
2015,2015_0063_2015.jpg,1,NOMBO,1024,1024,1048576.0,92.0,40.0,3680.0,0.08984375,0.0390625,0.003509521484375,0.3509521484375,2.3,Medium (32²–96² px),Medium (32²–96² px)
2015,2015_0063_2015.jpg,0,MILCO,1024,1024,1048576.0,56.0,52.0,2912.0,0.0546875,0.05078125,0.002777099609375,0.2777099609375,1.0769230769230769,Medium (32²–96² px),Medium (32²–96² px)
2015,2015_0063_2015.jpg,0,MILCO,1024,1024,1048576.0,72.0,39.0,2808.0,0.0703125,0.0380859375,0.00267791748046875,0.267791748046875,1.8461538461538463,Medium (32²–96² px),Medium (32²–96² px)
2015,2015_0063_2015.jpg,0,MILCO,1024,1024,1048576.0,97.0,36.0,3492.0,0.0947265625,0.03515625,0.003330230712890625,0.3330230712890625,2.6944444444444446,Medium (32²–96² px),Medium (32²–96² px)
2015,2015_0063_2015.jpg,1,NOMBO,1024,1024,1048576.0,69.0,40.0,2760.0,0.0673828125,0.0390625,0.00263214111328125,0.263214111328125,1.725,Medium (32²–96² px),Medium (32²–96² px)
2015,2015_0063_2015.jpg,1,NOMBO,1024,1024,1048576.0,72.0,44.0,3168.0,0.0703125,0.04296875,0.003021240234375,0.3021240234375,1.6363636363636365,Medium (32²–96² px),Medium (32²–96² px)
2015,2015_0064_2015.jpg,1,NOMBO,416,416,173056.0,89.0,28.0,2492.0,0.21394230769230768,0.0673076923076923,0.014399963017751479,1.4399963017751478,3.1785714285714284,Medium (32²–96² px),Medium (32²–96² px)
2015,2015_0064_2015.jpg,1,NOMBO,416,416,173056.0,32.0,14.999999999999998,479.99999999999994,0.07692307692307693,0.036057692307692304,0.0027736686390532543,0.27736686390532544,2.1333333333333337,Small (16²–32² px),Medium (32²–96² px)
2015,2015_0064_2015.jpg,0,MILCO,416,416,173056.0,33.0,18.5,610.5,0.07932692307692307,0.04447115384615385,0.003527759800295858,0.35277598002958577,1.7837837837837838,Small (16²–32² px),Medium (32²–96² px)
2015,2015_0064_2015.jpg,1,NOMBO,416,416,173056.0,39.5,9.0,355.5,0.09495192307692307,0.021634615384615384,0.0020542483357988165,0.20542483357988164,4.388888888888889,Small (16²–32² px),Small (16²–32² px)
2015,2015_0064_2015.jpg,1,NOMBO,416,416,173056.0,32.0,28.500000000000004,912.0000000000001,0.07692307692307693,0.06850961538461539,0.005269970414201184,0.5269970414201184,1.1228070175438596,Small (16²–32² px),Medium (32²–96² px)
2015,2015_0065_2015.jpg,1,NOMBO,1024,1024,1048576.0,219.0,69.0,15111.0,0.2138671875,0.0673828125,0.014410972595214844,1.4410972595214844,3.1739130434782608,Large (≥96² px),Medium (32²–96² px)
2015,2015_0065_2015.jpg,1,NOMBO,1024,1024,1048576.0,79.0,37.0,2923.0,0.0771484375,0.0361328125,0.0027875900268554688,0.2787590026855469,2.135135135135135,Medium (32²–96² px),Medium (32²–96² px)
2015,2015_0065_2015.jpg,0,MILCO,1024,1024,1048576.0,81.0,45.0,3645.0,0.0791015625,0.0439453125,0.0034761428833007812,0.3476142883300781,1.8,Medium (32²–96² px),Medium (32²–96² px)
2015,2015_0065_2015.jpg,1,NOMBO,1024,1024,1048576.0,97.0,22.0,2134.0,0.0947265625,0.021484375,0.0020351409912109375,0.20351409912109375,4.409090909090909,Medium (32²–96² px),Small (16²–32² px)
2015,2015_0065_2015.jpg,1,NOMBO,1024,1024,1048576.0,79.0,70.0,5530.0,0.0771484375,0.068359375,0.0052738189697265625,0.5273818969726562,1.1285714285714286,Medium (32²–96² px),Medium (32²–96² px)
2015,2015_0066_2015.jpg,1,NOMBO,1024,1024,1048576.0,97.0,22.0,2134.0,0.0947265625,0.021484375,0.0020351409912109375,0.20351409912109375,4.409090909090909,Medium (32²–96² px),Small (16²–32² px)
2015,2015_0066_2015.jpg,1,NOMBO,1024,1024,1048576.0,97.0,53.0,5141.0,0.0947265625,0.0517578125,0.004902839660644531,0.4902839660644531,1.830188679245283,Medium (32²–96² px),Medium (32²–96² px)
2015,2015_0066_2015.jpg,1,NOMBO,1024,1024,1048576.0,94.0,63.0,5922.0,0.091796875,0.0615234375,0.0056476593017578125,0.5647659301757812,1.492063492063492,Medium (32²–96² px),Medium (32²–96² px)
2015,2015_0066_2015.jpg,1,NOMBO,1024,1024,1048576.0,94.0,50.0,4700.0,0.091796875,0.048828125,0.004482269287109375,0.4482269287109375,1.88,Medium (32²–96² px),Medium (32²–96² px)
2015,2015_0066_2015.jpg,1,NOMBO,1024,1024,1048576.0,131.0,39.0,5109.0,0.1279296875,0.0380859375,0.004872322082519531,0.4872322082519531,3.358974358974359,Medium (32²–96² px),Medium (32²–96² px)
2015,2015_0066_2015.jpg,0,MILCO,1024,1024,1048576.0,33.0,26.0,858.0,0.0322265625,0.025390625,0.0008182525634765625,0.08182525634765625,1.2692307692307692,Small (16²–32² px),Small (16²–32² px)
2015,2015_0067_2015.jpg,0,MILCO,1024,1024,1048576.0,72.0,38.0,2736.0,0.0703125,0.037109375,0.0026092529296875,0.26092529296875,1.894736842105263,Medium (32²–96² px),Medium (32²–96² px)
2015,2015_0067_2015.jpg,1,NOMBO,1024,1024,1048576.0,152.0,116.0,17632.0,0.1484375,0.11328125,0.016815185546875,1.6815185546875,1.3103448275862069,Large (≥96² px),Medium (32²–96² px)
2015,2015_0067_2015.jpg,0,MILCO,1024,1024,1048576.0,124.0,22.0,2728.0,0.12109375,0.021484375,0.00260162353515625,0.260162353515625,5.636363636363637,Medium (32²–96² px),Medium (32²–96² px)
2015,2015_0068_2015.jpg,1,NOMBO,1024,1024,1048576.0,49.0,30.0,1470.0,0.0478515625,0.029296875,0.0014019012451171875,0.14019012451171875,1.6333333333333333,Medium (32²–96² px),Small (16²–32² px)
2015,2015_0068_2015.jpg,1,NOMBO,1024,1024,1048576.0,67.0,42.0,2814.0,0.0654296875,0.041015625,0.0026836395263671875,0.26836395263671875,1.5952380952380953,Medium (32²–96² px),Medium (32²–96² px)
2015,2015_0068_2015.jpg,1,NOMBO,1024,1024,1048576.0,21.0,24.0,504.0,0.0205078125,0.0234375,0.00048065185546875,0.048065185546875,0.875,Small (16²–32² px),Tiny (<16² px)
2015,2015_0069_2015.jpg,1,NOMBO,416,416,173056.0,20.0,12.0,240.0,0.04807692307692308,0.028846153846153848,0.0013868343195266271,0.13868343195266272,1.6666666666666667,Tiny (<16² px),Small (16²–32² px)
2015,2015_0069_2015.jpg,1,NOMBO,416,416,173056.0,27.000000000000004,17.0,459.00000000000006,0.06490384615384616,0.040865384615384616,0.002652320636094675,0.2652320636094675,1.5882352941176472,Small (16²–32² px),Medium (32²–96² px)
2015,2015_0069_2015.jpg,1,NOMBO,416,416,173056.0,8.5,10.0,85.0,0.020432692307692308,0.02403846153846154,0.0004911704881656805,0.049117048816568046,0.85,Tiny (<16² px),Tiny (<16² px)
2015,2015_0070_2015.jpg,1,NOMBO,1024,1024,1048576.0,54.0,30.0,1620.0,0.052734375,0.029296875,0.001544952392578125,0.1544952392578125,1.8,Medium (32²–96² px),Small (16²–32² px)
2015,2015_0070_2015.jpg,0,MILCO,1024,1024,1048576.0,43.0,21.0,903.0,0.0419921875,0.0205078125,0.0008611679077148438,0.08611679077148438,2.0476190476190474,Small (16²–32² px),Small (16²–32² px)
2015,2015_0070_2015.jpg,0,MILCO,1024,1024,1048576.0,48.0,20.0,960.0,0.046875,0.01953125,0.00091552734375,0.091552734375,2.4,Small (16²–32² px),Small (16²–32² px)
2015,2015_0071_2015.jpg,1,NOMBO,416,416,173056.0,22.0,12.0,264.0,0.052884615384615384,0.028846153846153848,0.00152551775147929,0.152551775147929,1.8333333333333333,Small (16²–32² px),Small (16²–32² px)
2015,2015_0071_2015.jpg,0,MILCO,416,416,173056.0,18.0,9.0,162.0,0.04326923076923077,0.021634615384615384,0.0009361131656804734,0.09361131656804733,2.0,Tiny (<16² px),Small (16²–32² px)
2015,2015_0071_2015.jpg,0,MILCO,416,416,173056.0,19.5,8.0,156.0,0.046875,0.019230769230769232,0.0009014423076923077,0.09014423076923077,2.4375,Tiny (<16² px),Small (16²–32² px)
2015,2015_0072_2015.jpg,1,NOMBO,416,416,173056.0,25.0,17.5,437.5,0.06009615384615385,0.042067307692307696,0.002528083394970414,0.2528083394970414,1.4285714285714286,Small (16²–32² px),Medium (32²–96² px)
2015,2015_0072_2015.jpg,1,NOMBO,416,416,173056.0,34.0,23.5,799.0,0.08173076923076923,0.056490384615384616,0.004617002588757396,0.4617002588757396,1.446808510638298,Small (16²–32² px),Medium (32²–96² px)
2015,2015_0072_2015.jpg,1,NOMBO,416,416,173056.0,52.5,28.500000000000004,1496.2500000000002,0.12620192307692307,0.06850961538461539,0.008646045210798817,0.8646045210798817,1.8421052631578945,Medium (32²–96² px),Medium (32²–96² px)
2015,2015_0072_2015.jpg,1,NOMBO,416,416,173056.0,20.0,16.0,320.0,0.04807692307692308,0.038461538461538464,0.0018491124260355029,0.1849112426035503,1.25,Small (16²–32² px),Small (16²–32² px)
2015,2015_0073_2015.jpg,1,NOMBO,1024,1024,1048576.0,62.0,43.0,2666.0,0.060546875,0.0419921875,0.0025424957275390625,0.25424957275390625,1.441860465116279,Medium (32²–96² px),Medium (32²–96² px)
2015,2015_0073_2015.jpg,1,NOMBO,1024,1024,1048576.0,84.0,58.0,4872.0,0.08203125,0.056640625,0.00464630126953125,0.464630126953125,1.4482758620689655,Medium (32²–96² px),Medium (32²–96² px)
2015,2015_0073_2015.jpg,1,NOMBO,1024,1024,1048576.0,129.0,70.0,9030.0,0.1259765625,0.068359375,0.008611679077148438,0.8611679077148438,1.8428571428571427,Medium (32²–96² px),Medium (32²–96² px)
2015,2015_0073_2015.jpg,1,NOMBO,1024,1024,1048576.0,49.0,40.0,1960.0,0.0478515625,0.0390625,0.00186920166015625,0.186920166015625,1.225,Medium (32²–96² px),Small (16²–32² px)
2015,2015_0074_2015.jpg,1,NOMBO,1024,1024,1048576.0,44.0,34.0,1496.0,0.04296875,0.033203125,0.00142669677734375,0.142669677734375,1.2941176470588236,Medium (32²–96² px),Small (16²–32² px)
2015,2015_0074_2015.jpg,0,MILCO,1024,1024,1048576.0,124.0,38.0,4712.0,0.12109375,0.037109375,0.00449371337890625,0.449371337890625,3.263157894736842,Medium (32²–96² px),Medium (32²–96² px)
2015,2015_0074_2015.jpg,0,MILCO,1024,1024,1048576.0,44.0,22.0,968.0,0.04296875,0.021484375,0.00092315673828125,0.092315673828125,2.0,Small (16²–32² px),Small (16²–32² px)
2015,2015_0074_2015.jpg,1,NOMBO,1024,1024,1048576.0,88.0,46.0,4048.0,0.0859375,0.044921875,0.0038604736328125,0.38604736328125,1.9130434782608696,Medium (32²–96² px),Medium (32²–96² px)
2015,2015_0075_2015.jpg,1,NOMBO,416,416,173056.0,18.0,14.0,252.0,0.04326923076923077,0.03365384615384615,0.0014561760355029586,0.14561760355029588,1.2857142857142858,Tiny (<16² px),Small (16²–32² px)
2015,2015_0075_2015.jpg,0,MILCO,416,416,173056.0,50.5,15.5,782.75,0.12139423076923077,0.037259615384615384,0.004523102348372781,0.4523102348372781,3.2580645161290325,Small (16²–32² px),Medium (32²–96² px)
2015,2015_0075_2015.jpg,0,MILCO,416,416,173056.0,18.0,9.0,162.0,0.04326923076923077,0.021634615384615384,0.0009361131656804734,0.09361131656804733,2.0,Tiny (<16² px),Small (16²–32² px)
2015,2015_0075_2015.jpg,1,NOMBO,416,416,173056.0,36.0,18.5,666.0,0.08653846153846154,0.04447115384615385,0.0038484652366863907,0.3848465236686391,1.945945945945946,Small (16²–32² px),Medium (32²–96² px)
2015,2015_0076_2015.jpg,0,MILCO,416,416,173056.0,41.5,13.500000000000002,560.2500000000001,0.09975961538461539,0.03245192307692308,0.003237391364644971,0.3237391364644971,3.0740740740740735,Small (16²–32² px),Medium (32²–96² px)
2015,2015_0076_2015.jpg,0,MILCO,416,416,173056.0,29.0,16.0,464.0,0.06971153846153846,0.038461538461538464,0.002681213017751479,0.2681213017751479,1.8125,Small (16²–32² px),Medium (32²–96² px)
2015,2015_0076_2015.jpg,1,NOMBO,416,416,173056.0,36.0,18.5,666.0,0.08653846153846154,0.04447115384615385,0.0038484652366863907,0.3848465236686391,1.945945945945946,Small (16²–32² px),Medium (32²–96² px)
2015,2015_0076_2015.jpg,1,NOMBO,416,416,173056.0,9.5,8.0,76.0,0.02283653846153846,0.019230769230769232,0.00043916420118343197,0.043916420118343194,1.1875,Tiny (<16² px),Tiny (<16² px)
2015,2015_0076_2015.jpg,0,MILCO,416,416,173056.0,24.5,12.0,294.0,0.05889423076923077,0.028846153846153848,0.0016988720414201183,0.16988720414201183,2.0416666666666665,Small (16²–32² px),Small (16²–32² px)
2015,2015_0077_2015.jpg,0,MILCO,1024,1024,1048576.0,101.0,34.0,3434.0,0.0986328125,0.033203125,0.0032749176025390625,0.32749176025390625,2.9705882352941178,Medium (32²–96² px),Medium (32²–96² px)
2015,2015_0077_2015.jpg,0,MILCO,1024,1024,1048576.0,72.0,40.0,2880.0,0.0703125,0.0390625,0.00274658203125,0.274658203125,1.8,Medium (32²–96² px),Medium (32²–96² px)
2015,2015_0077_2015.jpg,1,NOMBO,1024,1024,1048576.0,88.0,46.0,4048.0,0.0859375,0.044921875,0.0038604736328125,0.38604736328125,1.9130434782608696,Medium (32²–96² px),Medium (32²–96² px)
2015,2015_0077_2015.jpg,1,NOMBO,1024,1024,1048576.0,23.0,20.0,460.0,0.0224609375,0.01953125,0.000438690185546875,0.0438690185546875,1.15,Small (16²–32² px),Tiny (<16² px)
2015,2015_0077_2015.jpg,0,MILCO,1024,1024,1048576.0,60.0,30.0,1800.0,0.05859375,0.029296875,0.00171661376953125,0.171661376953125,2.0,Medium (32²–96² px),Small (16²–32² px)
2015,2015_0078_2015.jpg,0,MILCO,1024,1024,1048576.0,54.0,33.0,1782.0,0.052734375,0.0322265625,0.0016994476318359375,0.16994476318359375,1.6363636363636365,Medium (32²–96² px),Small (16²–32² px)
2015,2015_0078_2015.jpg,0,MILCO,1024,1024,1048576.0,37.0,26.0,962.0,0.0361328125,0.025390625,0.0009174346923828125,0.09174346923828125,1.4230769230769231,Small (16²–32² px),Small (16²–32² px)
2015,2015_0078_2015.jpg,0,MILCO,1024,1024,1048576.0,60.0,30.0,1800.0,0.05859375,0.029296875,0.00171661376953125,0.171661376953125,2.0,Medium (32²–96² px),Small (16²–32² px)
2015,2015_0078_2015.jpg,0,MILCO,1024,1024,1048576.0,96.0,24.0,2304.0,0.09375,0.0234375,0.002197265625,0.2197265625,4.0,Medium (32²–96² px),Small (16²–32² px)
2015,2015_0079_2015.jpg,0,MILCO,416,416,173056.0,22.0,13.500000000000002,297.00000000000006,0.052884615384615384,0.03245192307692308,0.0017162074704142015,0.17162074704142016,1.6296296296296293,Small (16²–32² px),Small (16²–32² px)
2015,2015_0079_2015.jpg,0,MILCO,416,416,173056.0,14.999999999999998,10.5,157.49999999999997,0.036057692307692304,0.025240384615384616,0.000910110022189349,0.0910110022189349,1.4285714285714284,Tiny (<16² px),Small (16²–32² px)
2015,2015_0079_2015.jpg,0,MILCO,416,416,173056.0,24.5,12.0,294.0,0.05889423076923077,0.028846153846153848,0.0016988720414201183,0.16988720414201183,2.0416666666666665,Small (16²–32² px),Small (16²–32² px)
2015,2015_0079_2015.jpg,0,MILCO,416,416,173056.0,39.0,10.0,390.0,0.09375,0.02403846153846154,0.002253605769230769,0.2253605769230769,3.9,Small (16²–32² px),Small (16²–32² px)
2015,2015_0080_2015.jpg,0,MILCO,416,416,173056.0,39.0,10.0,390.0,0.09375,0.02403846153846154,0.002253605769230769,0.2253605769230769,3.9,Small (16²–32² px),Small (16²–32² px)
2015,2015_0080_2015.jpg,0,MILCO,416,416,173056.0,20.0,20.5,410.0,0.04807692307692308,0.04927884615384615,0.002369175295857988,0.23691752958579881,0.975609756097561,Small (16²–32² px),Small (16²–32² px)
2015,2015_0081_2015.jpg,0,MILCO,1024,1024,1048576.0,96.0,24.0,2304.0,0.09375,0.0234375,0.002197265625,0.2197265625,4.0,Medium (32²–96² px),Small (16²–32² px)
2015,2015_0081_2015.jpg,0,MILCO,1024,1024,1048576.0,49.0,50.0,2450.0,0.0478515625,0.048828125,0.0023365020751953125,0.23365020751953125,0.98,Medium (32²–96² px),Small (16²–32² px)
2015,2015_0082_2015.jpg,0,MILCO,416,416,173056.0,25.0,10.5,262.5,0.06009615384615385,0.025240384615384616,0.0015168500369822486,0.15168500369822485,2.380952380952381,Small (16²–32² px),Small (16²–32² px)
2015,2015_0082_2015.jpg,0,MILCO,416,416,173056.0,13.500000000000002,8.0,108.00000000000001,0.03245192307692308,0.019230769230769232,0.0006240754437869823,0.06240754437869823,1.6875000000000002,Tiny (<16² px),Tiny (<16² px)
2015,2015_0082_2015.jpg,0,MILCO,416,416,173056.0,14.999999999999998,10.5,157.49999999999997,0.036057692307692304,0.025240384615384616,0.000910110022189349,0.0910110022189349,1.4285714285714284,Tiny (<16² px),Small (16²–32² px)
2015,2015_0083_2015.jpg,0,MILCO,1024,1024,1048576.0,62.0,26.0,1612.0,0.060546875,0.025390625,0.001537322998046875,0.1537322998046875,2.3846153846153846,Medium (32²–96² px),Small (16²–32² px)
2015,2015_0083_2015.jpg,0,MILCO,1024,1024,1048576.0,33.0,20.0,660.0,0.0322265625,0.01953125,0.000629425048828125,0.0629425048828125,1.65,Small (16²–32² px),Small (16²–32² px)
2015,2015_0083_2015.jpg,0,MILCO,1024,1024,1048576.0,37.0,26.0,962.0,0.0361328125,0.025390625,0.0009174346923828125,0.09174346923828125,1.4230769230769231,Small (16²–32² px),Small (16²–32² px)
2015,2015_0084_2015.jpg,0,MILCO,1024,1024,1048576.0,37.0,26.0,962.0,0.0361328125,0.025390625,0.0009174346923828125,0.09174346923828125,1.4230769230769231,Small (16²–32² px),Small (16²–32² px)
2015,2015_0084_2015.jpg,0,MILCO,1024,1024,1048576.0,37.0,18.0,666.0,0.0361328125,0.017578125,0.0006351470947265625,0.06351470947265625,2.0555555555555554,Small (16²–32² px),Small (16²–32² px)
2015,2015_0085_2015.jpg,0,MILCO,416,416,173056.0,14.999999999999998,10.5,157.49999999999997,0.036057692307692304,0.025240384615384616,0.000910110022189349,0.0910110022189349,1.4285714285714284,Tiny (<16² px),Small (16²–32² px)
2015,2015_0085_2015.jpg,0,MILCO,416,416,173056.0,14.999999999999998,7.499999999999999,112.49999999999997,0.036057692307692304,0.018028846153846152,0.0006500785872781064,0.06500785872781063,2.0,Tiny (<16² px),Small (16²–32² px)
2015,2015_0086_2015.jpg,0,MILCO,1024,1024,1048576.0,55.0,28.0,1540.0,0.0537109375,0.02734375,0.001468658447265625,0.1468658447265625,1.9642857142857142,Medium (32²–96² px),Small (16²–32² px)
2015,2015_0086_2015.jpg,0,MILCO,1024,1024,1048576.0,39.0,34.0,1326.0,0.0380859375,0.033203125,0.0012645721435546875,0.12645721435546875,1.1470588235294117,Medium (32²–96² px),Small (16²–32² px)
2015,2015_0086_2015.jpg,0,MILCO,1024,1024,1048576.0,37.0,18.0,666.0,0.0361328125,0.017578125,0.0006351470947265625,0.06351470947265625,2.0555555555555554,Small (16²–32² px),Small (16²–32² px)
2015,2015_0087_2015.jpg,0,MILCO,416,416,173056.0,22.5,11.5,258.75,0.054086538461538464,0.027644230769230768,0.001495180750739645,0.1495180750739645,1.9565217391304348,Small (16²–32² px),Small (16²–32² px)
2015,2015_0087_2015.jpg,0,MILCO,416,416,173056.0,16.0,14.0,224.0,0.038461538461538464,0.03365384615384615,0.0012943786982248522,0.12943786982248523,1.1428571428571428,Tiny (<16² px),Small (16²–32² px)
2015,2015_0087_2015.jpg,0,MILCO,416,416,173056.0,14.999999999999998,7.499999999999999,112.49999999999997,0.036057692307692304,0.018028846153846152,0.0006500785872781064,0.06500785872781063,2.0,Tiny (<16² px),Small (16²–32² px)
2015,2015_0088_2015.jpg,0,MILCO,416,416,173056.0,36.0,14.5,522.0,0.08653846153846154,0.03485576923076923,0.003016364644970414,0.3016364644970414,2.4827586206896552,Small (16²–32² px),Medium (32²–96² px)
2015,2015_0088_2015.jpg,1,NOMBO,416,416,173056.0,14.0,12.0,168.0,0.03365384615384615,0.028846153846153848,0.000970784023668639,0.09707840236686391,1.1666666666666667,Tiny (<16² px),Small (16²–32² px)
2015,2015_0088_2015.jpg,0,MILCO,416,416,173056.0,13.500000000000002,19.5,263.25000000000006,0.03245192307692308,0.046875,0.0015211838942307695,0.15211838942307696,0.6923076923076924,Small (16²–32² px),Small (16²–32² px)
2015,2015_0089_2015.jpg,0,MILCO,1024,1024,1048576.0,88.0,36.0,3168.0,0.0859375,0.03515625,0.003021240234375,0.3021240234375,2.4444444444444446,Medium (32²–96² px),Medium (32²–96² px)
2015,2015_0089_2015.jpg,1,NOMBO,1024,1024,1048576.0,34.0,30.0,1020.0,0.033203125,0.029296875,0.000972747802734375,0.0972747802734375,1.1333333333333333,Small (16²–32² px),Small (16²–32² px)
2015,2015_0089_2015.jpg,0,MILCO,1024,1024,1048576.0,33.0,48.0,1584.0,0.0322265625,0.046875,0.0015106201171875,0.15106201171875,0.6875,Medium (32²–96² px),Small (16²–32² px)
2015,2015_0090_2015.jpg,1,NOMBO,1024,1024,1048576.0,37.0,26.0,962.0,0.0361328125,0.025390625,0.0009174346923828125,0.09174346923828125,1.4230769230769231,Small (16²–32² px),Small (16²–32² px)
2015,2015_0090_2015.jpg,1,NOMBO,1024,1024,1048576.0,29.0,21.0,609.0,0.0283203125,0.0205078125,0.0005807876586914062,0.058078765869140625,1.380952380952381,Small (16²–32² px),Tiny (<16² px)
2015,2015_0090_2015.jpg,0,MILCO,1024,1024,1048576.0,33.0,48.0,1584.0,0.0322265625,0.046875,0.0015106201171875,0.15106201171875,0.6875,Medium (32²–96² px),Small (16²–32² px)
2015,2015_0090_2015.jpg,1,NOMBO,1024,1024,1048576.0,38.0,33.0,1254.0,0.037109375,0.0322265625,0.0011959075927734375,0.11959075927734375,1.1515151515151516,Medium (32²–96² px),Small (16²–32² px)
2015,2015_0090_2015.jpg,1,NOMBO,1024,1024,1048576.0,29.0,30.0,870.0,0.0283203125,0.029296875,0.0008296966552734375,0.08296966552734375,0.9666666666666667,Small (16²–32² px),Small (16²–32² px)
2015,2015_0090_2015.jpg,0,MILCO,1024,1024,1048576.0,30.0,32.0,960.0,0.029296875,0.03125,0.00091552734375,0.091552734375,0.9375,Small (16²–32² px),Small (16²–32² px)
2015,2015_0090_2015.jpg,1,NOMBO,1024,1024,1048576.0,29.0,23.0,667.0,0.0283203125,0.0224609375,0.0006361007690429688,0.06361007690429688,1.2608695652173914,Small (16²–32² px),Small (16²–32² px)
2015,2015_0091_2015.jpg,0,MILCO,1024,1024,1048576.0,62.0,16.0,992.0,0.060546875,0.015625,0.000946044921875,0.0946044921875,3.875,Small (16²–32² px),Small (16²–32² px)
2015,2015_0091_2015.jpg,1,NOMBO,1024,1024,1048576.0,60.0,27.0,1620.0,0.05859375,0.0263671875,0.001544952392578125,0.1544952392578125,2.2222222222222223,Medium (32²–96² px),Small (16²–32² px)
2015,2015_0091_2015.jpg,0,MILCO,1024,1024,1048576.0,99.0,28.0,2772.0,0.0966796875,0.02734375,0.002643585205078125,0.2643585205078125,3.5357142857142856,Medium (32²–96² px),Medium (32²–96² px)
2015,2015_0092_2015.jpg,0,MILCO,416,416,173056.0,44.0,13.0,572.0,0.10576923076923077,0.03125,0.0033052884615384615,0.33052884615384615,3.3846153846153846,Small (16²–32² px),Medium (32²–96² px)
2015,2015_0093_2015.jpg,0,MILCO,1024,1024,1048576.0,108.0,32.0,3456.0,0.10546875,0.03125,0.0032958984375,0.32958984375,3.375,Medium (32²–96² px),Medium (32²–96² px)
2015,2015_0094_2015.jpg,0,MILCO,416,416,173056.0,23.5,8.0,188.0,0.056490384615384616,0.019230769230769232,0.001086353550295858,0.1086353550295858,2.9375,Tiny (<16² px),Small (16²–32² px)
2015,2015_0095_2015.jpg,0,MILCO,1024,1024,1048576.0,58.0,20.0,1160.0,0.056640625,0.01953125,0.00110626220703125,0.110626220703125,2.9,Medium (32²–96² px),Small (16²–32² px)
2015,2015_0096_2015.jpg,0,MILCO,416,416,173056.0,28.0,11.0,308.0,0.0673076923076923,0.026442307692307692,0.0017797707100591716,0.17797707100591717,2.5454545454545454,Small (16²–32² px),Small (16²–32² px)
2015,2015_0097_2015.jpg,0,MILCO,1024,1024,1048576.0,69.0,27.0,1863.0,0.0673828125,0.0263671875,0.0017766952514648438,0.17766952514648438,2.5555555555555554,Medium (32²–96² px),Small (16²–32² px)
2015,2015_0098_2015.jpg,0,MILCO,1024,1024,1048576.0,35.0,28.0,980.0,0.0341796875,0.02734375,0.000934600830078125,0.0934600830078125,1.25,Small (16²–32² px),Small (16²–32² px)
2015,2015_0099_2015.jpg,0,MILCO,1024,1024,1048576.0,69.0,16.0,1104.0,0.0673828125,0.015625,0.0010528564453125,0.10528564453125,4.3125,Medium (32²–96² px),Small (16²–32² px)
2015,2015_0100_2015.jpg,1,NOMBO,416,416,173056.0,10.0,10.0,100.0,0.02403846153846154,0.02403846153846154,0.0005778476331360947,0.05778476331360947,1.0,Tiny (<16² px),Tiny (<16² px)
2015,2015_0101_2015.jpg,1,NOMBO,1024,1024,1048576.0,24.0,25.0,600.0,0.0234375,0.0244140625,0.00057220458984375,0.057220458984375,0.96,Small (16²–32² px),Tiny (<16² px)
2015,2015_0102_2015.jpg,0,MILCO,1024,1024,1048576.0,46.0,20.0,920.0,0.044921875,0.01953125,0.00087738037109375,0.087738037109375,2.3,Small (16²–32² px),Small (16²–32² px)
2015,2015_0103_2015.jpg,0,MILCO,416,416,173056.0,18.5,8.0,148.0,0.04447115384615385,0.019230769230769232,0.0008552144970414201,0.08552144970414202,2.3125,Tiny (<16² px),Small (16²–32² px)
2015,2015_0104_2015.jpg,0,MILCO,416,416,173056.0,18.5,8.0,148.0,0.04447115384615385,0.019230769230769232,0.0008552144970414201,0.08552144970414202,2.3125,Tiny (<16² px),Small (16²–32² px)
2015,2015_0104_2015.jpg,1,NOMBO,416,416,173056.0,10.0,4.5,45.0,0.02403846153846154,0.010817307692307692,0.00026003143491124263,0.026003143491124262,2.2222222222222223,Tiny (<16² px),Tiny (<16² px)
2015,2015_0104_2015.jpg,0,MILCO,416,416,173056.0,31.0,6.5,201.5,0.07451923076923077,0.015625,0.0011643629807692308,0.11643629807692307,4.769230769230769,Tiny (<16² px),Small (16²–32² px)
2015,2015_0105_2015.jpg,0,MILCO,1024,1024,1048576.0,46.0,20.0,920.0,0.044921875,0.01953125,0.00087738037109375,0.087738037109375,2.3,Small (16²–32² px),Small (16²–32² px)
2015,2015_0105_2015.jpg,1,NOMBO,1024,1024,1048576.0,24.0,11.0,264.0,0.0234375,0.0107421875,0.00025177001953125,0.025177001953125,2.1818181818181817,Small (16²–32² px),Tiny (<16² px)
2015,2015_0105_2015.jpg,0,MILCO,1024,1024,1048576.0,76.0,16.0,1216.0,0.07421875,0.015625,0.00115966796875,0.115966796875,4.75,Medium (32²–96² px),Small (16²–32² px)
2015,2015_0106_2015.jpg,0,MILCO,416,416,173056.0,29.0,14.0,406.0,0.06971153846153846,0.03365384615384615,0.0023460613905325442,0.23460613905325442,2.0714285714285716,Small (16²–32² px),Small (16²–32² px)
2015,2015_0106_2015.jpg,1,NOMBO,416,416,173056.0,20.5,12.0,246.0,0.04927884615384615,0.028846153846153848,0.001421505177514793,0.1421505177514793,1.7083333333333333,Tiny (<16² px),Small (16²–32² px)
2015,2015_0106_2015.jpg,0,MILCO,416,416,173056.0,20.5,11.0,225.5,0.04927884615384615,0.026442307692307692,0.0013030464127218935,0.13030464127218935,1.8636363636363635,Tiny (<16² px),Small (16²–32² px)
2015,2015_0107_2015.jpg,0,MILCO,1024,1024,1048576.0,71.0,35.0,2485.0,0.0693359375,0.0341796875,0.0023698806762695312,0.23698806762695312,2.0285714285714285,Medium (32²–96² px),Small (16²–32² px)
2015,2015_0107_2015.jpg,1,NOMBO,1024,1024,1048576.0,51.0,30.0,1530.0,0.0498046875,0.029296875,0.0014591217041015625,0.14591217041015625,1.7,Medium (32²–96² px),Small (16²–32² px)
2015,2015_0107_2015.jpg,0,MILCO,1024,1024,1048576.0,51.0,27.0,1377.0,0.0498046875,0.0263671875,0.0013132095336914062,0.13132095336914062,1.8888888888888888,Medium (32²–96² px),Small (16²–32² px)
2015,2015_0110_2015.jpg,0,MILCO,1024,1024,1048576.0,32.0,28.0,896.0,0.03125,0.02734375,0.0008544921875,0.08544921875,1.1428571428571428,Small (16²–32² px),Small (16²–32² px)
2015,2015_0110_2015.jpg,1,NOMBO,1024,1024,1048576.0,72.0,30.0,2160.0,0.0703125,0.029296875,0.0020599365234375,0.20599365234375,2.4,Medium (32²–96² px),Small (16²–32² px)
2015,2015_0110_2015.jpg,0,MILCO,1024,1024,1048576.0,39.0,20.0,780.0,0.0380859375,0.01953125,0.000743865966796875,0.0743865966796875,1.95,Small (16²–32² px),Small (16²–32² px)
2015,2015_0110_2015.jpg,0,MILCO,1024,1024,1048576.0,56.0,15.0,840.0,0.0546875,0.0146484375,0.00080108642578125,0.080108642578125,3.7333333333333334,Small (16²–32² px),Small (16²–32² px)
2015,2015_0110_2015.jpg,1,NOMBO,1024,1024,1048576.0,141.0,30.0,4230.0,0.1376953125,0.029296875,0.0040340423583984375,0.40340423583984375,4.7,Medium (32²–96² px),Medium (32²–96² px)
2015,2015_0110_2015.jpg,1,NOMBO,1024,1024,1048576.0,98.0,35.0,3430.0,0.095703125,0.0341796875,0.0032711029052734375,0.32711029052734375,2.8,Medium (32²–96² px),Medium (32²–96² px)
2015,2015_0111_2015.jpg,0,MILCO,416,416,173056.0,13.0,11.5,149.5,0.03125,0.027644230769230768,0.0008638822115384615,0.08638822115384615,1.1304347826086956,Tiny (<16² px),Small (16²–32² px)
2015,2015_0111_2015.jpg,1,NOMBO,416,416,173056.0,29.0,12.0,348.0,0.06971153846153846,0.028846153846153848,0.0020109097633136093,0.20109097633136094,2.4166666666666665,Small (16²–32² px),Small (16²–32² px)
2015,2015_0111_2015.jpg,0,MILCO,416,416,173056.0,16.0,8.0,128.0,0.038461538461538464,0.019230769230769232,0.0007396449704142012,0.07396449704142012,2.0,Tiny (<16² px),Small (16²–32² px)
2015,2015_0111_2015.jpg,0,MILCO,416,416,173056.0,23.0,6.0,138.0,0.055288461538461536,0.014423076923076924,0.0007974297337278106,0.07974297337278106,3.8333333333333335,Tiny (<16² px),Small (16²–32² px)
2015,2015_0111_2015.jpg,1,NOMBO,416,416,173056.0,57.5,12.0,690.0,0.13822115384615385,0.028846153846153848,0.003987148668639053,0.39871486686390534,4.791666666666667,Small (16²–32² px),Medium (32²–96² px)
2015,2015_0111_2015.jpg,1,NOMBO,416,416,173056.0,39.5,14.5,572.75,0.09495192307692307,0.03485576923076923,0.0033096223187869824,0.3309622318786982,2.7241379310344827,Small (16²–32² px),Medium (32²–96² px)
2015,2015_0112_2015.jpg,0,MILCO,1024,1024,1048576.0,56.0,23.0,1288.0,0.0546875,0.0224609375,0.00122833251953125,0.122833251953125,2.4347826086956523,Medium (32²–96² px),Small (16²–32² px)
2015,2015_0112_2015.jpg,0,MILCO,1024,1024,1048576.0,32.0,30.0,960.0,0.03125,0.029296875,0.00091552734375,0.091552734375,1.0666666666666667,Small (16²–32² px),Small (16²–32² px)
2015,2015_0112_2015.jpg,0,MILCO,1024,1024,1048576.0,39.0,33.0,1287.0,0.0380859375,0.0322265625,0.0012273788452148438,0.12273788452148438,1.1818181818181819,Medium (32²–96² px),Small (16²–32² px)
2015,2015_0112_2015.jpg,0,MILCO,1024,1024,1048576.0,67.0,20.0,1340.0,0.0654296875,0.01953125,0.001277923583984375,0.1277923583984375,3.35,Medium (32²–96² px),Small (16²–32² px)
2015,2015_0113_2015.jpg,0,MILCO,1024,1024,1048576.0,67.0,20.0,1340.0,0.0654296875,0.01953125,0.001277923583984375,0.1277923583984375,3.35,Medium (32²–96² px),Small (16²–32² px)
2015,2015_0113_2015.jpg,0,MILCO,1024,1024,1048576.0,56.0,23.0,1288.0,0.0546875,0.0224609375,0.00122833251953125,0.122833251953125,2.4347826086956523,Medium (32²–96² px),Small (16²–32² px)
2015,2015_0113_2015.jpg,1,NOMBO,1024,1024,1048576.0,19.0,25.0,475.0,0.0185546875,0.0244140625,0.00045299530029296875,0.045299530029296875,0.76,Small (16²–32² px),Tiny (<16² px)
2015,2015_0113_2015.jpg,1,NOMBO,1024,1024,1048576.0,66.0,32.0,2112.0,0.064453125,0.03125,0.00201416015625,0.201416015625,2.0625,Medium (32²–96² px),Small (16²–32² px)
2015,2015_0113_2015.jpg,1,NOMBO,1024,1024,1048576.0,62.0,21.0,1302.0,0.060546875,0.0205078125,0.0012416839599609375,0.12416839599609375,2.9523809523809526,Medium (32²–96² px),Small (16²–32² px)
2015,2015_0113_2015.jpg,1,NOMBO,1024,1024,1048576.0,13.0,22.0,286.0,0.0126953125,0.021484375,0.0002727508544921875,0.02727508544921875,0.5909090909090909,Small (16²–32² px),Tiny (<16² px)
2015,2015_0113_2015.jpg,0,MILCO,1024,1024,1048576.0,56.0,17.0,952.0,0.0546875,0.0166015625,0.00090789794921875,0.090789794921875,3.2941176470588234,Small (16²–32² px),Small (16²–32² px)
2015,2015_0113_2015.jpg,1,NOMBO,1024,1024,1048576.0,96.0,40.0,3840.0,0.09375,0.0390625,0.003662109375,0.3662109375,2.4,Medium (32²–96² px),Medium (32²–96² px)
2015,2015_0114_2015.jpg,1,NOMBO,416,416,173056.0,25.0,8.5,212.5,0.06009615384615385,0.020432692307692308,0.0012279262204142013,0.12279262204142012,2.9411764705882355,Tiny (<16² px),Small (16²–32² px)
2015,2015_0114_2015.jpg,0,MILCO,416,416,173056.0,19.0,13.0,247.0,0.04567307692307692,0.03125,0.0014272836538461538,0.14272836538461536,1.4615384615384615,Tiny (<16² px),Small (16²–32² px)
2015,2015_0115_2015.jpg,1,NOMBO,1024,1024,1048576.0,61.0,21.0,1281.0,0.0595703125,0.0205078125,0.0012216567993164062,0.12216567993164062,2.9047619047619047,Medium (32²–96² px),Small (16²–32² px)
2015,2015_0115_2015.jpg,0,MILCO,1024,1024,1048576.0,47.0,32.0,1504.0,0.0458984375,0.03125,0.001434326171875,0.1434326171875,1.46875,Medium (32²–96² px),Small (16²–32² px)
2015,2015_0116_2015.jpg,0,MILCO,416,416,173056.0,14.0,8.0,112.0,0.03365384615384615,0.019230769230769232,0.0006471893491124261,0.06471893491124261,1.75,Tiny (<16² px),Small (16²–32² px)
2015,2015_0117_2015.jpg,0,MILCO,1024,1024,1048576.0,34.0,20.0,680.0,0.033203125,0.01953125,0.00064849853515625,0.064849853515625,1.7,Small (16²–32² px),Small (16²–32² px)
2015,2015_0118_2015.jpg,0,MILCO,1024,1024,1048576.0,54.0,41.0,2214.0,0.052734375,0.0400390625,0.0021114349365234375,0.21114349365234375,1.3170731707317074,Medium (32²–96² px),Small (16²–32² px)
2015,2015_0118_2015.jpg,0,MILCO,1024,1024,1048576.0,69.0,25.0,1725.0,0.0673828125,0.0244140625,0.0016450881958007812,0.16450881958007812,2.76,Medium (32²–96² px),Small (16²–32² px)
2015,2015_0119_2015.jpg,0,MILCO,1024,1024,1048576.0,69.0,25.0,1725.0,0.0673828125,0.0244140625,0.0016450881958007812,0.16450881958007812,2.76,Medium (32²–96² px),Small (16²–32² px)
2015,2015_0120_2015.jpg,0,MILCO,416,416,173056.0,28.0,10.0,280.0,0.0673076923076923,0.02403846153846154,0.0016179733727810651,0.16179733727810652,2.8,Small (16²–32² px),Small (16²–32² px)
2017,2017_0001_2017.jpg,0,MILCO,1024,1024,1048576.0,44.0,16.0,704.0,0.04296875,0.015625,0.00067138671875,0.067138671875,2.75,Small (16²–32² px),Small (16²–32² px)
2017,2017_0002_2017.jpg,0,MILCO,416,416,173056.0,19.5,12.0,234.0,0.046875,0.028846153846153848,0.0013521634615384615,0.13521634615384615,1.625,Tiny (<16² px),Small (16²–32² px)
2017,2017_0002_2017.jpg,0,MILCO,416,416,173056.0,18.0,6.5,117.0,0.04326923076923077,0.015625,0.0006760817307692308,0.06760817307692307,2.769230769230769,Tiny (<16² px),Small (16²–32² px)
2017,2017_0003_2017.jpg,0,MILCO,1024,1024,1048576.0,48.0,29.0,1392.0,0.046875,0.0283203125,0.0013275146484375,0.13275146484375,1.6551724137931034,Medium (32²–96² px),Small (16²–32² px)
2017,2017_0003_2017.jpg,0,MILCO,1024,1024,1048576.0,44.0,16.0,704.0,0.04296875,0.015625,0.00067138671875,0.067138671875,2.75,Small (16²–32² px),Small (16²–32² px)
2017,2017_0004_2017.jpg,0,MILCO,1024,1024,1048576.0,48.0,29.0,1392.0,0.046875,0.0283203125,0.0013275146484375,0.13275146484375,1.6551724137931034,Medium (32²–96² px),Small (16²–32² px)
2017,2017_0005_2017.jpg,0,MILCO,416,416,173056.0,19.5,12.0,234.0,0.046875,0.028846153846153848,0.0013521634615384615,0.13521634615384615,1.625,Tiny (<16² px),Small (16²–32² px)
2017,2017_0006_2017.jpg,0,MILCO,1024,1024,1048576.0,33.0,35.0,1155.0,0.0322265625,0.0341796875,0.0011014938354492188,0.11014938354492188,0.9428571428571428,Medium (32²–96² px),Small (16²–32² px)
2017,2017_0007_2017.jpg,0,MILCO,416,416,173056.0,13.500000000000002,14.0,189.00000000000003,0.03245192307692308,0.03365384615384615,0.001092132026627219,0.10921320266272191,0.9642857142857144,Tiny (<16² px),Small (16²–32² px)
2017,2017_0008_2017.jpg,0,MILCO,1024,1024,1048576.0,46.0,22.0,1012.0,0.044921875,0.021484375,0.000965118408203125,0.0965118408203125,2.090909090909091,Small (16²–32² px),Small (16²–32² px)
2017,2017_0009_2017.jpg,0,MILCO,1024,1024,1048576.0,46.0,22.0,1012.0,0.044921875,0.021484375,0.000965118408203125,0.0965118408203125,2.090909090909091,Small (16²–32² px),Small (16²–32² px)
2017,2017_0009_2017.jpg,0,MILCO,1024,1024,1048576.0,32.0,15.0,480.0,0.03125,0.0146484375,0.000457763671875,0.0457763671875,2.1333333333333333,Small (16²–32² px),Tiny (<16² px)
2017,2017_0009_2017.jpg,0,MILCO,1024,1024,1048576.0,48.0,20.0,960.0,0.046875,0.01953125,0.00091552734375,0.091552734375,2.4,Small (16²–32² px),Small (16²–32² px)
2017,2017_0010_2017.jpg,0,MILCO,416,416,173056.0,18.5,9.0,166.5,0.04447115384615385,0.021634615384615384,0.0009621163091715977,0.09621163091715977,2.0555555555555554,Tiny (<16² px),Small (16²–32² px)
2017,2017_0010_2017.jpg,0,MILCO,416,416,173056.0,13.0,6.0,78.0,0.03125,0.014423076923076924,0.00045072115384615387,0.045072115384615384,2.1666666666666665,Tiny (<16² px),Tiny (<16² px)
2017,2017_0010_2017.jpg,0,MILCO,416,416,173056.0,19.5,8.0,156.0,0.046875,0.019230769230769232,0.0009014423076923077,0.09014423076923077,2.4375,Tiny (<16² px),Small (16²–32² px)
2017,2017_0013_2017.jpg,0,MILCO,1024,1024,1048576.0,58.0,22.0,1276.0,0.056640625,0.021484375,0.001216888427734375,0.1216888427734375,2.6363636363636362,Medium (32²–96² px),Small (16²–32² px)
2017,2017_0013_2017.jpg,0,MILCO,1024,1024,1048576.0,28.0,26.0,728.0,0.02734375,0.025390625,0.00069427490234375,0.069427490234375,1.0769230769230769,Small (16²–32² px),Small (16²–32² px)
2017,2017_0014_2017.jpg,0,MILCO,416,416,173056.0,23.5,9.0,211.5,0.056490384615384616,0.021634615384615384,0.0012221477440828403,0.12221477440828403,2.611111111111111,Tiny (<16² px),Small (16²–32² px)
2017,2017_0014_2017.jpg,0,MILCO,416,416,173056.0,11.5,10.5,120.75,0.027644230769230768,0.025240384615384616,0.0006977510170118344,0.06977510170118344,1.0952380952380953,Tiny (<16² px),Small (16²–32² px)
2017,2017_0038_2017.jpg,0,MILCO,416,416,173056.0,12.0,6.5,78.0,0.028846153846153848,0.015625,0.00045072115384615387,0.045072115384615384,1.8461538461538463,Tiny (<16² px),Tiny (<16² px)
2017,2017_0038_2017.jpg,0,MILCO,416,416,173056.0,10.5,8.5,89.25,0.025240384615384616,0.020432692307692308,0.0005157290125739645,0.05157290125739645,1.2352941176470589,Tiny (<16² px),Tiny (<16² px)
2017,2017_0039_2017.jpg,0,MILCO,1024,1024,1048576.0,30.0,16.0,480.0,0.029296875,0.015625,0.000457763671875,0.0457763671875,1.875,Small (16²–32² px),Tiny (<16² px)
2017,2017_0039_2017.jpg,0,MILCO,1024,1024,1048576.0,26.0,21.0,546.0,0.025390625,0.0205078125,0.0005207061767578125,0.05207061767578125,1.2380952380952381,Small (16²–32² px),Tiny (<16² px)
2017,2017_0040_2017.jpg,0,MILCO,1024,1024,1048576.0,30.0,16.0,480.0,0.029296875,0.015625,0.000457763671875,0.0457763671875,1.875,Small (16²–32² px),Tiny (<16² px)
2017,2017_0040_2017.jpg,0,MILCO,1024,1024,1048576.0,21.0,16.0,336.0,0.0205078125,0.015625,0.0003204345703125,0.03204345703125,1.3125,Small (16²–32² px),Tiny (<16² px)
2017,2017_0041_2017.jpg,0,MILCO,416,416,173056.0,11.5,7.0,80.5,0.027644230769230768,0.016826923076923076,0.0004651673446745562,0.04651673446745562,1.6428571428571428,Tiny (<16² px),Tiny (<16² px)
2017,2017_0042_2017.jpg,0,MILCO,1024,1024,1048576.0,28.0,17.0,476.0,0.02734375,0.0166015625,0.000453948974609375,0.0453948974609375,1.6470588235294117,Small (16²–32² px),Tiny (<16² px)
2017,2017_0066_2017.jpg,1,NOMBO,416,416,173056.0,19.0,8.0,152.0,0.04567307692307692,0.019230769230769232,0.0008783284023668639,0.08783284023668639,2.375,Tiny (<16² px),Small (16²–32² px)
2017,2017_0067_2017.jpg,1,NOMBO,1024,1024,1048576.0,47.0,20.0,940.0,0.0458984375,0.01953125,0.000896453857421875,0.0896453857421875,2.35,Small (16²–32² px),Small (16²–32² px)
2018,2018_0021_2018.jpg,0,MILCO,1024,1024,1048576.0,53.0,31.0,1643.0,0.0517578125,0.0302734375,0.0015668869018554688,0.15668869018554688,1.7096774193548387,Medium (32²–96² px),Small (16²–32² px)
2018,2018_0022_2018.jpg,0,MILCO,416,416,173056.0,21.5,12.5,268.75,0.051682692307692304,0.030048076923076924,0.0015529655140532545,0.15529655140532544,1.72,Small (16²–32² px),Small (16²–32² px)
2018,2018_0023_2018.jpg,0,MILCO,1024,1024,1048576.0,53.0,31.0,1643.0,0.0517578125,0.0302734375,0.0015668869018554688,0.15668869018554688,1.7096774193548387,Medium (32²–96² px),Small (16²–32² px)
2018,2018_0036_2018.jpg,0,MILCO,1024,1024,1048576.0,46.0,35.0,1610.0,0.044921875,0.0341796875,0.0015354156494140625,0.15354156494140625,1.3142857142857143,Medium (32²–96² px),Small (16²–32² px)
2018,2018_0037_2018.jpg,0,MILCO,416,416,173056.0,18.5,14.0,259.0,0.04447115384615385,0.03365384615384615,0.0014966253698224853,0.14966253698224852,1.3214285714285714,Small (16²–32² px),Small (16²–32² px)
2018,2018_0048_2018.jpg,1,NOMBO,1024,1024,1048576.0,59.0,41.0,2419.0,0.0576171875,0.0400390625,0.0023069381713867188,0.23069381713867188,1.4390243902439024,Medium (32²–96² px),Small (16²–32² px)
2018,2018_0068_2018.jpg,1,NOMBO,1024,1024,1048576.0,81.0,64.0,5184.0,0.0791015625,0.0625,0.00494384765625,0.494384765625,1.265625,Medium (32²–96² px),Medium (32²–96² px)
2018,2018_0079_2018.jpg,1,NOMBO,1024,1024,1048576.0,76.0,46.0,3496.0,0.07421875,0.044921875,0.00333404541015625,0.333404541015625,1.6521739130434783,Medium (32²–96² px),Medium (32²–96² px)
2018,2018_0079_2018.jpg,0,MILCO,1024,1024,1048576.0,33.0,19.0,627.0,0.0322265625,0.0185546875,0.0005979537963867188,0.059795379638671875,1.736842105263158,Small (16²–32² px),Tiny (<16² px)
2018,2018_0080_2018.jpg,1,NOMBO,416,416,173056.0,31.0,18.5,573.5,0.07451923076923077,0.04447115384615385,0.003313956176035503,0.3313956176035503,1.6756756756756757,Small (16²–32² px),Medium (32²–96² px)
2018,2018_0080_2018.jpg,0,MILCO,416,416,173056.0,13.500000000000002,7.499999999999999,101.25,0.03245192307692308,0.018028846153846152,0.0005850707285502959,0.05850707285502959,1.8000000000000005,Tiny (<16² px),Tiny (<16² px)
2018,2018_0083_2018.jpg,1,NOMBO,416,416,173056.0,18.0,25.5,459.0,0.04326923076923077,0.06129807692307692,0.0026523206360946744,0.26523206360946744,0.7058823529411765,Small (16²–32² px),Medium (32²–96² px)
2018,2018_0084_2018.jpg,1,NOMBO,1024,1024,1048576.0,44.0,63.0,2772.0,0.04296875,0.0615234375,0.002643585205078125,0.2643585205078125,0.6984126984126984,Medium (32²–96² px),Medium (32²–96² px)
2018,2018_0085_2018.jpg,1,NOMBO,1024,1024,1048576.0,33.0,39.0,1287.0,0.0322265625,0.0380859375,0.0012273788452148438,0.12273788452148438,0.8461538461538461,Medium (32²–96² px),Small (16²–32² px)
2018,2018_0107_2018.jpg,0,MILCO,1024,1024,1048576.0,46.0,47.0,2162.0,0.044921875,0.0458984375,0.0020618438720703125,0.20618438720703125,0.9787234042553191,Medium (32²–96² px),Small (16²–32² px)
2018,2018_0117_2018.jpg,1,NOMBO,416,416,173056.0,14.5,18.5,268.25,0.03485576923076923,0.04447115384615385,0.001550076275887574,0.15500762758875739,0.7837837837837838,Small (16²–32² px),Small (16²–32² px)
2018,2018_0118_2018.jpg,1,NOMBO,1024,1024,1048576.0,36.0,46.0,1656.0,0.03515625,0.044921875,0.00157928466796875,0.157928466796875,0.782608695652174,Medium (32²–96² px),Small (16²–32² px)
2018,2018_0131_2018.jpg,0,MILCO,1024,1024,1048576.0,44.0,28.0,1232.0,0.04296875,0.02734375,0.0011749267578125,0.11749267578125,1.5714285714285714,Medium (32²–96² px),Small (16²–32² px)
2018,2018_0132_2018.jpg,0,MILCO,416,416,173056.0,18.0,11.5,207.0,0.04326923076923077,0.027644230769230768,0.001196144600591716,0.1196144600591716,1.565217391304348,Tiny (<16² px),Small (16²–32² px)
2018,2018_0137_2018.jpg,0,MILCO,416,416,173056.0,18.0,21.5,387.0,0.04326923076923077,0.051682692307692304,0.0022362703402366863,0.22362703402366862,0.8372093023255814,Small (16²–32² px),Small (16²–32² px)
2018,2018_0138_2018.jpg,0,MILCO,1024,1024,1048576.0,44.0,53.0,2332.0,0.04296875,0.0517578125,0.002223968505859375,0.2223968505859375,0.8301886792452831,Medium (32²–96² px),Small (16²–32² px)
2018,2018_0147_2018.jpg,0,MILCO,416,416,173056.0,14.999999999999998,13.500000000000002,202.5,0.036057692307692304,0.03245192307692308,0.0011701414571005917,0.11701414571005918,1.111111111111111,Tiny (<16² px),Small (16²–32² px)
2018,2018_0148_2018.jpg,0,MILCO,1024,1024,1048576.0,37.0,33.0,1221.0,0.0361328125,0.0322265625,0.0011644363403320312,0.11644363403320312,1.121212121212121,Medium (32²–96² px),Small (16²–32² px)
2018,2018_0166_2018.jpg,0,MILCO,1024,1024,1048576.0,38.0,31.0,1178.0,0.037109375,0.0302734375,0.0011234283447265625,0.11234283447265625,1.2258064516129032,Medium (32²–96² px),Small (16²–32² px)
2018,2018_0212_2018.jpg,0,MILCO,416,416,173056.0,14.5,16.0,232.0,0.03485576923076923,0.038461538461538464,0.0013406065088757396,0.13406065088757396,0.90625,Tiny (<16² px),Small (16²–32² px)
2018,2018_0213_2018.jpg,0,MILCO,1024,1024,1048576.0,36.0,40.0,1440.0,0.03515625,0.0390625,0.001373291015625,0.1373291015625,0.9,Medium (32²–96² px),Small (16²–32² px)
2018,2018_0268_2018.jpg,1,NOMBO,1024,1024,1048576.0,28.0,14.0,392.0,0.02734375,0.013671875,0.00037384033203125,0.037384033203125,2.0,Small (16²–32² px),Tiny (<16² px)
2018,2018_0269_2018.jpg,1,NOMBO,416,416,173056.0,11.5,5.5,63.25,0.027644230769230768,0.013221153846153846,0.0003654886279585799,0.03654886279585799,2.090909090909091,Tiny (<16² px),Tiny (<16² px)
2018,2018_0270_2018.jpg,0,MILCO,1024,1024,1048576.0,28.0,14.0,392.0,0.02734375,0.013671875,0.00037384033203125,0.037384033203125,2.0,Small (16²–32² px),Tiny (<16² px)
2018,2018_0275_2018.jpg,0,MILCO,416,416,173056.0,24.0,13.500000000000002,324.00000000000006,0.057692307692307696,0.03245192307692308,0.001872226331360947,0.1872226331360947,1.7777777777777775,Small (16²–32² px),Small (16²–32² px)
2018,2018_0276_2018.jpg,0,MILCO,1024,1024,1048576.0,59.0,33.0,1947.0,0.0576171875,0.0322265625,0.0018568038940429688,0.18568038940429688,1.7878787878787878,Medium (32²–96² px),Small (16²–32² px)
2018,2018_0282_2018.jpg,0,MILCO,1024,1024,1048576.0,27.0,32.0,864.0,0.0263671875,0.03125,0.000823974609375,0.0823974609375,0.84375,Small (16²–32² px),Small (16²–32² px)
2018,2018_0285_2018.jpg,1,NOMBO,1024,1024,1048576.0,107.0,115.0,12305.0,0.1044921875,0.1123046875,0.011734962463378906,1.1734962463378906,0.9304347826086956,Large (≥96² px),Medium (32²–96² px)
2018,2018_0286_2018.jpg,1,NOMBO,416,416,173056.0,43.5,46.5,2022.75,0.1045673076923077,0.11177884615384616,0.011688412999260355,1.1688412999260356,0.9354838709677419,Medium (32²–96² px),Medium (32²–96² px)
2018,2018_0319_2018.jpg,1,NOMBO,1024,1024,1048576.0,66.0,85.0,5610.0,0.064453125,0.0830078125,0.0053501129150390625,0.5350112915039062,0.7764705882352941,Medium (32²–96² px),Medium (32²–96² px)
2018,2018_0320_2018.jpg,1,NOMBO,416,416,173056.0,27.000000000000004,34.5,931.5000000000001,0.06490384615384616,0.0829326923076923,0.005382650702662722,0.5382650702662722,0.7826086956521741,Small (16²–32² px),Medium (32²–96² px)
2018,2018_0324_2018.jpg,1,NOMBO,1024,1024,1048576.0,31.0,66.0,2046.0,0.0302734375,0.064453125,0.0019512176513671875,0.19512176513671875,0.4696969696969697,Medium (32²–96² px),Small (16²–32² px)
2018,2018_0325_2018.jpg,1,NOMBO,416,416,173056.0,12.5,27.000000000000004,337.50000000000006,0.030048076923076924,0.06490384615384616,0.0019502357618343198,0.195023576183432,0.4629629629629629,Small (16²–32² px),Small (16²–32² px)
2018,2018_0328_2018.jpg,0,MILCO,1024,1024,1048576.0,21.0,20.0,420.0,0.0205078125,0.01953125,0.000400543212890625,0.0400543212890625,1.05,Small (16²–32² px),Tiny (<16² px)
2018,2018_0329_2018.jpg,0,MILCO,416,416,173056.0,8.5,8.0,68.0,0.020432692307692308,0.019230769230769232,0.0003929363905325444,0.03929363905325444,1.0625,Tiny (<16² px),Tiny (<16² px)
2018,2018_0330_2018.jpg,0,MILCO,1024,1024,1048576.0,35.0,21.0,735.0,0.0341796875,0.0205078125,0.0007009506225585938,0.07009506225585938,1.6666666666666667,Small (16²–32² px),Small (16²–32² px)
2018,2018_0331_2018.jpg,0,MILCO,1024,1024,1048576.0,35.0,21.0,735.0,0.0341796875,0.0205078125,0.0007009506225585938,0.07009506225585938,1.6666666666666667,Small (16²–32² px),Small (16²–32² px)
2018,2018_0331_2018.jpg,0,MILCO,1024,1024,1048576.0,51.0,20.0,1020.0,0.0498046875,0.01953125,0.000972747802734375,0.0972747802734375,2.55,Small (16²–32² px),Small (16²–32² px)
2018,2018_0332_2018.jpg,0,MILCO,416,416,173056.0,20.5,8.0,164.0,0.04927884615384615,0.019230769230769232,0.0009476701183431952,0.09476701183431953,2.5625,Tiny (<16² px),Small (16²–32² px)
2018,2018_0332_2018.jpg,0,MILCO,416,416,173056.0,13.0,9.0,117.0,0.03125,0.021634615384615384,0.0006760817307692308,0.06760817307692307,1.4444444444444444,Tiny (<16² px),Small (16²–32² px)
2018,2018_0333_2018.jpg,0,MILCO,1024,1024,1048576.0,51.0,20.0,1020.0,0.0498046875,0.01953125,0.000972747802734375,0.0972747802734375,2.55,Small (16²–32² px),Small (16²–32² px)
2018,2018_0333_2018.jpg,0,MILCO,1024,1024,1048576.0,32.0,22.0,704.0,0.03125,0.021484375,0.00067138671875,0.067138671875,1.4545454545454546,Small (16²–32² px),Small (16²–32² px)
2018,2018_0334_2018.jpg,0,MILCO,1024,1024,1048576.0,32.0,22.0,704.0,0.03125,0.021484375,0.00067138671875,0.067138671875,1.4545454545454546,Small (16²–32² px),Small (16²–32² px)
2018,2018_0335_2018.jpg,0,MILCO,416,416,173056.0,13.0,9.0,117.0,0.03125,0.021634615384615384,0.0006760817307692308,0.06760817307692307,1.4444444444444444,Tiny (<16² px),Small (16²–32² px)
2018,2018_0336_2018.jpg,0,MILCO,1024,1024,1048576.0,23.0,27.0,621.0,0.0224609375,0.0263671875,0.0005922317504882812,0.059223175048828125,0.8518518518518519,Small (16²–32² px),Tiny (<16² px)
2018,2018_0336_2018.jpg,0,MILCO,1024,1024,1048576.0,26.0,14.0,364.0,0.025390625,0.013671875,0.000347137451171875,0.0347137451171875,1.8571428571428572,Small (16²–32² px),Tiny (<16² px)
2018,2018_0337_2018.jpg,0,MILCO,1024,1024,1048576.0,26.0,11.0,286.0,0.025390625,0.0107421875,0.0002727508544921875,0.02727508544921875,2.3636363636363638,Small (16²–32² px),Tiny (<16² px)
2018,2018_0340_2018.jpg,0,MILCO,416,416,173056.0,14.999999999999998,5.0,74.99999999999999,0.036057692307692304,0.01201923076923077,0.00043338572485207094,0.043338572485207096,2.9999999999999996,Tiny (<16² px),Tiny (<16² px)
2018,2018_0341_2018.jpg,0,MILCO,1024,1024,1048576.0,37.0,12.0,444.0,0.0361328125,0.01171875,0.000423431396484375,0.0423431396484375,3.0833333333333335,Small (16²–32² px),Tiny (<16² px)
2018,2018_0342_2018.jpg,0,MILCO,1024,1024,1048576.0,35.0,31.0,1085.0,0.0341796875,0.0302734375,0.0010347366333007812,0.10347366333007812,1.1290322580645162,Medium (32²–96² px),Small (16²–32² px)
2018,2018_0343_2018.jpg,0,MILCO,416,416,173056.0,14.0,12.5,175.0,0.03365384615384615,0.030048076923076924,0.0010112333579881656,0.10112333579881656,1.12,Tiny (<16² px),Small (16²–32² px)
2018,2018_0344_2018.jpg,1,NOMBO,1024,1024,1048576.0,103.0,36.0,3708.0,0.1005859375,0.03515625,0.003536224365234375,0.3536224365234375,2.861111111111111,Medium (32²–96² px),Medium (32²–96² px)
2018,2018_0344_2018.jpg,0,MILCO,1024,1024,1048576.0,37.0,17.0,629.0,0.0361328125,0.0166015625,0.0005998611450195312,0.059986114501953125,2.176470588235294,Small (16²–32² px),Tiny (<16² px)
2018,2018_0345_2018.jpg,1,NOMBO,416,416,173056.0,42.0,14.5,609.0,0.10096153846153846,0.03485576923076923,0.0035190920857988165,0.35190920857988167,2.896551724137931,Small (16²–32² px),Medium (32²–96² px)
2018,2018_0345_2018.jpg,0,MILCO,416,416,173056.0,14.999999999999998,7.0,104.99999999999999,0.036057692307692304,0.016826923076923076,0.0006067400147928994,0.06067400147928994,2.142857142857143,Tiny (<16² px),Tiny (<16² px)
2018,2018_0358_2018.jpg,0,MILCO,1024,1024,1048576.0,86.0,30.0,2580.0,0.083984375,0.029296875,0.002460479736328125,0.2460479736328125,2.8666666666666667,Medium (32²–96² px),Small (16²–32² px)
2018,2018_0358_2018.jpg,0,MILCO,1024,1024,1048576.0,23.0,17.0,391.0,0.0224609375,0.0166015625,0.00037288665771484375,0.037288665771484375,1.3529411764705883,Small (16²–32² px),Tiny (<16² px)
2018,2018_0358_2018.jpg,0,MILCO,1024,1024,1048576.0,46.0,18.0,828.0,0.044921875,0.017578125,0.000789642333984375,0.0789642333984375,2.5555555555555554,Small (16²–32² px),Small (16²–32² px)
2018,2018_0359_2018.jpg,0,MILCO,416,416,173056.0,35.0,12.0,420.0,0.08413461538461539,0.028846153846153848,0.0024269600591715975,0.24269600591715976,2.9166666666666665,Small (16²–32² px),Small (16²–32² px)
2018,2018_0359_2018.jpg,0,MILCO,416,416,173056.0,9.5,7.0,66.5,0.02283653846153846,0.016826923076923076,0.00038426867603550297,0.038426867603550297,1.3571428571428572,Tiny (<16² px),Tiny (<16² px)
2018,2018_0359_2018.jpg,0,MILCO,416,416,173056.0,18.5,7.499999999999999,138.74999999999997,0.04447115384615385,0.018028846153846152,0.0008017635909763312,0.08017635909763311,2.466666666666667,Tiny (<16² px),Small (16²–32² px)
2018,2018_0362_2018.jpg,0,MILCO,1024,1024,1048576.0,24.0,15.0,360.0,0.0234375,0.0146484375,0.00034332275390625,0.034332275390625,1.6,Small (16²–32² px),Tiny (<16² px)
2018,2018_0363_2018.jpg,0,MILCO,416,416,173056.0,10.0,12.0,120.0,0.02403846153846154,0.028846153846153848,0.0006934171597633136,0.06934171597633136,0.8333333333333334,Tiny (<16² px),Small (16²–32² px)
2018,2018_0364_2018.jpg,0,MILCO,1024,1024,1048576.0,24.0,29.0,696.0,0.0234375,0.0283203125,0.00066375732421875,0.066375732421875,0.8275862068965517,Small (16²–32² px),Small (16²–32² px)
2018,2018_0365_2018.jpg,1,NOMBO,416,416,173056.0,51.0,315.5,16090.5,0.12259615384615384,0.7584134615384616,0.09297857340976332,9.297857340976332,0.16164817749603805,Large (≥96² px),Large (≥96² px)
2018,2018_0365_2018.jpg,0,MILCO,416,416,173056.0,13.0,6.0,78.0,0.03125,0.014423076923076924,0.00045072115384615387,0.045072115384615384,2.1666666666666665,Tiny (<16² px),Tiny (<16² px)
2018,2018_0365_2018.jpg,0,MILCO,416,416,173056.0,56.0,10.0,560.0,0.1346153846153846,0.02403846153846154,0.0032359467455621302,0.32359467455621305,5.6,Small (16²–32² px),Medium (32²–96² px)
2018,2018_0366_2018.jpg,1,NOMBO,1024,1024,1048576.0,125.0,777.0,97125.0,0.1220703125,0.7587890625,0.09262561798095703,9.262561798095703,0.16087516087516088,Large (≥96² px),Large (≥96² px)
2018,2018_0366_2018.jpg,0,MILCO,1024,1024,1048576.0,32.0,15.0,480.0,0.03125,0.0146484375,0.000457763671875,0.0457763671875,2.1333333333333333,Small (16²–32² px),Tiny (<16² px)
2018,2018_0366_2018.jpg,0,MILCO,1024,1024,1048576.0,138.0,25.0,3450.0,0.134765625,0.0244140625,0.0032901763916015625,0.32901763916015625,5.52,Medium (32²–96² px),Medium (32²–96² px)
2018,2018_0367_2018.jpg,0,MILCO,1024,1024,1048576.0,145.0,30.0,4350.0,0.1416015625,0.029296875,0.0041484832763671875,0.41484832763671875,4.833333333333333,Medium (32²–96² px),Medium (32²–96² px)
2018,2018_0367_2018.jpg,0,MILCO,1024,1024,1048576.0,0.0048828125,0.03125,0.000152587890625,4.76837158203125e-06,3.0517578125e-05,1.4551915228366852e-10,1.4551915228366852e-08,0.15625,Tiny (<16² px),Tiny (<16² px)
2018,2018_0368_2018.jpg,0,MILCO,1024,1024,1048576.0,145.0,30.0,4350.0,0.1416015625,0.029296875,0.0041484832763671875,0.41484832763671875,4.833333333333333,Medium (32²–96² px),Medium (32²–96² px)
2018,2018_0368_2018.jpg,0,MILCO,1024,1024,1048576.0,32.0,10.0,320.0,0.03125,0.009765625,0.00030517578125,0.030517578125,3.2,Small (16²–32² px),Tiny (<16² px)
2018,2018_0369_2018.jpg,0,MILCO,1024,1024,1048576.0,19.0,25.0,475.0,0.0185546875,0.0244140625,0.00045299530029296875,0.045299530029296875,0.76,Small (16²–32² px),Tiny (<16² px)
2018,2018_0370_2018.jpg,0,MILCO,416,416,173056.0,7.499999999999999,10.0,74.99999999999999,0.018028846153846152,0.02403846153846154,0.00043338572485207094,0.043338572485207096,0.7499999999999999,Tiny (<16² px),Tiny (<16² px)
2018,2018_0371_2018.jpg,0,MILCO,1024,1024,1048576.0,19.0,25.0,475.0,0.0185546875,0.0244140625,0.00045299530029296875,0.045299530029296875,0.76,Small (16²–32² px),Tiny (<16² px)
2018,2018_0373_2018.jpg,0,MILCO,1024,1024,1048576.0,33.0,17.0,561.0,0.0322265625,0.0166015625,0.0005350112915039062,0.053501129150390625,1.9411764705882353,Small (16²–32² px),Tiny (<16² px)
2018,2018_0374_2018.jpg,0,MILCO,416,416,173056.0,13.500000000000002,7.0,94.50000000000001,0.03245192307692308,0.016826923076923076,0.0005460660133136095,0.05460660133136096,1.9285714285714288,Tiny (<16² px),Tiny (<16² px)
2018,2018_0375_2018.jpg,0,MILCO,1024,1024,1048576.0,33.0,17.0,561.0,0.0322265625,0.0166015625,0.0005350112915039062,0.053501129150390625,1.9411764705882353,Small (16²–32² px),Tiny (<16² px)
2018,2018_0376_2018.jpg,0,MILCO,1024,1024,1048576.0,35.0,17.0,595.0,0.0341796875,0.0166015625,0.0005674362182617188,0.056743621826171875,2.0588235294117645,Small (16²–32² px),Tiny (<16² px)
2018,2018_0377_2018.jpg,0,MILCO,416,416,173056.0,14.0,7.0,98.0,0.03365384615384615,0.016826923076923076,0.0005662906804733727,0.05662906804733728,2.0,Tiny (<16² px),Tiny (<16² px)
2018,2018_0378_2018.jpg,0,MILCO,1024,1024,1048576.0,35.0,17.0,595.0,0.0341796875,0.0166015625,0.0005674362182617188,0.056743621826171875,2.0588235294117645,Small (16²–32² px),Tiny (<16² px)
2018,2018_0379_2018.jpg,0,MILCO,416,416,173056.0,14.0,7.0,98.0,0.03365384615384615,0.016826923076923076,0.0005662906804733727,0.05662906804733728,2.0,Tiny (<16² px),Tiny (<16² px)
2018,2018_0387_2018.jpg,0,MILCO,1024,1024,1048576.0,46.0,20.0,920.0,0.044921875,0.01953125,0.00087738037109375,0.087738037109375,2.3,Small (16²–32² px),Small (16²–32² px)
2018,2018_0388_2018.jpg,0,MILCO,416,416,173056.0,18.5,8.0,148.0,0.04447115384615385,0.019230769230769232,0.0008552144970414201,0.08552144970414202,2.3125,Tiny (<16² px),Small (16²–32² px)
2018,2018_0389_2018.jpg,0,MILCO,1024,1024,1048576.0,46.0,20.0,920.0,0.044921875,0.01953125,0.00087738037109375,0.087738037109375,2.3,Small (16²–32² px),Small (16²–32² px)
2018,2018_0404_2018.jpg,0,MILCO,1024,1024,1048576.0,23.0,13.0,299.0,0.0224609375,0.0126953125,0.00028514862060546875,0.028514862060546875,1.7692307692307692,Small (16²–32² px),Tiny (<16² px)
2018,2018_0404_2018.jpg,1,NOMBO,1024,1024,1048576.0,32.0,22.0,704.0,0.03125,0.021484375,0.00067138671875,0.067138671875,1.4545454545454546,Small (16²–32² px),Small (16²–32² px)
2018,2018_0412_2018.jpg,0,MILCO,416,416,173056.0,8.5,7.499999999999999,63.74999999999999,0.020432692307692308,0.018028846153846152,0.00036837786612426034,0.03683778661242603,1.1333333333333335,Tiny (<16² px),Tiny (<16² px)
2018,2018_0413_2018.jpg,0,MILCO,1024,1024,1048576.0,21.0,18.0,378.0,0.0205078125,0.017578125,0.0003604888916015625,0.03604888916015625,1.1666666666666667,Small (16²–32² px),Tiny (<16² px)
2018,2018_0414_2018.jpg,1,NOMBO,1024,1024,1048576.0,63.0,20.0,1260.0,0.0615234375,0.01953125,0.001201629638671875,0.1201629638671875,3.15,Medium (32²–96² px),Small (16²–32² px)
2018,2018_0415_2018.jpg,1,NOMBO,416,416,173056.0,25.5,8.0,204.0,0.06129807692307692,0.019230769230769232,0.001178809171597633,0.11788091715976332,3.1875,Tiny (<16² px),Small (16²–32² px)
2018,2018_0426_2018.jpg,1,NOMBO,416,416,173056.0,22.0,10.0,220.0,0.052884615384615384,0.02403846153846154,0.0012712647928994083,0.12712647928994084,2.2,Tiny (<16² px),Small (16²–32² px)
2018,2018_0427_2018.jpg,1,NOMBO,1024,1024,1048576.0,54.0,24.0,1296.0,0.052734375,0.0234375,0.0012359619140625,0.12359619140625,2.25,Medium (32²–96² px),Small (16²–32² px)
2018,2018_0428_2018.jpg,0,MILCO,1024,1024,1048576.0,32.0,19.0,608.0,0.03125,0.0185546875,0.000579833984375,0.0579833984375,1.6842105263157894,Small (16²–32² px),Tiny (<16² px)
2018,2018_0429_2018.jpg,0,MILCO,416,416,173056.0,13.0,7.499999999999999,97.49999999999999,0.03125,0.018028846153846152,0.0005634014423076923,0.056340144230769225,1.7333333333333336,Tiny (<16² px),Tiny (<16² px)
2018,2018_0434_2018.jpg,1,NOMBO,416,416,173056.0,25.0,6.0,150.0,0.06009615384615385,0.014423076923076924,0.000866771449704142,0.0866771449704142,4.166666666666667,Tiny (<16² px),Small (16²–32² px)
2018,2018_0434_2018.jpg,0,MILCO,416,416,173056.0,8.5,5.5,46.75,0.020432692307692308,0.013221153846153846,0.0002701437684911243,0.02701437684911243,1.5454545454545454,Tiny (<16² px),Tiny (<16² px)
2018,2018_0435_2018.jpg,1,NOMBO,1024,1024,1048576.0,61.0,15.0,915.0,0.0595703125,0.0146484375,0.0008726119995117188,0.08726119995117188,4.066666666666666,Small (16²–32² px),Small (16²–32² px)
2018,2018_0435_2018.jpg,0,MILCO,1024,1024,1048576.0,21.0,13.0,273.0,0.0205078125,0.0126953125,0.00026035308837890625,0.026035308837890625,1.6153846153846154,Small (16²–32² px),Tiny (<16² px)
2018,2018_0436_2018.jpg,0,MILCO,1024,1024,1048576.0,21.0,13.0,273.0,0.0205078125,0.0126953125,0.00026035308837890625,0.026035308837890625,1.6153846153846154,Small (16²–32² px),Tiny (<16² px)
2018,2018_0437_2018.jpg,0,MILCO,416,416,173056.0,8.5,5.5,46.75,0.020432692307692308,0.013221153846153846,0.0002701437684911243,0.02701437684911243,1.5454545454545454,Tiny (<16² px),Tiny (<16² px)
2018,2018_0440_2018.jpg,1,NOMBO,1024,1024,1048576.0,30.0,20.0,600.0,0.029296875,0.01953125,0.00057220458984375,0.057220458984375,1.5,Small (16²–32² px),Tiny (<16² px)
2018,2018_0441_2018.jpg,0,MILCO,1024,1024,1048576.0,16.0,25.0,400.0,0.015625,0.0244140625,0.0003814697265625,0.03814697265625,0.64,Small (16²–32² px),Tiny (<16² px)
2018,2018_0441_2018.jpg,0,MILCO,1024,1024,1048576.0,26.0,18.0,468.0,0.025390625,0.017578125,0.000446319580078125,0.0446319580078125,1.4444444444444444,Small (16²–32² px),Tiny (<16² px)
2018,2018_0442_2018.jpg,0,MILCO,416,416,173056.0,6.5,10.0,65.0,0.015625,0.02403846153846154,0.00037560096153846156,0.03756009615384616,0.65,Tiny (<16² px),Tiny (<16² px)
2018,2018_0442_2018.jpg,0,MILCO,416,416,173056.0,10.5,7.499999999999999,78.74999999999999,0.025240384615384616,0.018028846153846152,0.0004550550110946745,0.04550550110946745,1.4000000000000001,Tiny (<16² px),Tiny (<16² px)
2018,2018_0443_2018.jpg,0,MILCO,416,416,173056.0,10.5,7.499999999999999,78.74999999999999,0.025240384615384616,0.018028846153846152,0.0004550550110946745,0.04550550110946745,1.4000000000000001,Tiny (<16² px),Tiny (<16² px)
2018,2018_0444_2018.jpg,0,MILCO,1024,1024,1048576.0,26.0,18.0,468.0,0.025390625,0.017578125,0.000446319580078125,0.0446319580078125,1.4444444444444444,Small (16²–32² px),Tiny (<16² px)
2018,2018_0445_2018.jpg,0,MILCO,416,416,173056.0,8.5,8.5,72.25,0.020432692307692308,0.020432692307692308,0.0004174949149408284,0.041749491494082844,1.0,Tiny (<16² px),Tiny (<16² px)
2018,2018_0449_2018.jpg,0,MILCO,416,416,173056.0,11.5,9.0,103.5,0.027644230769230768,0.021634615384615384,0.000598072300295858,0.0598072300295858,1.2777777777777777,Tiny (<16² px),Tiny (<16² px)
2018,2018_0451_2018.jpg,0,MILCO,416,416,173056.0,14.999999999999998,5.0,74.99999999999999,0.036057692307692304,0.01201923076923077,0.00043338572485207094,0.043338572485207096,2.9999999999999996,Tiny (<16² px),Tiny (<16² px)
2018,2018_0452_2018.jpg,1,NOMBO,416,416,173056.0,25.0,18.0,450.0,0.06009615384615385,0.04326923076923077,0.002600314349112426,0.2600314349112426,1.3888888888888888,Small (16²–32² px),Medium (32²–96² px)
2018,2018_0453_2018.jpg,1,NOMBO,416,416,173056.0,21.5,16.0,344.0,0.051682692307692304,0.038461538461538464,0.001987795857988166,0.19877958579881658,1.34375,Small (16²–32² px),Small (16²–32² px)
2018,2018_0454_2018.jpg,1,NOMBO,416,416,173056.0,66.5,35.5,2360.75,0.15985576923076922,0.08533653846153846,0.013641537999260355,1.3641537999260356,1.8732394366197183,Medium (32²–96² px),Medium (32²–96² px)
2018,2018_0455_2018.jpg,0,MILCO,416,416,173056.0,16.0,12.0,192.0,0.038461538461538464,0.028846153846153848,0.0011094674556213018,0.11094674556213018,1.3333333333333333,Tiny (<16² px),Small (16²–32² px)
2018,2018_0455_2018.jpg,0,MILCO,416,416,173056.0,21.5,7.0,150.5,0.051682692307692304,0.016826923076923076,0.0008696606878698225,0.08696606878698225,3.0714285714285716,Tiny (<16² px),Small (16²–32² px)
2018,2018_0456_2018.jpg,1,NOMBO,416,416,173056.0,66.0,36.5,2409.0,0.15865384615384615,0.08774038461538461,0.013920349482248521,1.3920349482248522,1.8082191780821917,Medium (32²–96² px),Medium (32²–96² px)
2018,2018_0457_2018.jpg,1,NOMBO,416,416,173056.0,65.5,29.0,1899.5,0.15745192307692307,0.06971153846153846,0.010976215791420118,1.0976215791420119,2.2586206896551726,Medium (32²–96² px),Medium (32²–96² px)
2018,2018_0458_2018.jpg,1,NOMBO,416,416,173056.0,89.5,47.0,4206.5,0.21514423076923078,0.11298076923076923,0.02430716068786982,2.430716068786982,1.9042553191489362,Medium (32²–96² px),Large (≥96² px)
2018,2018_0458_2018.jpg,1,NOMBO,416,416,173056.0,85.5,47.5,4061.25,0.20552884615384615,0.1141826923076923,0.023467837000739646,2.3467837000739644,1.8,Medium (32²–96² px),Large (≥96² px)
2018,2018_0459_2018.jpg,1,NOMBO,416,416,173056.0,36.5,17.5,638.75,0.08774038461538461,0.042067307692307696,0.0036910017566568047,0.3691001756656805,2.085714285714286,Small (16²–32² px),Medium (32²–96² px)
2018,2018_0460_2018.jpg,1,NOMBO,416,416,173056.0,106.99999999999999,57.5,6152.499999999999,0.25721153846153844,0.13822115384615385,0.03555207562869822,3.555207562869822,1.860869565217391,Medium (32²–96² px),Large (≥96² px)
2018,2018_0460_2018.jpg,1,NOMBO,416,416,173056.0,40.0,12.5,500.0,0.09615384615384616,0.030048076923076924,0.0028892381656804734,0.28892381656804733,3.2,Small (16²–32² px),Medium (32²–96² px)
2018,2018_0460_2018.jpg,1,NOMBO,416,416,173056.0,28.0,14.0,392.0,0.0673076923076923,0.03365384615384615,0.002265162721893491,0.2265162721893491,2.0,Small (16²–32² px),Small (16²–32² px)
2018,2018_0461_2018.jpg,1,NOMBO,416,416,173056.0,29.0,16.0,464.0,0.06971153846153846,0.038461538461538464,0.002681213017751479,0.2681213017751479,1.8125,Small (16²–32² px),Medium (32²–96² px)
2018,2018_0461_2018.jpg,1,NOMBO,416,416,173056.0,46.5,31.499999999999996,1464.7499999999998,0.11177884615384616,0.07572115384615384,0.008464023206360945,0.8464023206360946,1.4761904761904763,Medium (32²–96² px),Medium (32²–96² px)
2018,2018_0462_2018.jpg,1,NOMBO,416,416,173056.0,129.5,59.99999999999999,7769.999999999999,0.3112980769230769,0.14423076923076922,0.04489876109467455,4.489876109467454,2.1583333333333337,Medium (32²–96² px),Large (≥96² px)
2018,2018_0463_2018.jpg,1,NOMBO,416,416,173056.0,74.0,40.5,2997.0,0.1778846153846154,0.09735576923076923,0.017318093565088757,1.7318093565088757,1.8271604938271604,Medium (32²–96² px),Medium (32²–96² px)
2018,2018_0463_2018.jpg,1,NOMBO,416,416,173056.0,41.5,14.5,601.75,0.09975961538461539,0.03485576923076923,0.0034771981323964496,0.34771981323964496,2.8620689655172415,Small (16²–32² px),Medium (32²–96² px)
2018,2018_0464_2018.jpg,0,MILCO,416,416,173056.0,26.0,10.0,260.0,0.0625,0.02403846153846154,0.0015024038461538462,0.15024038461538464,2.6,Small (16²–32² px),Small (16²–32² px)
2018,2018_0481_2018.jpg,1,NOMBO,416,416,173056.0,15.5,11.5,178.25,0.037259615384615384,0.027644230769230768,0.0010300134060650887,0.10300134060650887,1.3478260869565217,Tiny (<16² px),Small (16²–32² px)
2018,2018_0510_2018.jpg,0,MILCO,416,416,173056.0,10.0,5.5,55.0,0.02403846153846154,0.013221153846153846,0.00031781619822485207,0.03178161982248521,1.8181818181818181,Tiny (<16² px),Tiny (<16² px)
2018,2018_0517_2018.jpg,0,MILCO,416,416,173056.0,7.499999999999999,5.0,37.49999999999999,0.018028846153846152,0.01201923076923077,0.00021669286242603547,0.021669286242603548,1.4999999999999998,Tiny (<16² px),Tiny (<16² px)
2018,2018_0517_2018.jpg,0,MILCO,416,416,173056.0,14.0,10.0,140.0,0.03365384615384615,0.02403846153846154,0.0008089866863905326,0.08089866863905326,1.4,Tiny (<16² px),Small (16²–32² px)
2018,2018_0521_2018.jpg,0,MILCO,416,416,173056.0,10.0,7.499999999999999,74.99999999999999,0.02403846153846154,0.018028846153846152,0.00043338572485207094,0.043338572485207096,1.3333333333333335,Tiny (<16² px),Tiny (<16² px)
2021,2021_0001_2021.jpg,0,MILCO,416,416,173056.0,14.5,12.5,181.25,0.03485576923076923,0.030048076923076924,0.0010473488350591716,0.10473488350591716,1.16,Tiny (<16² px),Small (16²–32² px)
2021,2021_0001_2021.jpg,0,MILCO,416,416,173056.0,15.5,19.0,294.5,0.037259615384615384,0.04567307692307692,0.0017017612795857987,0.17017612795857986,0.8157894736842105,Small (16²–32² px),Small (16²–32² px)
2021,2021_0003_2021.jpg,0,MILCO,416,416,173056.0,13.0,14.0,182.0,0.03125,0.03365384615384615,0.0010516826923076923,0.10516826923076923,0.9285714285714286,Tiny (<16² px),Small (16²–32² px)
2021,2021_0003_2021.jpg,0,MILCO,416,416,173056.0,16.5,10.0,165.0,0.039663461538461536,0.02403846153846154,0.0009534485946745562,0.09534485946745562,1.65,Tiny (<16² px),Small (16²–32² px)
2021,2021_0007_2021.jpg,0,MILCO,416,416,173056.0,28.500000000000004,8.5,242.25000000000003,0.06850961538461539,0.020432692307692308,0.0013998358912721896,0.13998358912721895,3.3529411764705888,Tiny (<16² px),Small (16²–32² px)
2021,2021_0007_2021.jpg,0,MILCO,416,416,173056.0,10.5,9.0,94.5,0.025240384615384616,0.021634615384615384,0.0005460660133136094,0.05460660133136094,1.1666666666666667,Tiny (<16² px),Tiny (<16² px)
2021,2021_0008_2021.jpg,0,MILCO,416,416,173056.0,14.5,16.5,239.25,0.03485576923076923,0.039663461538461536,0.0013825004622781065,0.13825004622781065,0.8787878787878788,Tiny (<16² px),Small (16²–32² px)
2021,2021_0008_2021.jpg,0,MILCO,416,416,173056.0,16.5,17.0,280.5,0.039663461538461536,0.040865384615384616,0.0016208626109467455,0.16208626109467456,0.9705882352941176,Small (16²–32² px),Small (16²–32² px)
2021,2021_0008_2021.jpg,0,MILCO,416,416,173056.0,16.5,20.5,338.25,0.039663461538461536,0.04927884615384615,0.0019545696190828403,0.19545696190828404,0.8048780487804879,Small (16²–32² px),Small (16²–32² px)
2021,2021_0009_2021.jpg,0,MILCO,416,416,173056.0,16.5,16.5,272.25,0.039663461538461536,0.039663461538461536,0.0015731901812130178,0.15731901812130178,1.0,Small (16²–32² px),Small (16²–32² px)
2021,2021_0009_2021.jpg,0,MILCO,416,416,173056.0,14.5,19.0,275.5,0.03485576923076923,0.04567307692307692,0.0015919702292899408,0.15919702292899407,0.7631578947368421,Small (16²–32² px),Small (16²–32² px)
2021,2021_0009_2021.jpg,0,MILCO,416,416,173056.0,19.0,13.0,247.0,0.04567307692307692,0.03125,0.0014272836538461538,0.14272836538461536,1.4615384615384615,Tiny (<16² px),Small (16²–32² px)
2021,2021_0010_2021.jpg,0,MILCO,416,416,173056.0,20.5,14.999999999999998,307.49999999999994,0.04927884615384615,0.036057692307692304,0.0017768814718934908,0.17768814718934908,1.366666666666667,Small (16²–32² px),Small (16²–32² px)
2021,2021_0010_2021.jpg,0,MILCO,416,416,173056.0,19.5,9.5,185.25,0.046875,0.02283653846153846,0.0010704627403846155,0.10704627403846155,2.0526315789473686,Tiny (<16² px),Small (16²–32² px)
2021,2021_0010_2021.jpg,0,MILCO,416,416,173056.0,23.0,14.0,322.0,0.055288461538461536,0.03365384615384615,0.0018606693786982248,0.18606693786982248,1.6428571428571428,Small (16²–32² px),Small (16²–32² px)
2021,2021_0011_2021.jpg,0,MILCO,416,416,173056.0,16.5,11.0,181.5,0.039663461538461536,0.026442307692307692,0.0010487934541420119,0.10487934541420119,1.5,Tiny (<16² px),Small (16²–32² px)
2021,2021_0011_2021.jpg,0,MILCO,416,416,173056.0,28.500000000000004,9.5,270.75000000000006,0.06850961538461539,0.02283653846153846,0.0015645224667159767,0.15645224667159766,3.0000000000000004,Small (16²–32² px),Small (16²–32² px)
2021,2021_0011_2021.jpg,0,MILCO,416,416,173056.0,16.5,9.0,148.5,0.039663461538461536,0.021634615384615384,0.0008581037352071006,0.08581037352071007,1.8333333333333333,Tiny (<16² px),Small (16²–32² px)
2021,2021_0012_2021.jpg,0,MILCO,416,416,173056.0,27.000000000000004,12.0,324.00000000000006,0.06490384615384616,0.028846153846153848,0.001872226331360947,0.1872226331360947,2.2500000000000004,Small (16²–32² px),Small (16²–32² px)
2021,2021_0012_2021.jpg,0,MILCO,416,416,173056.0,16.5,13.0,214.5,0.039663461538461536,0.03125,0.001239483173076923,0.1239483173076923,1.2692307692307692,Tiny (<16² px),Small (16²–32² px)
2021,2021_0013_2021.jpg,0,MILCO,416,416,173056.0,19.5,8.5,165.75,0.046875,0.020432692307692308,0.0009577824519230769,0.09577824519230768,2.2941176470588234,Tiny (<16² px),Small (16²–32² px)
2021,2021_0015_2021.jpg,0,MILCO,416,416,173056.0,19.5,14.5,282.75,0.046875,0.03485576923076923,0.0016338641826923077,0.16338641826923078,1.3448275862068966,Small (16²–32² px),Small (16²–32² px)
2021,2021_0016_2021.jpg,0,MILCO,416,416,173056.0,18.5,9.0,166.5,0.04447115384615385,0.021634615384615384,0.0009621163091715977,0.09621163091715977,2.0555555555555554,Tiny (<16² px),Small (16²–32² px)
2021,2021_0016_2021.jpg,0,MILCO,416,416,173056.0,24.5,12.5,306.25,0.05889423076923077,0.030048076923076924,0.00176965837647929,0.176965837647929,1.96,Small (16²–32² px),Small (16²–32² px)
2021,2021_0018_2021.jpg,0,MILCO,416,416,173056.0,38.5,10.5,404.25,0.09254807692307693,0.025240384615384616,0.0023359490569526626,0.23359490569526625,3.6666666666666665,Small (16²–32² px),Small (16²–32² px)
2021,2021_0019_2021.jpg,0,MILCO,416,416,173056.0,13.0,14.5,188.5,0.03125,0.03485576923076923,0.0010892427884615385,0.10892427884615385,0.896551724137931,Tiny (<16² px),Small (16²–32² px)
2021,2021_0020_2021.jpg,0,MILCO,416,416,173056.0,20.5,14.0,287.0,0.04927884615384615,0.03365384615384615,0.0016584227071005917,0.16584227071005916,1.4642857142857142,Small (16²–32² px),Small (16²–32² px)
2021,2021_0020_2021.jpg,0,MILCO,416,416,173056.0,14.5,10.0,145.0,0.03485576923076923,0.02403846153846154,0.0008378790680473373,0.08378790680473373,1.45,Tiny (<16² px),Small (16²–32² px)
2021,2021_0021_2021.jpg,0,MILCO,416,416,173056.0,28.500000000000004,18.0,513.0000000000001,0.06850961538461539,0.04326923076923077,0.0029643583579881663,0.2964358357988166,1.5833333333333335,Small (16²–32² px),Medium (32²–96² px)
2021,2021_0023_2021.jpg,0,MILCO,416,416,173056.0,18.5,14.5,268.25,0.04447115384615385,0.03485576923076923,0.001550076275887574,0.15500762758875739,1.2758620689655173,Small (16²–32² px),Small (16²–32² px)
2021,2021_0024_2021.jpg,0,MILCO,416,416,173056.0,15.5,10.0,155.0,0.037259615384615384,0.02403846153846154,0.0008956638313609468,0.08956638313609468,1.55,Tiny (<16² px),Small (16²–32² px)
2021,2021_0026_2021.jpg,0,MILCO,416,416,173056.0,13.0,12.0,156.0,0.03125,0.028846153846153848,0.0009014423076923077,0.09014423076923077,1.0833333333333333,Tiny (<16² px),Small (16²–32² px)
2021,2021_0027_2021.jpg,0,MILCO,416,416,173056.0,14.5,14.5,210.25,0.03485576923076923,0.03485576923076923,0.001214924648668639,0.12149246486686391,1.0,Tiny (<16² px),Small (16²–32² px)
2021,2021_0028_2021.jpg,0,MILCO,416,416,173056.0,22.5,10.5,236.25,0.054086538461538464,0.025240384615384616,0.0013651650332840238,0.13651650332840237,2.142857142857143,Tiny (<16² px),Small (16²–32² px)
2021,2021_0031_2021.jpg,0,MILCO,416,416,173056.0,21.5,12.5,268.75,0.051682692307692304,0.030048076923076924,0.0015529655140532545,0.15529655140532544,1.72,Small (16²–32² px),Small (16²–32² px)
2021,2021_0032_2021.jpg,0,MILCO,416,416,173056.0,17.0,12.5,212.5,0.040865384615384616,0.030048076923076924,0.0012279262204142013,0.12279262204142012,1.36,Tiny (<16² px),Small (16²–32² px)
2021,2021_0032_2021.jpg,0,MILCO,416,416,173056.0,16.5,11.0,181.5,0.039663461538461536,0.026442307692307692,0.0010487934541420119,0.10487934541420119,1.5,Tiny (<16² px),Small (16²–32² px)
2021,2021_0034_2021.jpg,0,MILCO,416,416,173056.0,16.5,19.0,313.5,0.039663461538461536,0.04567307692307692,0.0018115523298816568,0.1811552329881657,0.868421052631579,Small (16²–32² px),Small (16²–32² px)
2021,2021_0034_2021.jpg,0,MILCO,416,416,173056.0,24.5,12.5,306.25,0.05889423076923077,0.030048076923076924,0.00176965837647929,0.176965837647929,1.96,Small (16²–32² px),Small (16²–32² px)
2021,2021_0035_2021.jpg,0,MILCO,416,416,173056.0,15.5,9.0,139.5,0.037259615384615384,0.021634615384615384,0.0008060974482248521,0.0806097448224852,1.7222222222222223,Tiny (<16² px),Small (16²–32² px)
2021,2021_0035_2021.jpg,0,MILCO,416,416,173056.0,17.5,10.5,183.75,0.042067307692307696,0.025240384615384616,0.001061795025887574,0.10617950258875739,1.6666666666666667,Tiny (<16² px),Small (16²–32² px)
2021,2021_0035_2021.jpg,0,MILCO,416,416,173056.0,24.5,22.0,539.0,0.05889423076923077,0.052884615384615384,0.0031145987426035504,0.31145987426035504,1.1136363636363635,Small (16²–32² px),Medium (32²–96² px)
2021,2021_0037_2021.jpg,0,MILCO,416,416,173056.0,18.5,16.0,296.0,0.04447115384615385,0.038461538461538464,0.0017104289940828403,0.17104289940828404,1.15625,Small (16²–32² px),Small (16²–32² px)
2021,2021_0037_2021.jpg,0,MILCO,416,416,173056.0,9.0,14.0,126.0,0.021634615384615384,0.03365384615384615,0.0007280880177514793,0.07280880177514794,0.6428571428571429,Tiny (<16² px),Small (16²–32² px)
2021,2021_0037_2021.jpg,0,MILCO,416,416,173056.0,14.0,14.5,203.0,0.03365384615384615,0.03485576923076923,0.0011730306952662721,0.11730306952662721,0.9655172413793104,Tiny (<16² px),Small (16²–32² px)
2021,2021_0037_2021.jpg,0,MILCO,416,416,173056.0,32.5,18.5,601.25,0.078125,0.04447115384615385,0.003474308894230769,0.3474308894230769,1.7567567567567568,Small (16²–32² px),Medium (32²–96² px)
2021,2021_0040_2021.jpg,0,MILCO,416,416,173056.0,0.5,1.0,0.5,0.001201923076923077,0.002403846153846154,2.8892381656804733e-06,0.00028892381656804735,0.5,Tiny (<16² px),Tiny (<16² px)
2021,2021_0040_2021.jpg,0,MILCO,416,416,173056.0,18.5,14.0,259.0,0.04447115384615385,0.03365384615384615,0.0014966253698224853,0.14966253698224852,1.3214285714285714,Small (16²–32² px),Small (16²–32² px)
2021,2021_0041_2021.jpg,0,MILCO,416,416,173056.0,19.5,14.0,273.0,0.046875,0.03365384615384615,0.0015775240384615385,0.15775240384615385,1.3928571428571428,Small (16²–32² px),Small (16²–32² px)
